index,train,bucket_key,total_count,anomalous_count,anomalous_fraction,label_any
0,1,1863064,2227,0,0.00000000,0
1,1,1863065,2203,0,0.00000000,0
2,1,1863066,472,0,0.00000000,0
3,1,1863067,147,0,0.00000000,0
4,1,1863068,14,0,0.00000000,0
5,1,1863069,1,0,0.00000000,0
6,1,1863070,170,0,0.00000000,0
7,1,1863071,4608,0,0.00000000,0
8,1,1863072,42,0,0.00000000,0
9,1,1863075,3175,0,0.00000000,0
10,1,1863076,1084,0,0.00000000,0
11,1,1863077,1,0,0.00000000,0
12,1,1863078,148,0,0.00000000,0
13,1,1863079,1,0,0.00000000,0
14,1,1863080,333,0,0.00000000,0
15,1,1863083,37,0,0.00000000,0
16,1,1863085,8,0,0.00000000,0
17,1,1863106,35,0,0.00000000,0
18,1,1863108,18,0,0.00000000,0
19,1,1863109,4,0,0.00000000,0
20,1,1863112,5,0,0.00000000,0
21,1,1863115,2,0,0.00000000,0
22,1,1863116,1024,1020,0.99609375,1
23,1,1863142,512,510,0.99609375,1
24,1,1863143,521,510,0.97888676,1
25,1,1863144,11,0,0.00000000,0
26,1,1863145,2,0,0.00000000,0
27,1,1863150,2,0,0.00000000,0
28,1,1863151,5,0,0.00000000,0
29,1,1863153,3,0,0.00000000,0
30,1,1863154,8,0,0.00000000,0
31,1,1863155,8,0,0.00000000,0
32,1,1863156,2,0,0.00000000,0
33,1,1863157,13,0,0.00000000,0
34,1,1863160,1,0,0.00000000,0
35,1,1863177,2,0,0.00000000,0
36,1,1863185,1,0,0.00000000,0
37,1,1863196,1,0,0.00000000,0
38,1,1863210,1,0,0.00000000,0
39,1,1863211,187,0,0.00000000,0
40,1,1863223,1,0,0.00000000,0
41,1,1863228,79,0,0.00000000,0
42,1,1863230,1,0,0.00000000,0
43,1,1863236,76,0,0.00000000,0
44,1,1863241,1,0,0.00000000,0
45,1,1863243,1,0,0.00000000,0
46,1,1863244,2,0,0.00000000,0
47,1,1863247,112,0,0.00000000,0
48,1,1863254,1,0,0.00000000,0
49,1,1863255,64,0,0.00000000,0
50,1,1863256,25,0,0.00000000,0
51,1,1863257,64,0,0.00000000,0
52,1,1863258,3833,72,0.01878424,1
53,1,1863259,263,4,0.01520913,1
54,1,1863260,1,0,0.00000000,0
55,1,1863261,4096,76,0.01855469,1
56,1,1863262,4098,53,0.01293314,1
57,1,1863263,1,0,0.00000000,0
58,1,1863264,37,0,0.00000000,0
59,1,1863265,4096,49,0.01196289,1
60,1,1863269,179,2,0.01117318,1
61,1,1863284,845,18,0.02130178,1
62,1,1863288,128,0,0.00000000,0
63,1,1863289,8619,8,0.00092818,1
64,1,1863290,2561,0,0.00000000,0
65,1,1863292,2268,0,0.00000000,0
66,1,1863294,2843,0,0.00000000,0
67,1,1863295,3128,0,0.00000000,0
68,1,1863296,2332,0,0.00000000,0
69,1,1863298,5923,2,0.00033767,1
70,1,1863299,477,14,0.02935010,1
71,1,1863300,552,18,0.03260870,1
72,1,1863301,746,10,0.01340483,1
73,1,1863302,1,0,0.00000000,0
74,1,1863303,894,0,0.00000000,0
75,1,1863304,3755,35,0.00932091,1
76,1,1863305,199,0,0.00000000,0
77,1,1863306,3173,45,0.01418216,1
78,1,1863307,2773,65,0.02344032,1
79,1,1863308,2929,29,0.00990099,1
80,1,1863309,7216,69,0.00956208,1
81,1,1863310,10,0,0.00000000,0
82,1,1863312,4321,0,0.00000000,0
83,1,1863313,6299,0,0.00000000,0
84,1,1863314,1913,0,0.00000000,0
85,1,1863315,5311,0,0.00000000,0
86,1,1863316,2884,0,0.00000000,0
87,1,1863318,8192,0,0.00000000,0
88,1,1863319,16,0,0.00000000,0
89,1,1863320,3492,0,0.00000000,0
90,1,1863321,900,0,0.00000000,0
91,1,1863322,43,0,0.00000000,0
92,1,1863323,2,0,0.00000000,0
93,1,1863324,18,0,0.00000000,0
94,1,1863328,3,0,0.00000000,0
95,1,1863329,1,0,0.00000000,0
96,1,1863330,1,0,0.00000000,0
97,1,1863331,1,0,0.00000000,0
98,1,1863332,1,0,0.00000000,0
99,1,1863340,1,0,0.00000000,0
100,1,1863369,1,0,0.00000000,0
101,1,1863370,1,0,0.00000000,0
102,1,1863382,1,0,0.00000000,0
103,1,1863384,1,0,0.00000000,0
104,1,1863399,1,0,0.00000000,0
105,1,1863418,1,0,0.00000000,0
106,1,1863436,1,0,0.00000000,0
107,1,1863445,1,0,0.00000000,0
108,1,1863449,67,0,0.00000000,0
109,1,1863450,4006,0,0.00000000,0
110,1,1863453,304,0,0.00000000,0
111,1,1863454,1,0,0.00000000,0
112,1,1863455,8,0,0.00000000,0
113,1,1863456,10,1,0.10000000,1
114,1,1863457,59,0,0.00000000,0
115,1,1863459,1,0,0.00000000,0
116,1,1863463,23,0,0.00000000,0
117,1,1863464,788,0,0.00000000,0
118,1,1863465,2649,0,0.00000000,0
119,1,1863466,2755,0,0.00000000,0
120,1,1863467,2788,0,0.00000000,0
121,1,1863468,2812,0,0.00000000,0
122,1,1863469,2921,0,0.00000000,0
123,1,1863470,1384,0,0.00000000,0
124,1,1863475,1,0,0.00000000,0
125,1,1863478,2325,0,0.00000000,0
126,1,1863482,18,0,0.00000000,0
127,1,1863483,1,0,0.00000000,0
128,1,1863485,33,0,0.00000000,0
129,1,1863487,2,0,0.00000000,0
130,1,1863488,1004,0,0.00000000,0
131,1,1863489,43,0,0.00000000,0
132,1,1863490,193,0,0.00000000,0
133,1,1863492,866,0,0.00000000,0
134,1,1863493,235,0,0.00000000,0
135,1,1863494,74,0,0.00000000,0
136,1,1863499,65,0,0.00000000,0
137,1,1863501,48,0,0.00000000,0
138,1,1863504,33,0,0.00000000,0
139,1,1863506,10,0,0.00000000,0
140,1,1863507,994,0,0.00000000,0
141,1,1863508,498,0,0.00000000,0
142,1,1863510,22,0,0.00000000,0
143,1,1863511,8,0,0.00000000,0
144,1,1863513,1,0,0.00000000,0
145,1,1863515,213,0,0.00000000,0
146,1,1863517,532,0,0.00000000,0
147,1,1863518,532,4,0.00751880,1
148,1,1863519,516,0,0.00000000,0
149,1,1863520,1323,0,0.00000000,0
150,1,1863521,3453,0,0.00000000,0
151,1,1863522,520,0,0.00000000,0
152,1,1863524,2467,0,0.00000000,0
153,1,1863532,1,0,0.00000000,0
154,1,1863538,2442,0,0.00000000,0
155,1,1863539,1,0,0.00000000,0
156,1,1863540,409,0,0.00000000,0
157,1,1863578,122,0,0.00000000,0
158,1,1863579,46,2,0.04347826,1
159,1,1863582,2918,0,0.00000000,0
160,1,1863583,1410,0,0.00000000,0
161,1,1863584,1,0,0.00000000,0
162,1,1863585,1,0,0.00000000,0
163,1,1863590,54,0,0.00000000,0
164,1,1863591,71,0,0.00000000,0
165,1,1863592,261,0,0.00000000,0
166,1,1863593,8,0,0.00000000,0
167,1,1863595,286,0,0.00000000,0
168,1,1863596,10,0,0.00000000,0
169,1,1863597,57,0,0.00000000,0
170,1,1863598,19,0,0.00000000,0
171,1,1863599,42,0,0.00000000,0
172,1,1863602,1,0,0.00000000,0
173,1,1863603,214,0,0.00000000,0
174,1,1863604,27,0,0.00000000,0
175,1,1863605,10,0,0.00000000,0
176,1,1863608,40,0,0.00000000,0
177,1,1863609,1024,0,0.00000000,0
178,1,1863611,1,0,0.00000000,0
179,1,1863612,10,0,0.00000000,0
180,1,1863613,452,0,0.00000000,0
181,1,1863614,2,0,0.00000000,0
182,1,1863616,72,0,0.00000000,0
183,1,1863618,546,0,0.00000000,0
184,1,1863619,369,0,0.00000000,0
185,1,1863620,4966,0,0.00000000,0
186,1,1863621,4528,0,0.00000000,0
187,1,1863627,17,0,0.00000000,0
188,1,1863628,30,0,0.00000000,0
189,1,1863630,3,3,1.00000000,1
190,1,1863631,2010,0,0.00000000,0
191,1,1863633,19,0,0.00000000,0
192,1,1863637,1,0,0.00000000,0
193,1,1863638,25,0,0.00000000,0
194,1,1863639,4984,0,0.00000000,0
195,1,1863642,249,0,0.00000000,0
196,1,1863643,7,0,0.00000000,0
197,1,1863644,256,0,0.00000000,0
198,1,1863648,256,0,0.00000000,0
199,1,1863655,256,0,0.00000000,0
200,1,1863656,288,0,0.00000000,0
201,1,1863657,48,0,0.00000000,0
202,1,1863658,81,0,0.00000000,0
203,1,1863659,1,0,0.00000000,0
204,1,1863660,34,0,0.00000000,0
205,1,1863661,512,0,0.00000000,0
206,1,1863662,1,0,0.00000000,0
207,1,1863668,16,0,0.00000000,0
208,1,1863669,17,0,0.00000000,0
209,1,1863670,68,0,0.00000000,0
210,1,1863676,1681,0,0.00000000,0
211,1,1863679,3086,0,0.00000000,0
212,1,1863682,1,0,0.00000000,0
213,1,1863684,213,0,0.00000000,0
214,1,1863686,196,0,0.00000000,0
215,1,1863690,1,0,0.00000000,0
216,1,1863691,1,0,0.00000000,0
217,1,1863708,1,0,0.00000000,0
218,1,1863718,181,3,0.01657459,1
219,1,1863724,1,0,0.00000000,0
220,1,1863727,671,0,0.00000000,0
221,1,1863728,309,0,0.00000000,0
222,1,1863729,1,0,0.00000000,0
223,1,1863730,9,0,0.00000000,0
224,1,1863736,2,0,0.00000000,0
225,1,1863739,1,0,0.00000000,0
226,1,1863743,54,0,0.00000000,0
227,1,1863744,245,0,0.00000000,0
228,1,1863747,10,0,0.00000000,0
229,1,1863748,8,0,0.00000000,0
230,1,1863749,8,0,0.00000000,0
231,1,1863750,1,0,0.00000000,0
232,1,1863752,573,0,0.00000000,0
233,1,1863753,368,0,0.00000000,0
234,1,1863754,216,19,0.08796296,1
235,1,1863755,64,0,0.00000000,0
236,1,1863756,9,0,0.00000000,0
237,1,1863757,170,0,0.00000000,0
238,1,1863758,21,0,0.00000000,0
239,1,1863760,502,0,0.00000000,0
240,1,1863762,19,3,0.15789474,1
241,1,1863763,10,1,0.10000000,1
242,1,1863767,40,0,0.00000000,0
243,1,1863769,1,0,0.00000000,0
244,1,1863770,2,0,0.00000000,0
245,1,1863777,19,0,0.00000000,0
246,1,1863778,2,0,0.00000000,0
247,1,1863781,2,0,0.00000000,0
248,1,1863785,1,0,0.00000000,0
249,1,1863786,130,0,0.00000000,0
250,1,1863790,1,0,0.00000000,0
251,1,1863791,1,0,0.00000000,0
252,1,1863797,1,0,0.00000000,0
253,1,1863807,1,0,0.00000000,0
254,1,1863809,305,0,0.00000000,0
255,1,1863811,1,0,0.00000000,0
256,1,1863812,128,124,0.96875000,1
257,1,1863814,2,0,0.00000000,0
258,1,1863816,5124,0,0.00000000,0
259,1,1863820,1457,0,0.00000000,0
260,1,1863822,1,0,0.00000000,0
261,1,1863823,1,0,0.00000000,0
262,1,1863835,1790,0,0.00000000,0
263,1,1863836,4,0,0.00000000,0
264,1,1863844,1,0,0.00000000,0
265,1,1863845,1,0,0.00000000,0
266,1,1863847,1,0,0.00000000,0
267,1,1863849,1,0,0.00000000,0
268,1,1863862,17,0,0.00000000,0
269,1,1863866,10,0,0.00000000,0
270,1,1863867,1,0,0.00000000,0
271,1,1863881,61,0,0.00000000,0
272,1,1863882,12,0,0.00000000,0
273,1,1863887,1,0,0.00000000,0
274,1,1863889,1,0,0.00000000,0
275,1,1863891,6,0,0.00000000,0
276,1,1863892,13,0,0.00000000,0
277,1,1863893,259,0,0.00000000,0
278,1,1863897,1,0,0.00000000,0
279,1,1863899,9,0,0.00000000,0
280,1,1863904,1399,0,0.00000000,0
281,1,1863906,3202,0,0.00000000,0
282,1,1863908,15,0,0.00000000,0
283,1,1863909,8,0,0.00000000,0
284,1,1863910,2,0,0.00000000,0
285,1,1863912,2,0,0.00000000,0
286,1,1863913,256,0,0.00000000,0
287,1,1863915,1,0,0.00000000,0
288,1,1863916,357,0,0.00000000,0
289,1,1863917,345,0,0.00000000,0
290,1,1863918,378,0,0.00000000,0
291,1,1863920,48,2,0.04166667,1
292,1,1863922,69,0,0.00000000,0
293,1,1863923,4122,0,0.00000000,0
294,1,1863924,17,0,0.00000000,0
295,1,1863929,280,0,0.00000000,0
296,1,1863930,2,0,0.00000000,0
297,1,1863932,2,0,0.00000000,0
298,1,1863938,344,0,0.00000000,0
299,1,1863940,47,2,0.04255319,1
300,1,1863942,1,0,0.00000000,0
301,1,1863951,7138,0,0.00000000,0
302,1,1863952,56,0,0.00000000,0
303,1,1863958,1,0,0.00000000,0
304,1,1863960,1,0,0.00000000,0
305,1,1863971,1,0,0.00000000,0
306,1,1863978,1,0,0.00000000,0
307,1,1863990,56,2,0.03571429,1
308,1,1864018,77,0,0.00000000,0
309,1,1864024,2,0,0.00000000,0
310,1,1864032,8,0,0.00000000,0
311,1,1864036,10,0,0.00000000,0
312,1,1864039,5,0,0.00000000,0
313,1,1864042,12,0,0.00000000,0
314,1,1864043,4,0,0.00000000,0
315,1,1864046,5,0,0.00000000,0
316,1,1864048,73,0,0.00000000,0
317,1,1864049,8,0,0.00000000,0
318,1,1864050,72,0,0.00000000,0
319,1,1864051,1025,0,0.00000000,0
320,1,1864052,35,0,0.00000000,0
321,1,1864054,10,0,0.00000000,0
322,1,1864055,2,0,0.00000000,0
323,1,1864060,2,0,0.00000000,0
324,1,1864063,2,0,0.00000000,0
325,1,1864065,2,0,0.00000000,0
326,1,1864069,7,0,0.00000000,0
327,1,1864077,1,0,0.00000000,0
328,1,1864078,5,0,0.00000000,0
329,1,1864098,2,0,0.00000000,0
330,1,1864099,31,0,0.00000000,0
331,1,1864101,1,0,0.00000000,0
332,1,1864104,1,0,0.00000000,0
333,1,1864110,3,0,0.00000000,0
334,1,1864149,2,0,0.00000000,0
335,1,1864170,2,0,0.00000000,0
336,1,1864171,1,0,0.00000000,0
337,1,1864173,3,0,0.00000000,0
338,1,1864180,1,0,0.00000000,0
339,1,1864182,3,0,0.00000000,0
340,1,1864183,32,0,0.00000000,0
341,1,1864184,2,0,0.00000000,0
342,1,1864195,1,0,0.00000000,0
343,1,1864196,3,0,0.00000000,0
344,1,1864197,3,0,0.00000000,0
345,1,1864198,1,0,0.00000000,0
346,1,1864207,1,0,0.00000000,0
347,1,1864208,5,0,0.00000000,0
348,1,1864213,1,0,0.00000000,0
349,1,1864225,926,926,1.00000000,1
350,1,1864226,4138,4138,1.00000000,1
351,1,1864227,4091,4091,1.00000000,1
352,1,1864228,4219,4218,0.99976298,1
353,1,1864229,4254,4254,1.00000000,1
354,1,1864230,4224,4224,1.00000000,1
355,1,1864231,4203,4203,1.00000000,1
356,1,1864232,4126,4125,0.99975763,1
357,1,1864233,3615,3615,1.00000000,1
358,1,1864234,4103,4103,1.00000000,1
359,1,1864235,4051,4051,1.00000000,1
360,1,1864236,4007,4007,1.00000000,1
361,1,1864237,3884,3884,1.00000000,1
362,1,1864238,3970,3578,0.90125945,1
363,1,1864239,3955,3929,0.99342604,1
364,1,1864240,3876,3876,1.00000000,1
365,1,1864241,3617,3617,1.00000000,1
366,1,1864242,3906,3906,1.00000000,1
367,1,1864243,4069,4069,1.00000000,1
368,1,1864244,4023,4023,1.00000000,1
369,1,1864245,3847,3847,1.00000000,1
370,1,1864246,3988,3988,1.00000000,1
371,1,1864247,4015,4015,1.00000000,1
372,1,1864248,4047,4047,1.00000000,1
373,1,1864249,4076,4076,1.00000000,1
374,1,1864250,3959,3959,1.00000000,1
375,1,1864251,3922,3922,1.00000000,1
376,1,1864252,3910,3910,1.00000000,1
377,1,1864253,3933,3933,1.00000000,1
378,1,1864254,3901,3901,1.00000000,1
379,1,1864255,3736,3736,1.00000000,1
380,1,1864256,3927,3927,1.00000000,1
381,1,1864257,4040,4040,1.00000000,1
382,1,1864258,4036,4036,1.00000000,1
383,1,1864259,4035,4035,1.00000000,1
384,1,1864260,4028,4028,1.00000000,1
385,1,1864261,4041,4041,1.00000000,1
386,1,1864262,4033,4033,1.00000000,1
387,1,1864263,3875,3872,0.99922581,1
388,1,1864264,1,0,0.00000000,0
389,1,1864265,1,0,0.00000000,0
390,1,1864266,3,0,0.00000000,0
391,1,1864269,8,0,0.00000000,0
392,1,1864270,234,0,0.00000000,0
393,1,1864272,9,0,0.00000000,0
394,1,1864273,2,0,0.00000000,0
395,1,1864274,10,0,0.00000000,0
396,1,1864275,2,0,0.00000000,0
397,1,1864276,10,0,0.00000000,0
398,1,1864314,1,0,0.00000000,0
399,1,1864324,1,0,0.00000000,0
400,1,1864338,1,0,0.00000000,0
401,1,1864358,1,0,0.00000000,0
402,1,1864367,1,0,0.00000000,0
403,1,1864371,1,0,0.00000000,0
404,1,1864377,1,0,0.00000000,0
405,1,1864379,1,0,0.00000000,0
406,1,1864382,1154,0,0.00000000,0
407,1,1864384,132,0,0.00000000,0
408,1,1864385,1772,0,0.00000000,0
409,1,1864390,75,0,0.00000000,0
410,1,1864404,1,0,0.00000000,0
411,1,1864412,1,0,0.00000000,0
412,1,1864416,2,0,0.00000000,0
413,1,1864417,1,0,0.00000000,0
414,1,1864418,2,0,0.00000000,0
415,1,1864424,46,2,0.04347826,1
416,1,1864438,46,2,0.04347826,1
417,1,1864457,2,0,0.00000000,0
418,1,1864458,124,0,0.00000000,0
419,1,1864464,3,0,0.00000000,0
420,1,1864465,23,0,0.00000000,0
421,1,1864466,44,0,0.00000000,0
422,1,1864469,16,0,0.00000000,0
423,1,1864470,8,0,0.00000000,0
424,1,1864473,2,1,0.50000000,1
425,1,1864477,1,0,0.00000000,0
426,1,1864478,1284,0,0.00000000,0
427,1,1864481,512,0,0.00000000,0
428,1,1864490,1,0,0.00000000,0
429,1,1864496,259,254,0.98069498,1
430,1,1864497,768,762,0.99218750,1
431,1,1864498,8,0,0.00000000,0
432,1,1864499,1016,0,0.00000000,0
433,1,1864500,13,4,0.30769231,1
434,1,1864507,2,0,0.00000000,0
435,1,1864513,8,0,0.00000000,0
436,1,1864515,7184,7156,0.99610245,1
437,1,1864516,18885,9228,0.48864178,1
438,1,1864517,6728,0,0.00000000,0
439,1,1864524,5,0,0.00000000,0
440,1,1864525,5,0,0.00000000,0
441,1,1864526,9,0,0.00000000,0
442,1,1864529,37,0,0.00000000,0
443,1,1864530,1,0,0.00000000,0
444,1,1864531,9,0,0.00000000,0
445,1,1864532,1,0,0.00000000,0
446,1,1864535,5,0,0.00000000,0
447,1,1864551,1,0,0.00000000,0
448,1,1864554,5337,0,0.00000000,0
449,1,1864558,2521,0,0.00000000,0
450,1,1864562,1,0,0.00000000,0
451,1,1864565,1,0,0.00000000,0
452,1,1864596,36,0,0.00000000,0
453,1,1864597,4372,0,0.00000000,0
454,1,1864604,118,0,0.00000000,0
455,1,1864606,264,0,0.00000000,0
456,1,1864608,8792,8788,0.99954504,1
457,1,1864609,18369,7596,0.41352278,1
458,1,1864610,5615,0,0.00000000,0
459,1,1864611,15237,4096,0.26881932,1
460,1,1864612,13121,3773,0.28755430,1
461,1,1864613,30235,16707,0.55257152,1
462,1,1864614,2856,0,0.00000000,0
463,1,1864615,17255,6144,0.35607070,1
464,1,1864616,35112,0,0.00000000,0
465,1,1864617,34525,0,0.00000000,0
466,1,1864618,35319,0,0.00000000,0
467,1,1864619,35015,0,0.00000000,0
468,1,1864620,35154,0,0.00000000,0
469,1,1864621,30193,2048,0.06783029,1
470,1,1864622,19396,0,0.00000000,0
471,1,1864623,7897,0,0.00000000,0
472,1,1864624,1,0,0.00000000,0
473,1,1864626,12,0,0.00000000,0
474,1,1864627,10,0,0.00000000,0
475,1,1864628,8,0,0.00000000,0
476,1,1864635,2,0,0.00000000,0
477,1,1864637,493,0,0.00000000,0
478,1,1864639,382,0,0.00000000,0
479,1,1864640,23,0,0.00000000,0
480,1,1864641,19,0,0.00000000,0
481,1,1864642,4,0,0.00000000,0
482,1,1864644,15,0,0.00000000,0
483,1,1864645,35,0,0.00000000,0
484,1,1864647,58,0,0.00000000,0
485,1,1864648,7,0,0.00000000,0
486,1,1864649,556,0,0.00000000,0
487,1,1864650,596,0,0.00000000,0
488,1,1864651,218,0,0.00000000,0
489,1,1864652,3,0,0.00000000,0
490,1,1864653,4,0,0.00000000,0
491,1,1864655,4,0,0.00000000,0
492,1,1864656,48,0,0.00000000,0
493,1,1864657,8,0,0.00000000,0
494,1,1864658,300,0,0.00000000,0
495,1,1864659,1020,0,0.00000000,0
496,1,1864660,186,0,0.00000000,0
497,1,1864661,51,0,0.00000000,0
498,1,1864662,81,0,0.00000000,0
499,1,1864663,51,0,0.00000000,0
500,1,1864664,16,0,0.00000000,0
501,1,1864665,5,0,0.00000000,0
502,1,1864666,6,0,0.00000000,0
503,1,1864667,14,0,0.00000000,0
504,1,1864669,5,0,0.00000000,0
505,1,1864680,2,0,0.00000000,0
506,1,1864681,335,0,0.00000000,0
507,1,1864682,361,0,0.00000000,0
508,1,1864683,2889,0,0.00000000,0
509,1,1864684,3093,0,0.00000000,0
510,1,1864685,2685,2,0.00074488,1
511,1,1864686,246,0,0.00000000,0
512,1,1864687,2692,0,0.00000000,0
513,1,1864688,2920,0,0.00000000,0
514,1,1864689,2069,0,0.00000000,0
515,1,1864690,3287,0,0.00000000,0
516,1,1864725,1,0,0.00000000,0
517,1,1864733,9,0,0.00000000,0
518,1,1864735,11,0,0.00000000,0
519,1,1864739,2693,0,0.00000000,0
520,1,1864741,54,0,0.00000000,0
521,1,1864742,46,0,0.00000000,0
522,1,1864744,35,0,0.00000000,0
523,1,1864748,326,0,0.00000000,0
524,1,1864752,118,0,0.00000000,0
525,1,1864753,1446,0,0.00000000,0
526,1,1864754,2871,0,0.00000000,0
527,1,1864755,601,0,0.00000000,0
528,1,1864756,2,0,0.00000000,0
529,1,1864758,3,0,0.00000000,0
530,1,1864759,400,0,0.00000000,0
531,1,1864761,408,0,0.00000000,0
532,1,1864762,350,0,0.00000000,0
533,1,1864763,2,0,0.00000000,0
534,1,1864765,1660,0,0.00000000,0
535,1,1864766,1277,0,0.00000000,0
536,1,1864767,633,0,0.00000000,0
537,1,1864768,1,0,0.00000000,0
538,1,1864769,30,0,0.00000000,0
539,1,1864770,251,0,0.00000000,0
540,1,1864775,20,0,0.00000000,0
541,1,1864778,1,0,0.00000000,0
542,1,1864783,2,0,0.00000000,0
543,1,1864785,2,0,0.00000000,0
544,1,1864788,827,0,0.00000000,0
545,1,1864790,9,0,0.00000000,0
546,1,1864791,1,0,0.00000000,0
547,1,1864794,4,0,0.00000000,0
548,1,1864795,6,0,0.00000000,0
549,1,1864796,4,0,0.00000000,0
550,1,1864797,3,0,0.00000000,0
551,1,1864798,6,0,0.00000000,0
552,1,1864799,7,0,0.00000000,0
553,1,1864800,2,0,0.00000000,0
554,1,1864801,4,0,0.00000000,0
555,1,1864802,5,0,0.00000000,0
556,1,1864803,6,0,0.00000000,0
557,1,1864804,3,0,0.00000000,0
558,1,1864805,2,0,0.00000000,0
559,1,1864806,3,0,0.00000000,0
560,1,1864807,4,0,0.00000000,0
561,1,1864808,2,0,0.00000000,0
562,1,1864809,5,0,0.00000000,0
563,1,1864810,4,0,0.00000000,0
564,1,1864811,4,0,0.00000000,0
565,1,1864812,3,0,0.00000000,0
566,1,1864813,4,0,0.00000000,0
567,1,1864814,4,0,0.00000000,0
568,1,1864815,2,0,0.00000000,0
569,1,1864816,6,0,0.00000000,0
570,1,1864817,3,0,0.00000000,0
571,1,1864818,5,0,0.00000000,0
572,1,1864820,4,0,0.00000000,0
573,1,1864821,3,0,0.00000000,0
574,1,1864822,4,0,0.00000000,0
575,1,1864823,3,0,0.00000000,0
576,1,1864824,1,0,0.00000000,0
577,1,1864825,4,0,0.00000000,0
578,1,1864826,5,0,0.00000000,0
579,1,1864827,1,0,0.00000000,0
580,1,1864828,3,0,0.00000000,0
581,1,1864829,2,0,0.00000000,0
582,1,1864830,6,0,0.00000000,0
583,1,1864831,26,0,0.00000000,0
584,1,1864832,4,0,0.00000000,0
585,1,1864833,2,0,0.00000000,0
586,1,1864834,2,0,0.00000000,0
587,1,1864835,5,0,0.00000000,0
588,1,1864836,689,177,0.25689405,1
589,1,1864838,1,0,0.00000000,0
590,1,1864839,8,0,0.00000000,0
591,1,1864840,5,0,0.00000000,0
592,1,1864841,3,0,0.00000000,0
593,1,1864842,5,0,0.00000000,0
594,1,1864843,3,0,0.00000000,0
595,1,1864844,6,0,0.00000000,0
596,1,1864845,3,0,0.00000000,0
597,1,1864846,3,0,0.00000000,0
598,1,1864847,2,0,0.00000000,0
599,1,1864848,2,0,0.00000000,0
600,1,1864850,7,0,0.00000000,0
601,1,1864851,2,0,0.00000000,0
602,1,1864852,4616,0,0.00000000,0
603,1,1864853,1110,0,0.00000000,0
604,1,1864854,1,0,0.00000000,0
605,1,1864859,3820,0,0.00000000,0
606,1,1864860,2580,0,0.00000000,0
607,1,1864861,15,0,0.00000000,0
608,1,1864879,712,0,0.00000000,0
609,1,1864880,3,0,0.00000000,0
610,1,1864882,6,0,0.00000000,0
611,1,1864888,7,0,0.00000000,0
612,1,1864891,2,0,0.00000000,0
613,1,1864892,2,0,0.00000000,0
614,1,1864896,10,0,0.00000000,0
615,1,1864897,35,0,0.00000000,0
616,1,1864898,21,0,0.00000000,0
617,1,1864900,2,0,0.00000000,0
618,1,1864902,18,0,0.00000000,0
619,1,1864903,14,0,0.00000000,0
620,1,1864904,52,0,0.00000000,0
621,1,1864905,114,0,0.00000000,0
622,1,1864906,22,0,0.00000000,0
623,1,1864907,75,0,0.00000000,0
624,1,1864908,17,0,0.00000000,0
625,1,1864909,64,0,0.00000000,0
626,1,1864910,58,0,0.00000000,0
627,1,1864911,44,0,0.00000000,0
628,1,1864912,34,0,0.00000000,0
629,1,1864913,11,0,0.00000000,0
630,1,1864915,6,0,0.00000000,0
631,1,1864916,30,0,0.00000000,0
632,1,1864917,43,0,0.00000000,0
633,1,1864918,56,0,0.00000000,0
634,1,1864919,33,0,0.00000000,0
635,1,1864922,16,0,0.00000000,0
636,1,1864924,13,0,0.00000000,0
637,1,1864926,14,0,0.00000000,0
638,1,1864928,24,0,0.00000000,0
639,1,1864929,2,0,0.00000000,0
640,1,1864931,1536,1530,0.99609375,1
641,1,1864932,514,510,0.99221790,1
642,1,1864934,229,0,0.00000000,0
643,1,1864935,2110,0,0.00000000,0
644,1,1864936,1984,0,0.00000000,0
645,1,1864937,910,0,0.00000000,0
646,1,1864939,148,0,0.00000000,0
647,1,1864940,2128,0,0.00000000,0
648,1,1864941,996,0,0.00000000,0
649,1,1864943,1,0,0.00000000,0
650,1,1864945,3,0,0.00000000,0
651,1,1864946,5,0,0.00000000,0
652,1,1864947,8,0,0.00000000,0
653,1,1864948,16,0,0.00000000,0
654,1,1864949,23,0,0.00000000,0
655,1,1864950,11,0,0.00000000,0
656,1,1864951,2,0,0.00000000,0
657,1,1864961,1,0,0.00000000,0
658,1,1864972,1,0,0.00000000,0
659,1,1864982,229,3,0.01310044,1
660,1,1865028,1,0,0.00000000,0
661,1,1865030,3,0,0.00000000,0
662,1,1865031,1,0,0.00000000,0
663,1,1865033,1,0,0.00000000,0
664,1,1865036,2,0,0.00000000,0
665,1,1865037,72,0,0.00000000,0
666,1,1865038,3,0,0.00000000,0
667,1,1865039,3,0,0.00000000,0
668,1,1865040,6,0,0.00000000,0
669,1,1865041,3,0,0.00000000,0
670,1,1865042,2,0,0.00000000,0
671,1,1865043,4,0,0.00000000,0
672,1,1865044,8,0,0.00000000,0
673,1,1865045,8,0,0.00000000,0
674,1,1865046,4,0,0.00000000,0
675,1,1865047,4,0,0.00000000,0
676,1,1865048,2,0,0.00000000,0
677,1,1865049,3,0,0.00000000,0
678,1,1865050,2,0,0.00000000,0
679,1,1865051,1,0,0.00000000,0
680,1,1865052,3,0,0.00000000,0
681,1,1865053,2,0,0.00000000,0
682,1,1865054,2,0,0.00000000,0
683,1,1865055,2,0,0.00000000,0
684,1,1865056,3,0,0.00000000,0
685,1,1865057,1,0,0.00000000,0
686,1,1865058,5,0,0.00000000,0
687,1,1865059,4,0,0.00000000,0
688,1,1865060,2,0,0.00000000,0
689,1,1865062,4,0,0.00000000,0
690,1,1865063,2,0,0.00000000,0
691,1,1865064,4,0,0.00000000,0
692,1,1865065,3,0,0.00000000,0
693,1,1865066,2,0,0.00000000,0
694,1,1865067,15,0,0.00000000,0
695,1,1865068,12,0,0.00000000,0
696,1,1865069,7,0,0.00000000,0
697,1,1865070,3,0,0.00000000,0
698,1,1865071,3,0,0.00000000,0
699,1,1865072,4,0,0.00000000,0
700,1,1865073,3,0,0.00000000,0
701,1,1865074,4,0,0.00000000,0
702,1,1865075,9,2,0.22222222,1
703,1,1865076,4,0,0.00000000,0
704,1,1865077,3,0,0.00000000,0
705,1,1865078,4,0,0.00000000,0
706,1,1865079,4,0,0.00000000,0
707,1,1865080,3,0,0.00000000,0
708,1,1865081,1,0,0.00000000,0
709,1,1865082,2,0,0.00000000,0
710,1,1865083,4,0,0.00000000,0
711,1,1865084,4,0,0.00000000,0
712,1,1865085,6,0,0.00000000,0
713,1,1865086,5,0,0.00000000,0
714,1,1865087,5,0,0.00000000,0
715,1,1865088,7,0,0.00000000,0
716,1,1865089,2,0,0.00000000,0
717,1,1865090,5,0,0.00000000,0
718,1,1865091,6,0,0.00000000,0
719,1,1865092,3551,0,0.00000000,0
720,1,1865095,1,0,0.00000000,0
721,1,1865099,1,0,0.00000000,0
722,1,1865100,1,0,0.00000000,0
723,1,1865101,3,0,0.00000000,0
724,1,1865102,2,0,0.00000000,0
725,1,1865103,1,0,0.00000000,0
726,1,1865105,2,0,0.00000000,0
727,1,1865108,1,0,0.00000000,0
728,1,1865109,1,0,0.00000000,0
729,1,1865115,211,2,0.00947867,1
730,1,1865118,1,0,0.00000000,0
731,1,1865132,1,0,0.00000000,0
732,1,1865140,46,2,0.04347826,1
733,1,1865148,1,0,0.00000000,0
734,1,1865172,1238,0,0.00000000,0
735,1,1865173,31,0,0.00000000,0
736,1,1865178,21,0,0.00000000,0
737,1,1865179,19,0,0.00000000,0
738,1,1865182,7,0,0.00000000,0
739,1,1865183,2,0,0.00000000,0
740,1,1865186,2,0,0.00000000,0
741,1,1865187,2,0,0.00000000,0
742,1,1865192,2,0,0.00000000,0
743,1,1865193,2,0,0.00000000,0
744,1,1865197,2,0,0.00000000,0
745,1,1865207,1,0,0.00000000,0
746,1,1865209,1,0,0.00000000,0
747,1,1865211,2,0,0.00000000,0
748,1,1865217,1,0,0.00000000,0
749,1,1865218,1,0,0.00000000,0
750,1,1865226,2,0,0.00000000,0
751,1,1865228,1,0,0.00000000,0
752,1,1865236,1,0,0.00000000,0
753,1,1865249,1,0,0.00000000,0
754,1,1865252,3911,0,0.00000000,0
755,1,1865253,3,1,0.33333333,1
756,1,1865277,3171,0,0.00000000,0
757,1,1865285,2,0,0.00000000,0
758,1,1865286,4,0,0.00000000,0
759,1,1865287,2,0,0.00000000,0
760,1,1865288,2,0,0.00000000,0
761,1,1865295,22,0,0.00000000,0
762,1,1865301,10,0,0.00000000,0
763,1,1865325,1,0,0.00000000,0
764,1,1865326,1,0,0.00000000,0
765,1,1865327,1,0,0.00000000,0
766,1,1865328,1,0,0.00000000,0
767,1,1865330,1,0,0.00000000,0
768,1,1865336,2,0,0.00000000,0
769,1,1865360,137,2,0.01459854,1
770,1,1865361,1,0,0.00000000,0
771,1,1865374,1,0,0.00000000,0
772,1,1865426,270,2,0.00740741,1
773,1,1865428,768,762,0.99218750,1
774,1,1865461,306,0,0.00000000,0
775,1,1865463,2,0,0.00000000,0
776,1,1865467,136,0,0.00000000,0
777,1,1865468,228,0,0.00000000,0
778,1,1865469,75,0,0.00000000,0
779,1,1865470,73,0,0.00000000,0
780,1,1865477,1,0,0.00000000,0
781,1,1865478,3,0,0.00000000,0
782,1,1865480,1,0,0.00000000,0
783,1,1865481,1,0,0.00000000,0
784,1,1865482,5,0,0.00000000,0
785,1,1865483,17,0,0.00000000,0
786,1,1865484,2519,0,0.00000000,0
787,1,1865485,13893,0,0.00000000,0
788,1,1865486,8,0,0.00000000,0
789,1,1865488,13,0,0.00000000,0
790,1,1865491,7,0,0.00000000,0
791,1,1865493,37,0,0.00000000,0
792,1,1865500,256,0,0.00000000,0
793,1,1865501,19,0,0.00000000,0
794,1,1865502,11,0,0.00000000,0
795,1,1865503,4,0,0.00000000,0
796,1,1865505,40,0,0.00000000,0
797,1,1865506,1063,0,0.00000000,0
798,1,1865507,74,0,0.00000000,0
799,1,1865508,11,0,0.00000000,0
800,1,1865509,13,0,0.00000000,0
801,1,1865510,7,0,0.00000000,0
802,1,1865511,16,0,0.00000000,0
803,1,1865512,11,0,0.00000000,0
804,1,1865516,1030,0,0.00000000,0
805,1,1865517,67,2,0.02985075,1
806,1,1865519,6,0,0.00000000,0
807,1,1865521,4,0,0.00000000,0
808,1,1865522,10,0,0.00000000,0
809,1,1865524,10,0,0.00000000,0
810,1,1865525,2,0,0.00000000,0
811,1,1865526,2,0,0.00000000,0
812,1,1865528,8,0,0.00000000,0
813,1,1865529,11,0,0.00000000,0
814,1,1865530,4,0,0.00000000,0
815,1,1865532,514,256,0.49805447,1
816,1,1865533,2,0,0.00000000,0
817,1,1865534,274,0,0.00000000,0
818,1,1865535,2,0,0.00000000,0
819,1,1865538,2,0,0.00000000,0
820,1,1865541,311,0,0.00000000,0
821,1,1865544,1,0,0.00000000,0
822,1,1865545,1498,0,0.00000000,0
823,1,1865546,26,0,0.00000000,0
824,1,1865547,2,0,0.00000000,0
825,1,1865548,128,0,0.00000000,0
826,1,1865549,4,0,0.00000000,0
827,1,1865550,7,0,0.00000000,0
828,1,1865553,11,0,0.00000000,0
829,1,1865559,26,0,0.00000000,0
830,1,1865560,3,0,0.00000000,0
831,1,1865561,10,0,0.00000000,0
832,1,1865564,16,0,0.00000000,0
833,1,1865566,123,3,0.02439024,1
834,1,1865589,1,0,0.00000000,0
835,1,1865600,81,0,0.00000000,0
836,1,1865605,16,0,0.00000000,0
837,1,1865606,16,0,0.00000000,0
838,1,1865607,18,0,0.00000000,0
839,1,1865608,18,0,0.00000000,0
840,1,1865609,727,0,0.00000000,0
841,1,1865610,671,0,0.00000000,0
842,1,1865611,130,0,0.00000000,0
843,1,1865612,7,0,0.00000000,0
844,1,1865614,6,0,0.00000000,0
845,1,1865628,1,0,0.00000000,0
846,1,1865629,8226,0,0.00000000,0
847,1,1865630,30,0,0.00000000,0
848,1,1865631,18,0,0.00000000,0
849,1,1865632,14,0,0.00000000,0
850,1,1865633,28,0,0.00000000,0
851,1,1865634,17,0,0.00000000,0
852,1,1865635,11,0,0.00000000,0
853,1,1865636,22,0,0.00000000,0
854,1,1865637,35,0,0.00000000,0
855,1,1865638,14,0,0.00000000,0
856,1,1865639,320,0,0.00000000,0
857,1,1865641,12,0,0.00000000,0
858,1,1865645,1,0,0.00000000,0
859,1,1865649,7,0,0.00000000,0
860,1,1865655,1,0,0.00000000,0
861,1,1865658,9,0,0.00000000,0
862,1,1865662,8,0,0.00000000,0
863,1,1865666,8,0,0.00000000,0
864,1,1865667,32,0,0.00000000,0
865,1,1865668,104,0,0.00000000,0
866,1,1865669,16,0,0.00000000,0
867,1,1865670,104,0,0.00000000,0
868,1,1865671,32,0,0.00000000,0
869,1,1865676,17,0,0.00000000,0
870,1,1865677,3,0,0.00000000,0
871,1,1865687,2,0,0.00000000,0
872,1,1865688,8,0,0.00000000,0
873,1,1865689,551,0,0.00000000,0
874,1,1865690,9,0,0.00000000,0
875,1,1865691,2,0,0.00000000,0
876,1,1865692,8,0,0.00000000,0
877,1,1865693,3,0,0.00000000,0
878,1,1865697,206,0,0.00000000,0
879,1,1865698,206,0,0.00000000,0
880,1,1865699,86,0,0.00000000,0
881,1,1865703,2,0,0.00000000,0
882,1,1865706,1,0,0.00000000,0
883,1,1865709,5,0,0.00000000,0
884,1,1865710,2,0,0.00000000,0
885,1,1865748,512,0,0.00000000,0
886,1,1865749,13,0,0.00000000,0
887,1,1865750,1,0,0.00000000,0
888,1,1865751,178,0,0.00000000,0
889,1,1865752,130,0,0.00000000,0
890,1,1865755,1,0,0.00000000,0
891,1,1865758,156,0,0.00000000,0
892,1,1865759,9,0,0.00000000,0
893,1,1865760,51,0,0.00000000,0
894,1,1865762,263,128,0.48669202,1
895,1,1865763,8,0,0.00000000,0
896,1,1865765,8,0,0.00000000,0
897,1,1865766,4,0,0.00000000,0
898,1,1865770,30,0,0.00000000,0
899,1,1865771,10,0,0.00000000,0
900,1,1865772,16,0,0.00000000,0
901,1,1865773,1,0,0.00000000,0
902,1,1865774,9,0,0.00000000,0
903,1,1865776,8,0,0.00000000,0
904,1,1865777,58,0,0.00000000,0
905,1,1865778,131,0,0.00000000,0
906,1,1865780,1,0,0.00000000,0
907,1,1865788,32,0,0.00000000,0
908,1,1865791,512,0,0.00000000,0
909,1,1865792,1435,0,0.00000000,0
910,1,1865793,614,0,0.00000000,0
911,1,1865795,512,0,0.00000000,0
912,1,1865797,456,0,0.00000000,0
913,1,1865798,7843,0,0.00000000,0
914,1,1865799,1,0,0.00000000,0
915,1,1865800,2048,0,0.00000000,0
916,1,1865801,10,0,0.00000000,0
917,1,1865802,1024,0,0.00000000,0
918,1,1865803,4098,0,0.00000000,0
919,1,1865804,1,0,0.00000000,0
920,1,1865809,514,0,0.00000000,0
921,1,1865812,115,0,0.00000000,0
922,1,1865814,190,0,0.00000000,0
923,1,1865817,20,0,0.00000000,0
924,1,1865832,60,0,0.00000000,0
925,1,1865838,28,0,0.00000000,0
926,1,1865839,7,0,0.00000000,0
927,1,1865850,96,0,0.00000000,0
928,1,1865851,192,0,0.00000000,0
929,1,1865852,64,0,0.00000000,0
930,1,1865858,1,0,0.00000000,0
931,1,1865869,11,0,0.00000000,0
932,1,1865870,1,0,0.00000000,0
933,1,1865871,1,0,0.00000000,0
934,1,1865872,4,0,0.00000000,0
935,1,1865878,181,0,0.00000000,0
936,1,1865879,46,0,0.00000000,0
937,1,1865880,1,0,0.00000000,0
938,1,1865882,1,0,0.00000000,0
939,1,1865883,1,0,0.00000000,0
940,1,1865885,1,0,0.00000000,0
941,1,1865889,46,2,0.04347826,1
942,1,1865893,91,0,0.00000000,0
943,1,1865899,7,0,0.00000000,0
944,1,1865900,1,0,0.00000000,0
945,1,1865901,5,0,0.00000000,0
946,1,1865902,4,0,0.00000000,0
947,1,1865904,1,0,0.00000000,0
948,1,1865909,1026,0,0.00000000,0
949,1,1865911,1,0,0.00000000,0
950,1,1865912,512,0,0.00000000,0
951,1,1865914,17,0,0.00000000,0
952,1,1865915,512,0,0.00000000,0
953,1,1865918,4,0,0.00000000,0
954,1,1865919,1,0,0.00000000,0
955,1,1865920,5,0,0.00000000,0
956,1,1865926,5,0,0.00000000,0
957,1,1865928,1,0,0.00000000,0
958,1,1865931,8,0,0.00000000,0
959,1,1865933,7,0,0.00000000,0
960,1,1865935,2,0,0.00000000,0
961,1,1865939,1,0,0.00000000,0
962,1,1865941,513,0,0.00000000,0
963,1,1865942,1028,0,0.00000000,0
964,1,1865943,512,0,0.00000000,0
965,1,1865944,512,0,0.00000000,0
966,1,1865945,1024,0,0.00000000,0
967,1,1865946,512,0,0.00000000,0
968,1,1865948,1024,0,0.00000000,0
969,1,1865950,2048,0,0.00000000,0
970,1,1865951,1,0,0.00000000,0
971,1,1865952,4128,16,0.00387597,1
972,1,1865953,2054,0,0.00000000,0
973,1,1865954,2054,0,0.00000000,0
974,1,1865955,8,0,0.00000000,0
975,1,1865957,6,0,0.00000000,0
976,1,1865960,64,0,0.00000000,0
977,1,1865961,1,0,0.00000000,0
978,1,1865962,3,0,0.00000000,0
979,1,1865963,1,0,0.00000000,0
980,1,1865976,1,0,0.00000000,0
981,1,1865979,515,0,0.00000000,0
982,1,1865982,512,0,0.00000000,0
983,1,1865983,32,0,0.00000000,0
984,1,1865987,7,0,0.00000000,0
985,1,1865995,1,0,0.00000000,0
986,1,1865996,85,0,0.00000000,0
987,1,1866004,1,0,0.00000000,0
988,1,1866005,1,0,0.00000000,0
989,1,1866024,16,0,0.00000000,0
990,1,1866028,1,0,0.00000000,0
991,1,1866034,1,0,0.00000000,0
992,1,1866037,134,0,0.00000000,0
993,1,1866041,970,0,0.00000000,0
994,1,1866042,51,0,0.00000000,0
995,1,1866043,262,0,0.00000000,0
996,1,1866044,290,0,0.00000000,0
997,1,1866046,4,0,0.00000000,0
998,1,1866047,2,0,0.00000000,0
999,1,1866048,15,0,0.00000000,0
1000,1,1866049,4,0,0.00000000,0
1001,1,1866054,23,0,0.00000000,0
1002,1,1866055,1,0,0.00000000,0
1003,1,1866056,7,0,0.00000000,0
1004,1,1866058,11,0,0.00000000,0
1005,1,1866061,12,0,0.00000000,0
1006,1,1866062,3,0,0.00000000,0
1007,1,1866063,373,0,0.00000000,0
1008,1,1866066,7,0,0.00000000,0
1009,1,1866069,9,0,0.00000000,0
1010,1,1866077,2,0,0.00000000,0
1011,1,1866079,2,0,0.00000000,0
1012,1,1866082,512,0,0.00000000,0
1013,1,1866087,7,0,0.00000000,0
1014,1,1866091,20,0,0.00000000,0
1015,1,1866093,6,0,0.00000000,0
1016,1,1866097,32,0,0.00000000,0
1017,1,1866098,32,0,0.00000000,0
1018,1,1866099,32,0,0.00000000,0
1019,1,1866100,32,0,0.00000000,0
1020,1,1866101,1,0,0.00000000,0
1021,1,1866103,3,0,0.00000000,0
1022,1,1866109,1,0,0.00000000,0
1023,1,1866110,86,0,0.00000000,0
1024,1,1866118,513,0,0.00000000,0
1025,1,1866119,1,0,0.00000000,0
1026,1,1866121,1,0,0.00000000,0
1027,1,1866128,1,0,0.00000000,0
1028,1,1866129,123,0,0.00000000,0
1029,1,1866130,2,0,0.00000000,0
1030,1,1866131,2,0,0.00000000,0
1031,1,1866133,2,0,0.00000000,0
1032,1,1866134,120,0,0.00000000,0
1033,1,1866139,9,0,0.00000000,0
1034,1,1866141,36,0,0.00000000,0
1035,1,1866142,4,0,0.00000000,0
1036,1,1866144,2,0,0.00000000,0
1037,1,1866145,9,0,0.00000000,0
1038,1,1866147,3,0,0.00000000,0
1039,1,1866148,44,0,0.00000000,0
1040,1,1866149,32,0,0.00000000,0
1041,1,1866150,128,0,0.00000000,0
1042,1,1866154,2,0,0.00000000,0
1043,1,1866156,512,0,0.00000000,0
1044,1,1866158,8199,0,0.00000000,0
1045,1,1866159,16388,0,0.00000000,0
1046,1,1866161,6,0,0.00000000,0
1047,1,1866167,1,0,0.00000000,0
1048,1,1866171,60,0,0.00000000,0
1049,1,1866176,3,0,0.00000000,0
1050,1,1866179,2,0,0.00000000,0
1051,1,1866185,5,0,0.00000000,0
1052,1,1866190,2,0,0.00000000,0
1053,1,1866191,10334,0,0.00000000,0
1054,1,1866192,19305,0,0.00000000,0
1055,0,1866193,7888,0,0.00000000,0
1056,0,1866204,19,0,0.00000000,0
1057,0,1866207,4,0,0.00000000,0
1058,0,1866208,12564,0,0.00000000,0
1059,0,1866209,3041,0,0.00000000,0
1060,0,1866210,11223,0,0.00000000,0
1061,0,1866211,5171,0,0.00000000,0
1062,0,1866213,3,0,0.00000000,0
1063,0,1866218,14,0,0.00000000,0
1064,0,1866222,2,0,0.00000000,0
1065,0,1866225,11,0,0.00000000,0
1066,0,1866227,550,0,0.00000000,0
1067,0,1866237,13,0,0.00000000,0
1068,0,1866238,16,0,0.00000000,0
1069,0,1866240,12,0,0.00000000,0
1070,0,1866258,3,0,0.00000000,0
1071,0,1866259,15,0,0.00000000,0
1072,0,1866260,10,0,0.00000000,0
1073,0,1866261,5,0,0.00000000,0
1074,0,1866263,5,0,0.00000000,0
1075,0,1866264,13,0,0.00000000,0
1076,0,1866265,2,0,0.00000000,0
1077,0,1866266,42,0,0.00000000,0
1078,0,1866268,4,0,0.00000000,0
1079,0,1866269,5,0,0.00000000,0
1080,0,1866270,138,0,0.00000000,0
1081,0,1866271,19,0,0.00000000,0
1082,0,1866276,1,0,0.00000000,0
1083,0,1866277,1,0,0.00000000,0
1084,0,1866280,1,0,0.00000000,0
1085,0,1866285,1,0,0.00000000,0
1086,0,1866289,2,0,0.00000000,0
1087,0,1866320,1,0,0.00000000,0
1088,0,1866322,1,0,0.00000000,0
1089,0,1866329,2,0,0.00000000,0
1090,0,1866330,10,0,0.00000000,0
1091,0,1866332,620,0,0.00000000,0
1092,0,1866333,2,0,0.00000000,0
1093,0,1866335,64,0,0.00000000,0
1094,0,1866336,1180,0,0.00000000,0
1095,0,1866337,2133,0,0.00000000,0
1096,0,1866338,16599,0,0.00000000,0
1097,0,1866339,16329,0,0.00000000,0
1098,0,1866340,4348,0,0.00000000,0
1099,0,1866341,2,0,0.00000000,0
1100,0,1866342,512,0,0.00000000,0
1101,0,1866343,2,0,0.00000000,0
1102,0,1866344,4749,0,0.00000000,0
1103,0,1866345,16614,0,0.00000000,0
1104,0,1866346,2,0,0.00000000,0
1105,0,1866348,2,0,0.00000000,0
1106,0,1866349,406,0,0.00000000,0
1107,0,1866350,172,0,0.00000000,0
1108,0,1866351,282,0,0.00000000,0
1109,0,1866358,1,0,0.00000000,0
1110,0,1866361,1,0,0.00000000,0
1111,0,1866376,208,1,0.00480769,1
1112,0,1866378,162,0,0.00000000,0
1113,0,1866379,41,0,0.00000000,0
1114,0,1866382,61,0,0.00000000,0
1115,0,1866385,2,0,0.00000000,0
1116,0,1866422,687,0,0.00000000,0
1117,0,1866431,279,0,0.00000000,0
1118,0,1866432,160,0,0.00000000,0
1119,0,1866435,3,0,0.00000000,0
1120,0,1866440,1,0,0.00000000,0
1121,0,1866450,1,0,0.00000000,0
1122,0,1866453,1,0,0.00000000,0
1123,0,1866455,1,0,0.00000000,0
1124,0,1866460,1,0,0.00000000,0
1125,0,1866464,1,0,0.00000000,0
1126,0,1866466,2,0,0.00000000,0
1127,0,1866468,1269,0,0.00000000,0
1128,0,1866477,246,0,0.00000000,0
1129,0,1866478,501,0,0.00000000,0
1130,0,1866494,524,0,0.00000000,0
1131,0,1866495,1332,0,0.00000000,0
1132,0,1866497,32,0,0.00000000,0
1133,0,1866504,7,0,0.00000000,0
1134,0,1866505,17,0,0.00000000,0
1135,0,1866507,525,0,0.00000000,0
1136,0,1866508,1102,0,0.00000000,0
1137,0,1866509,6,0,0.00000000,0
1138,0,1866510,328,0,0.00000000,0
1139,0,1866511,2,0,0.00000000,0
1140,0,1866524,1,0,0.00000000,0
1141,0,1866526,114,0,0.00000000,0
1142,0,1866527,262,0,0.00000000,0
1143,0,1866528,158,0,0.00000000,0
1144,0,1866539,2,0,0.00000000,0
1145,0,1866543,1,0,0.00000000,0
1146,0,1866548,1,0,0.00000000,0
1147,0,1866550,75,0,0.00000000,0
1148,0,1866556,1,0,0.00000000,0
1149,0,1866559,94,0,0.00000000,0
1150,0,1866610,3,0,0.00000000,0
1151,0,1866611,53,0,0.00000000,0
1152,0,1866617,3,0,0.00000000,0
1153,0,1866618,8,0,0.00000000,0
1154,0,1866619,164,0,0.00000000,0
1155,0,1866620,263,0,0.00000000,0
1156,0,1866621,119,0,0.00000000,0
1157,0,1866622,5,0,0.00000000,0
1158,0,1866623,56,0,0.00000000,0
1159,0,1866624,240,0,0.00000000,0
1160,0,1866625,337,6,0.01780415,1
1161,0,1866626,264,0,0.00000000,0
1162,0,1866627,240,0,0.00000000,0
1163,0,1866628,325,0,0.00000000,0
1164,0,1866629,273,0,0.00000000,0
1165,0,1866630,246,0,0.00000000,0
1166,0,1866631,335,0,0.00000000,0
1167,0,1866632,263,0,0.00000000,0
1168,0,1866633,288,0,0.00000000,0
1169,0,1866634,500,0,0.00000000,0
1170,0,1866635,309,0,0.00000000,0
1171,0,1866636,240,0,0.00000000,0
1172,0,1866637,267,0,0.00000000,0
1173,0,1866638,1,0,0.00000000,0
1174,0,1866640,102,0,0.00000000,0
1175,0,1866641,31,0,0.00000000,0
1176,0,1866642,186,0,0.00000000,0
1177,0,1866643,512,0,0.00000000,0
1178,0,1866644,306,0,0.00000000,0
1179,0,1866645,255,0,0.00000000,0
1180,0,1866646,273,0,0.00000000,0
1181,0,1866647,96,0,0.00000000,0
1182,0,1866648,5,0,0.00000000,0
1183,0,1866649,275,0,0.00000000,0
1184,0,1866653,5,1,0.20000000,1
1185,0,1866654,2,0,0.00000000,0
1186,0,1866655,48,0,0.00000000,0
1187,0,1866656,81,36,0.44444444,1
1188,0,1866662,2,0,0.00000000,0
1189,0,1866666,2,0,0.00000000,0
1190,0,1866669,868,2,0.00230415,1
1191,0,1866670,7,2,0.28571429,1
1192,0,1866671,83,4,0.04819277,1
1193,0,1866672,1,0,0.00000000,0
1194,0,1866673,9,0,0.00000000,0
1195,0,1866674,13,0,0.00000000,0
1196,0,1866675,67,2,0.02985075,1
1197,0,1866676,79,0,0.00000000,0
1198,0,1866687,4,0,0.00000000,0
1199,0,1866689,9,0,0.00000000,0
1200,0,1866690,1,0,0.00000000,0
1201,0,1866692,2,0,0.00000000,0
1202,0,1866697,8,0,0.00000000,0
1203,0,1866699,336,0,0.00000000,0
1204,0,1866703,1,0,0.00000000,0
1205,0,1866709,4,0,0.00000000,0
1206,0,1866713,8,0,0.00000000,0
1207,0,1866720,512,0,0.00000000,0
1208,0,1866729,7,0,0.00000000,0
1209,0,1866731,19,0,0.00000000,0
1210,0,1866732,669,0,0.00000000,0
1211,0,1866735,1,0,0.00000000,0
1212,0,1866739,7,0,0.00000000,0
1213,0,1866740,1,0,0.00000000,0
1214,0,1866745,1,0,0.00000000,0
1215,0,1866751,1,0,0.00000000,0
1216,0,1866757,9,0,0.00000000,0
1217,0,1866758,3,0,0.00000000,0
1218,0,1866759,23,0,0.00000000,0
1219,0,1866760,589,0,0.00000000,0
1220,0,1866763,50,0,0.00000000,0
1221,0,1866764,5,0,0.00000000,0
1222,0,1866765,64,1,0.01562500,1
1223,0,1866766,2,0,0.00000000,0
1224,0,1866767,1,0,0.00000000,0
1225,0,1866768,48,0,0.00000000,0
1226,0,1866769,4,0,0.00000000,0
1227,0,1866770,2,0,0.00000000,0
1228,0,1866771,1,0,0.00000000,0
1229,0,1866772,12,0,0.00000000,0
1230,0,1866773,10,0,0.00000000,0
1231,0,1866774,41,0,0.00000000,0
1232,0,1866775,9,0,0.00000000,0
1233,0,1866776,3,0,0.00000000,0
1234,0,1866778,4,0,0.00000000,0
1235,0,1866780,7,0,0.00000000,0
1236,0,1866781,2,0,0.00000000,0
1237,0,1866782,12,0,0.00000000,0
1238,0,1866783,2,0,0.00000000,0
1239,0,1866784,19,1,0.05263158,1
1240,0,1866785,1473,0,0.00000000,0
1241,0,1866786,19,0,0.00000000,0
1242,0,1866787,23,0,0.00000000,0
1243,0,1866788,2,0,0.00000000,0
1244,0,1866790,21,0,0.00000000,0
1245,0,1866793,10,0,0.00000000,0
1246,0,1866795,20,0,0.00000000,0
1247,0,1866797,22,0,0.00000000,0
1248,0,1866800,17,0,0.00000000,0
1249,0,1866802,8,0,0.00000000,0
1250,0,1866804,2,0,0.00000000,0
1251,0,1866805,10,0,0.00000000,0
1252,0,1866806,29,0,0.00000000,0
1253,0,1866808,13,0,0.00000000,0
1254,0,1866811,11,0,0.00000000,0
1255,0,1866813,11,0,0.00000000,0
1256,0,1866815,12,0,0.00000000,0
1257,0,1866817,12,0,0.00000000,0
1258,0,1866818,150,0,0.00000000,0
1259,0,1866819,16472,0,0.00000000,0
1260,0,1866820,7333,0,0.00000000,0
1261,0,1866821,10,0,0.00000000,0
1262,0,1866823,11909,0,0.00000000,0
1263,0,1866824,13903,0,0.00000000,0
1264,0,1866825,2,0,0.00000000,0
1265,0,1866826,2,0,0.00000000,0
1266,0,1866827,3,0,0.00000000,0
1267,0,1866828,3,0,0.00000000,0
1268,0,1866855,1010,0,0.00000000,0
1269,0,1866860,496,0,0.00000000,0
1270,0,1866870,4,0,0.00000000,0
1271,0,1866873,2,0,0.00000000,0
1272,0,1866881,8,0,0.00000000,0
1273,0,1866884,1,0,0.00000000,0
1274,0,1866893,6,0,0.00000000,0
1275,0,1866900,107,0,0.00000000,0
1276,0,1866906,6,0,0.00000000,0
1277,0,1866908,9756,0,0.00000000,0
1278,0,1866909,16370,0,0.00000000,0
1279,0,1866910,10417,0,0.00000000,0
1280,0,1866911,2417,0,0.00000000,0
1281,0,1866912,5,0,0.00000000,0
1282,0,1866913,3981,0,0.00000000,0
1283,0,1866914,18293,0,0.00000000,0
1284,0,1866915,5052,0,0.00000000,0
1285,0,1866916,5,0,0.00000000,0
1286,0,1866917,3,0,0.00000000,0
1287,0,1866918,4367,0,0.00000000,0
1288,0,1866919,2,0,0.00000000,0
1289,0,1866921,4,0,0.00000000,0
1290,0,1866922,2,0,0.00000000,0
1291,0,1866925,402,0,0.00000000,0
1292,0,1866927,2,0,0.00000000,0
1293,0,1866934,656,0,0.00000000,0
1294,0,1866935,2,0,0.00000000,0
1295,0,1866936,2,0,0.00000000,0
1296,0,1866937,24,1,0.04166667,1
1297,0,1866938,26,1,0.03846154,1
1298,0,1866939,2,0,0.00000000,0
1299,0,1866941,2,0,0.00000000,0
1300,0,1866942,4,0,0.00000000,0
1301,0,1866953,255,0,0.00000000,0
1302,0,1866954,642,0,0.00000000,0
1303,0,1866956,2425,0,0.00000000,0
1304,0,1866958,361,0,0.00000000,0
1305,0,1866959,375,0,0.00000000,0
1306,0,1866961,347,0,0.00000000,0
1307,0,1866962,139,60,0.43165468,1
1308,0,1866963,947,113,0.11932418,1
1309,0,1866964,330,0,0.00000000,0
1310,0,1866965,321,0,0.00000000,0
1311,0,1866966,312,0,0.00000000,0
1312,0,1866967,25,0,0.00000000,0
1313,0,1866969,4,0,0.00000000,0
1314,0,1866970,2,0,0.00000000,0
1315,0,1866971,44,1,0.02272727,1
1316,0,1866972,3,0,0.00000000,0
1317,0,1866973,2,0,0.00000000,0
1318,0,1866974,4,0,0.00000000,0
1319,0,1866980,1,0,0.00000000,0
1320,0,1866981,816,0,0.00000000,0
1321,0,1867002,898,0,0.00000000,0
1322,0,1867005,2,1,0.50000000,1
1323,0,1867013,1,0,0.00000000,0
1324,0,1867014,1,0,0.00000000,0
1325,0,1867015,3,0,0.00000000,0
1326,0,1867016,4107,0,0.00000000,0
1327,0,1867018,1,0,0.00000000,0
1328,0,1867019,2,0,0.00000000,0
1329,0,1867023,2,1,0.50000000,1
1330,0,1867026,8065,0,0.00000000,0
1331,0,1867027,19319,0,0.00000000,0
1332,0,1867028,13547,1,0.00007382,1
1333,0,1867029,1,0,0.00000000,0
1334,0,1867030,2,0,0.00000000,0
1335,0,1867031,6,0,0.00000000,0
1336,0,1867032,2,0,0.00000000,0
1337,0,1867033,1,0,0.00000000,0
1338,0,1867034,9,0,0.00000000,0
1339,0,1867035,8,0,0.00000000,0
1340,0,1867036,2,0,0.00000000,0
1341,0,1867037,11,0,0.00000000,0
1342,0,1867039,40,0,0.00000000,0
1343,0,1867043,11,0,0.00000000,0
1344,0,1867044,2,2,1.00000000,1
1345,0,1867045,84,0,0.00000000,0
1346,0,1867046,51,2,0.03921569,1
1347,0,1867047,2,2,1.00000000,1
1348,0,1867048,8,0,0.00000000,0
1349,0,1867049,152,0,0.00000000,0
1350,0,1867050,235,0,0.00000000,0
1351,0,1867051,225,0,0.00000000,0
1352,0,1867052,246,0,0.00000000,0
1353,0,1867053,315,0,0.00000000,0
1354,0,1867054,260,0,0.00000000,0
1355,0,1867055,90,0,0.00000000,0
1356,0,1867056,27,0,0.00000000,0
1357,0,1867059,144,0,0.00000000,0
1358,0,1867060,121,6,0.04958678,1
1359,0,1867061,110,0,0.00000000,0
1360,0,1867064,96,0,0.00000000,0
1361,0,1867065,98,0,0.00000000,0
1362,0,1867066,54,0,0.00000000,0
1363,0,1867067,472,0,0.00000000,0
1364,0,1867068,1219,0,0.00000000,0
1365,0,1867069,380,0,0.00000000,0
1366,0,1867070,3,3,1.00000000,1
1367,0,1867071,2,2,1.00000000,1
1368,0,1867075,2,0,0.00000000,0
1369,0,1867080,393,0,0.00000000,0
1370,0,1867081,3,0,0.00000000,0
1371,0,1867087,10,0,0.00000000,0
1372,0,1867089,2,0,0.00000000,0
1373,0,1867096,513,0,0.00000000,0
1374,0,1867099,11155,0,0.00000000,0
1375,0,1867100,5785,512,0.08850475,1
1376,0,1867101,13927,0,0.00000000,0
1377,0,1867103,14853,0,0.00000000,0
1378,0,1867104,1536,0,0.00000000,0
1379,0,1867105,16384,0,0.00000000,0
1380,0,1867106,256,0,0.00000000,0
1381,0,1867107,14,0,0.00000000,0
1382,0,1867108,591,0,0.00000000,0
1383,0,1867109,11158,0,0.00000000,0
1384,0,1867110,4,0,0.00000000,0
1385,0,1867111,16387,0,0.00000000,0
1386,0,1867142,49,2,0.04081633,1
1387,0,1867143,9,0,0.00000000,0
1388,0,1867144,3,0,0.00000000,0
1389,0,1867145,3,0,0.00000000,0
1390,0,1867147,1,0,0.00000000,0
1391,0,1867149,3,0,0.00000000,0
1392,0,1867150,4,0,0.00000000,0
1393,0,1867151,4,0,0.00000000,0
1394,0,1867152,1,0,0.00000000,0
1395,0,1867168,5,1,0.20000000,1
1396,0,1867174,1,0,0.00000000,0
1397,0,1867179,7,0,0.00000000,0
1398,0,1867181,10,0,0.00000000,0
1399,0,1867183,21,0,0.00000000,0
1400,0,1867189,297,0,0.00000000,0
1401,0,1867190,1,0,0.00000000,0
1402,0,1867192,7,0,0.00000000,0
1403,0,1867193,111,0,0.00000000,0
1404,0,1867196,13,0,0.00000000,0
1405,0,1867197,36,0,0.00000000,0
1406,0,1867198,2,0,0.00000000,0
1407,0,1867200,5,1,0.20000000,1
1408,0,1867201,3,0,0.00000000,0
1409,0,1867202,6,0,0.00000000,0
1410,0,1867203,10,0,0.00000000,0
1411,0,1867205,3,0,0.00000000,0
1412,0,1867207,6,0,0.00000000,0
1413,0,1867208,2,0,0.00000000,0
1414,0,1867209,3,0,0.00000000,0
1415,0,1867210,4,0,0.00000000,0
1416,0,1867212,1,0,0.00000000,0
1417,0,1867225,1,0,0.00000000,0
1418,0,1867235,1,0,0.00000000,0
1419,0,1867240,1,0,0.00000000,0
1420,0,1867252,8192,0,0.00000000,0
1421,0,1867253,1,0,0.00000000,0
1422,0,1867255,2,0,0.00000000,0
1423,0,1867256,210,0,0.00000000,0
1424,0,1867265,127,0,0.00000000,0
1425,0,1867273,1,0,0.00000000,0
1426,0,1867277,1,0,0.00000000,0
1427,0,1867288,1,0,0.00000000,0
1428,0,1867292,1,0,0.00000000,0
1429,0,1867318,1,0,0.00000000,0
1430,0,1867325,2,0,0.00000000,0
1431,0,1867327,79,0,0.00000000,0
1432,0,1867338,192,0,0.00000000,0
1433,0,1867339,34,0,0.00000000,0
1434,0,1867340,266,0,0.00000000,0
1435,0,1867341,328,0,0.00000000,0
1436,0,1867342,269,0,0.00000000,0
1437,0,1867346,15,0,0.00000000,0
1438,0,1867347,1,0,0.00000000,0
1439,0,1867348,7,0,0.00000000,0
1440,0,1867352,1,0,0.00000000,0
1441,0,1867353,1,0,0.00000000,0
1442,0,1867367,1,0,0.00000000,0
1443,0,1867368,15,0,0.00000000,0
1444,0,1867381,191,2,0.01047120,1
1445,0,1867385,16,0,0.00000000,0
1446,0,1867391,10,0,0.00000000,0
1447,0,1867402,1,0,0.00000000,0
1448,0,1867403,46,2,0.04347826,1
1449,0,1867405,13,0,0.00000000,0
1450,0,1867407,1,0,0.00000000,0
1451,0,1867409,45,1,0.02222222,1
1452,0,1867410,2,0,0.00000000,0
1453,0,1867411,10548,0,0.00000000,0
1454,0,1867412,19105,0,0.00000000,0
1455,0,1867413,1,0,0.00000000,0
1456,0,1867415,1,0,0.00000000,0
1457,0,1867416,21891,0,0.00000000,0
1458,0,1867417,798,0,0.00000000,0
1459,0,1867425,31,0,0.00000000,0
1460,0,1867426,33,0,0.00000000,0
1461,0,1867429,9,0,0.00000000,0
1462,0,1867437,6,0,0.00000000,0
1463,0,1867438,3,0,0.00000000,0
1464,0,1867440,6,0,0.00000000,0
1465,0,1867441,3,0,0.00000000,0
1466,0,1867442,2,0,0.00000000,0
1467,0,1867443,16,0,0.00000000,0
1468,0,1867446,4,0,0.00000000,0
1469,0,1867447,6,0,0.00000000,0
1470,0,1867448,6562,0,0.00000000,0
1471,0,1867449,16401,0,0.00000000,0
1472,0,1867475,3,0,0.00000000,0
1473,0,1867476,2,0,0.00000000,0
1474,0,1867477,16384,0,0.00000000,0
1475,0,1867478,4114,0,0.00000000,0
1476,0,1867479,11996,0,0.00000000,0
1477,0,1867480,512,0,0.00000000,0
1478,0,1867481,569,0,0.00000000,0
1479,0,1867482,4,0,0.00000000,0
1480,0,1867483,4035,0,0.00000000,0
1481,0,1867486,3,0,0.00000000,0
1482,0,1867487,5,0,0.00000000,0
1483,0,1867488,3,0,0.00000000,0
1484,0,1867490,35,0,0.00000000,0
1485,0,1867491,18,0,0.00000000,0
1486,0,1867492,25,0,0.00000000,0
1487,0,1867493,1,0,0.00000000,0
1488,0,1867494,129,0,0.00000000,0
1489,0,1867496,51,2,0.03921569,1
1490,0,1867501,1,0,0.00000000,0
1491,0,1867505,1,0,0.00000000,0
1492,0,1867507,100,0,0.00000000,0
1493,0,1867509,1,0,0.00000000,0
1494,0,1867515,1,0,0.00000000,0
1495,0,1867521,16,0,0.00000000,0
1496,0,1867523,1,0,0.00000000,0
1497,0,1867528,110,0,0.00000000,0
1498,0,1867529,3,0,0.00000000,0
1499,0,1867533,4,0,0.00000000,0
1500,0,1867534,1,0,0.00000000,0
1501,0,1867538,37,0,0.00000000,0
1502,0,1867545,8,0,0.00000000,0
1503,0,1867551,19,0,0.00000000,0
1504,0,1867553,3,0,0.00000000,0
1505,0,1867597,1,0,0.00000000,0
1506,0,1867607,1,0,0.00000000,0
1507,0,1867622,4,0,0.00000000,0
1508,0,1867623,135,0,0.00000000,0
1509,0,1867625,1,0,0.00000000,0
1510,0,1867628,155,0,0.00000000,0
1511,0,1867635,2,0,0.00000000,0
1512,0,1867638,2,0,0.00000000,0
1513,0,1867640,2,0,0.00000000,0
1514,0,1867641,2,0,0.00000000,0
1515,0,1867643,2,0,0.00000000,0
1516,0,1867646,5,0,0.00000000,0
1517,0,1867649,2,0,0.00000000,0
1518,0,1867650,2,0,0.00000000,0
1519,0,1867652,2048,1024,0.50000000,1
1520,0,1867656,3,0,0.00000000,0
1521,0,1867659,5,0,0.00000000,0
1522,0,1867660,1,0,0.00000000,0
1523,0,1867662,55,0,0.00000000,0
1524,0,1867663,1,0,0.00000000,0
1525,0,1867667,11,0,0.00000000,0
1526,0,1867671,6,0,0.00000000,0
1527,0,1867673,43,1,0.02325581,1
1528,0,1867675,2,0,0.00000000,0
1529,0,1867679,1,0,0.00000000,0
1530,0,1867708,1,0,0.00000000,0
1531,0,1867725,4,0,0.00000000,0
1532,0,1867759,128,0,0.00000000,0
1533,0,1867762,17,0,0.00000000,0
1534,0,1867763,1287,0,0.00000000,0
1535,0,1867764,1263,0,0.00000000,0
1536,0,1867765,23,0,0.00000000,0
1537,0,1867767,4,0,0.00000000,0
1538,0,1867768,10,0,0.00000000,0
1539,0,1867769,1,0,0.00000000,0
1540,0,1867770,1,0,0.00000000,0
1541,0,1867771,2,0,0.00000000,0
1542,0,1867772,25,0,0.00000000,0
1543,0,1867773,4,0,0.00000000,0
1544,0,1867780,9,0,0.00000000,0
1545,0,1867781,4,0,0.00000000,0
1546,0,1867784,17,0,0.00000000,0
1547,0,1867789,16,16,1.00000000,1
1548,0,1867790,54,2,0.03703704,1
1549,0,1867791,1,0,0.00000000,0
1550,0,1867792,6,0,0.00000000,0
1551,0,1867793,3,0,0.00000000,0
1552,0,1867799,7,0,0.00000000,0
1553,0,1867800,3,0,0.00000000,0
1554,0,1867802,134,0,0.00000000,0
1555,0,1867803,1,0,0.00000000,0
1556,0,1867806,8,0,0.00000000,0
1557,0,1867807,3,0,0.00000000,0
1558,0,1867810,7,0,0.00000000,0
1559,0,1867811,6,0,0.00000000,0
1560,0,1867813,6,0,0.00000000,0
1561,0,1867814,3,0,0.00000000,0
1562,0,1867817,33,0,0.00000000,0
1563,0,1867820,3,0,0.00000000,0
1564,0,1867821,1,0,0.00000000,0
1565,0,1867822,7,0,0.00000000,0
1566,0,1867823,5,0,0.00000000,0
1567,0,1867824,54,0,0.00000000,0
1568,0,1867826,4,0,0.00000000,0
1569,0,1867827,23,0,0.00000000,0
1570,0,1867828,1,0,0.00000000,0
1571,0,1867831,19,0,0.00000000,0
1572,0,1867832,6,0,0.00000000,0
1573,0,1867833,6,0,0.00000000,0
1574,0,1867835,2,0,0.00000000,0
1575,0,1867836,2,0,0.00000000,0
1576,0,1867839,11,0,0.00000000,0
1577,0,1867842,3,0,0.00000000,0
1578,0,1867843,1,0,0.00000000,0
1579,0,1867844,11,0,0.00000000,0
1580,0,1867845,4,0,0.00000000,0
1581,0,1867847,37,0,0.00000000,0
1582,0,1867852,5,0,0.00000000,0
1583,0,1867855,2,0,0.00000000,0
1584,0,1867861,1,0,0.00000000,0
1585,0,1867866,3,0,0.00000000,0
1586,0,1867869,2,0,0.00000000,0
1587,0,1867880,5,0,0.00000000,0
1588,0,1867884,4,0,0.00000000,0
1589,0,1867886,1,0,0.00000000,0
1590,0,1867889,9,0,0.00000000,0
1591,0,1867891,2,0,0.00000000,0
1592,0,1867892,2,0,0.00000000,0
1593,0,1867894,3,0,0.00000000,0
1594,0,1867900,1,0,0.00000000,0
1595,0,1867902,2,0,0.00000000,0
1596,0,1867904,12,0,0.00000000,0
1597,0,1867907,3,0,0.00000000,0
1598,0,1867909,1,0,0.00000000,0
1599,0,1867911,4098,0,0.00000000,0
1600,0,1867913,4100,0,0.00000000,0
1601,0,1867914,1256,0,0.00000000,0
1602,0,1867915,2,0,0.00000000,0
1603,0,1867917,92,0,0.00000000,0
1604,0,1867918,90,0,0.00000000,0
1605,0,1867919,195,0,0.00000000,0
1606,0,1867922,46,2,0.04347826,1
1607,0,1867924,2,0,0.00000000,0
1608,0,1867930,60,0,0.00000000,0
1609,0,1867931,2,0,0.00000000,0
1610,0,1867932,8,0,0.00000000,0
1611,0,1867933,27,0,0.00000000,0
1612,0,1867934,23,0,0.00000000,0
1613,0,1867936,122,0,0.00000000,0
1614,0,1867937,117,0,0.00000000,0
1615,0,1867938,119,0,0.00000000,0
1616,0,1867939,102,0,0.00000000,0
1617,0,1867942,28,0,0.00000000,0
1618,0,1867944,7,0,0.00000000,0
1619,0,1867945,190,0,0.00000000,0
1620,0,1867946,2,0,0.00000000,0
1621,0,1867947,9,0,0.00000000,0
1622,0,1867948,4,0,0.00000000,0
1623,0,1867949,6,0,0.00000000,0
1624,0,1867950,3,0,0.00000000,0
1625,0,1867953,4096,0,0.00000000,0
1626,0,1867954,8219,0,0.00000000,0
1627,0,1867955,9,0,0.00000000,0
1628,0,1867956,3,0,0.00000000,0
1629,0,1867957,2,0,0.00000000,0
1630,0,1867959,2816,0,0.00000000,0
1631,0,1867960,9870,0,0.00000000,0
1632,0,1867962,25,0,0.00000000,0
1633,0,1867963,14,0,0.00000000,0
1634,0,1867964,6,0,0.00000000,0
1635,0,1867965,25,0,0.00000000,0
1636,0,1867968,3,0,0.00000000,0
1637,0,1867970,4,0,0.00000000,0
1638,0,1867976,2,0,0.00000000,0
1639,0,1867977,6655,0,0.00000000,0
1640,0,1867978,6409,0,0.00000000,0
1641,0,1867979,21,0,0.00000000,0
1642,0,1867980,8751,0,0.00000000,0
1643,0,1867981,4378,0,0.00000000,0
1644,0,1867982,2,0,0.00000000,0
1645,0,1867983,81,0,0.00000000,0
1646,0,1867985,3,0,0.00000000,0
1647,0,1867986,55,0,0.00000000,0
1648,0,1867987,132,0,0.00000000,0
1649,0,1867988,19,0,0.00000000,0
1650,0,1867989,41,0,0.00000000,0
1651,0,1867991,51,0,0.00000000,0
1652,0,1867992,45,0,0.00000000,0
1653,0,1867993,49,0,0.00000000,0
1654,0,1867995,20,0,0.00000000,0
1655,0,1867996,47,0,0.00000000,0
1656,0,1867999,31,0,0.00000000,0
1657,0,1868000,2,0,0.00000000,0
1658,0,1868002,35,0,0.00000000,0
1659,0,1868003,17,0,0.00000000,0
1660,0,1868005,28,0,0.00000000,0
1661,0,1868007,6,0,0.00000000,0
1662,0,1868008,16,0,0.00000000,0
1663,0,1868009,2,0,0.00000000,0
1664,0,1868010,521,0,0.00000000,0
1665,0,1868011,72,0,0.00000000,0
1666,0,1868012,36,0,0.00000000,0
1667,0,1868013,54,0,0.00000000,0
1668,0,1868014,29,0,0.00000000,0
1669,0,1868015,13,0,0.00000000,0
1670,0,1868016,79,0,0.00000000,0
1671,0,1868017,62,0,0.00000000,0
1672,0,1868018,87,0,0.00000000,0
1673,0,1868019,53,0,0.00000000,0
1674,0,1868020,69,0,0.00000000,0
1675,0,1868047,4,0,0.00000000,0
1676,0,1868048,11,0,0.00000000,0
1677,0,1868049,36,0,0.00000000,0
1678,0,1868050,2,0,0.00000000,0
1679,0,1868052,21,0,0.00000000,0
1680,0,1868057,7,0,0.00000000,0
1681,0,1868058,2,0,0.00000000,0
1682,0,1868059,2,0,0.00000000,0
1683,0,1868060,2,0,0.00000000,0
1684,0,1868061,3,0,0.00000000,0
1685,0,1868062,12,0,0.00000000,0
1686,0,1868063,13,0,0.00000000,0
1687,0,1868064,9,0,0.00000000,0
1688,0,1868065,20,0,0.00000000,0
1689,0,1868067,30,0,0.00000000,0
1690,0,1868068,6,0,0.00000000,0
1691,0,1868072,20,0,0.00000000,0
1692,0,1868073,13,0,0.00000000,0
1693,0,1868075,24,16,0.66666667,1
1694,0,1868079,1,0,0.00000000,0
1695,0,1868081,53,0,0.00000000,0
1696,0,1868082,112,0,0.00000000,0
1697,0,1868083,24,1,0.04166667,1
1698,0,1868087,2,0,0.00000000,0
1699,0,1868088,12,0,0.00000000,0
1700,0,1868093,56,0,0.00000000,0
1701,0,1868094,12,0,0.00000000,0
1702,0,1868095,15,0,0.00000000,0
1703,0,1868099,2,0,0.00000000,0
1704,0,1868100,9,0,0.00000000,0
1705,0,1868107,8,0,0.00000000,0
1706,0,1868109,22,0,0.00000000,0
1707,0,1868110,279,174,0.62365591,1
1708,0,1868111,28,1,0.03571429,1
1709,0,1868114,2,0,0.00000000,0
1710,0,1868115,9,0,0.00000000,0
1711,0,1868116,5,0,0.00000000,0
1712,0,1868117,59,0,0.00000000,0
1713,0,1868118,4,2,0.50000000,1
1714,0,1868119,4,2,0.50000000,1
1715,0,1868124,2,0,0.00000000,0
1716,0,1868126,2,0,0.00000000,0
1717,0,1868127,5,0,0.00000000,0
1718,0,1868128,6,0,0.00000000,0
1719,0,1868129,7,0,0.00000000,0
1720,0,1868130,3,0,0.00000000,0
1721,0,1868132,8,0,0.00000000,0
1722,0,1868134,2,0,0.00000000,0
1723,0,1868135,6,0,0.00000000,0
1724,0,1868144,5,0,0.00000000,0
1725,0,1868147,16,16,1.00000000,1
1726,0,1868148,10,0,0.00000000,0
1727,0,1868149,169,0,0.00000000,0
1728,0,1868152,3,0,0.00000000,0
1729,0,1868153,13,0,0.00000000,0
1730,0,1868154,3,0,0.00000000,0
1731,0,1868156,10,0,0.00000000,0
1732,0,1868157,9,0,0.00000000,0
1733,0,1868158,3,0,0.00000000,0
1734,0,1868164,24,0,0.00000000,0
1735,0,1868167,55,0,0.00000000,0
1736,0,1868168,50,0,0.00000000,0
1737,0,1868169,3,0,0.00000000,0
1738,0,1868170,1,0,0.00000000,0
1739,0,1868173,98,0,0.00000000,0
1740,0,1868174,25,0,0.00000000,0
1741,0,1868175,3,0,0.00000000,0
1742,0,1868180,2,0,0.00000000,0
1743,0,1868181,1024,512,0.50000000,1
1744,0,1868182,2,0,0.00000000,0
1745,0,1868183,1024,0,0.00000000,0
1746,0,1868184,18,0,0.00000000,0
1747,0,1868185,347,233,0.67146974,1
1748,0,1868186,2,0,0.00000000,0
1749,0,1868187,366,242,0.66120219,1
1750,0,1868188,5,2,0.40000000,1
1751,0,1868191,1,0,0.00000000,0
1752,0,1868192,2,0,0.00000000,0
1753,0,1868194,1,0,0.00000000,0
1754,0,1868195,10286,0,0.00000000,0
1755,0,1868196,15,0,0.00000000,0
1756,0,1868197,2,0,0.00000000,0
1757,0,1868198,15,0,0.00000000,0
1758,0,1868200,4,0,0.00000000,0
1759,0,1868201,3,0,0.00000000,0
1760,0,1868204,15,0,0.00000000,0
1761,0,1868205,3650,0,0.00000000,0
1762,0,1868206,5673,0,0.00000000,0
1763,0,1868207,9322,0,0.00000000,0
1764,0,1868210,3,0,0.00000000,0
1765,0,1868212,3,0,0.00000000,0
1766,0,1868213,9323,0,0.00000000,0
1767,0,1868214,3390,0,0.00000000,0
1768,0,1868215,9323,0,0.00000000,0
1769,0,1868217,2,0,0.00000000,0
1770,0,1868218,10248,0,0.00000000,0
1771,0,1868219,4811,0,0.00000000,0
1772,0,1868220,8447,0,0.00000000,0
1773,0,1868221,12197,0,0.00000000,0
1774,0,1868222,3959,0,0.00000000,0
1775,0,1868223,19392,0,0.00000000,0
1776,0,1868224,19383,0,0.00000000,0
1777,0,1868225,19410,0,0.00000000,0
1778,0,1868226,3272,0,0.00000000,0
1779,0,1868228,2,0,0.00000000,0
1780,0,1868229,18083,0,0.00000000,0
1781,0,1868230,19394,0,0.00000000,0
1782,0,1868231,3210,0,0.00000000,0
1783,0,1868232,9687,0,0.00000000,0
1784,0,1868233,19331,0,0.00000000,0
1785,0,1868234,12093,0,0.00000000,0
1786,0,1868236,2,0,0.00000000,0
1787,0,1868240,29,1,0.03448276,1
1788,0,1868241,1,0,0.00000000,0
1789,0,1868242,3,0,0.00000000,0
1790,0,1868243,1,0,0.00000000,0
1791,0,1868244,6,0,0.00000000,0
1792,0,1868245,11,0,0.00000000,0
1793,0,1868246,3,0,0.00000000,0
1794,0,1868251,1,0,0.00000000,0
1795,0,1868252,3,0,0.00000000,0
1796,0,1868253,12,0,0.00000000,0
1797,0,1868255,9322,0,0.00000000,0
1798,0,1868256,8,0,0.00000000,0
1799,0,1868258,1,0,0.00000000,0
1800,0,1868259,9362,0,0.00000000,0
1801,0,1868260,4000,0,0.00000000,0
1802,0,1868261,8821,0,0.00000000,0
1803,0,1868262,4658,0,0.00000000,0
1804,0,1868263,4346,0,0.00000000,0
1805,0,1868264,7302,0,0.00000000,0
1806,0,1868279,10652,0,0.00000000,0
1807,0,1868280,25311,0,0.00000000,0
1808,0,1868281,17701,0,0.00000000,0
1809,0,1868282,24915,0,0.00000000,0
1810,0,1868283,4889,0,0.00000000,0
1811,0,1868284,2329,0,0.00000000,0
1812,0,1868287,2358,0,0.00000000,0
1813,0,1868288,4096,0,0.00000000,0
1814,0,1868289,643,0,0.00000000,0
1815,0,1868290,1686,0,0.00000000,0
1816,0,1868292,529,0,0.00000000,0
1817,0,1868293,1800,0,0.00000000,0
1818,0,1868343,2429,0,0.00000000,0
1819,0,1868344,25326,2,0.00007897,1
1820,0,1868345,5124,0,0.00000000,0
1821,0,1868346,7,0,0.00000000,0
1822,0,1868348,53,0,0.00000000,0
1823,0,1868349,3,0,0.00000000,0
1824,0,1868350,18,0,0.00000000,0
1825,0,1868351,3,0,0.00000000,0
1826,0,1868352,3,0,0.00000000,0
1827,0,1868353,12,0,0.00000000,0
1828,0,1868355,3,0,0.00000000,0
1829,0,1868356,32,0,0.00000000,0
1830,0,1868357,36,0,0.00000000,0
1831,0,1868358,4,0,0.00000000,0
1832,0,1868359,10,0,0.00000000,0
1833,0,1868360,44,0,0.00000000,0
1834,0,1868363,3,0,0.00000000,0
1835,0,1868364,17,0,0.00000000,0
1836,0,1868365,19,0,0.00000000,0
1837,0,1868366,13,0,0.00000000,0
1838,0,1868370,1,0,0.00000000,0
1839,0,1868371,3,0,0.00000000,0
1840,0,1868375,1,0,0.00000000,0
1841,0,1868377,1,0,0.00000000,0
1842,0,1868381,12,0,0.00000000,0
1843,0,1868382,16,0,0.00000000,0
1844,0,1868390,53,0,0.00000000,0
1845,0,1868394,3,0,0.00000000,0
1846,0,1868397,11,0,0.00000000,0
1847,0,1868399,1,0,0.00000000,0
1848,0,1868402,7,0,0.00000000,0
1849,0,1868415,200,0,0.00000000,0
1850,0,1868416,1,0,0.00000000,0
1851,0,1868417,3,0,0.00000000,0
1852,0,1868418,38,0,0.00000000,0
1853,0,1868426,1,0,0.00000000,0
1854,0,1868444,11,0,0.00000000,0
1855,0,1868447,5,0,0.00000000,0
1856,0,1868450,6,0,0.00000000,0
1857,0,1868451,7,0,0.00000000,0
1858,0,1868452,12,0,0.00000000,0
1859,0,1868453,16,16,1.00000000,1
1860,0,1868455,1,0,0.00000000,0
1861,0,1868456,3,0,0.00000000,0
1862,0,1868466,1,0,0.00000000,0
1863,0,1868485,208,0,0.00000000,0
1864,0,1868488,129,0,0.00000000,0
1865,0,1868489,34,0,0.00000000,0
1866,0,1868493,3,0,0.00000000,0
1867,0,1868495,3,0,0.00000000,0
1868,0,1868496,2,0,0.00000000,0
1869,0,1868499,2,0,0.00000000,0
1870,0,1868501,3,0,0.00000000,0
1871,0,1868502,5,0,0.00000000,0
1872,0,1868503,4,0,0.00000000,0
1873,0,1868504,3,0,0.00000000,0
1874,0,1868506,4,0,0.00000000,0
1875,0,1868514,3,0,0.00000000,0
1876,0,1868516,3,0,0.00000000,0
1877,0,1868518,2,0,0.00000000,0
1878,0,1868519,769,0,0.00000000,0
1879,0,1868520,11,0,0.00000000,0
1880,0,1868521,5,0,0.00000000,0
1881,0,1868522,1,0,0.00000000,0
1882,0,1868523,76,0,0.00000000,0
1883,0,1868524,110,0,0.00000000,0
1884,0,1868525,127,0,0.00000000,0
1885,0,1868526,550,164,0.29818182,1
1886,0,1868527,51,0,0.00000000,0
1887,0,1868528,24,0,0.00000000,0
1888,0,1868529,3,0,0.00000000,0
1889,0,1868530,16,0,0.00000000,0
1890,0,1868531,64,0,0.00000000,0
1891,0,1868532,29,0,0.00000000,0
1892,0,1868533,6,0,0.00000000,0
1893,0,1868534,4,0,0.00000000,0
1894,0,1868535,1,0,0.00000000,0
1895,0,1868536,77,0,0.00000000,0
1896,0,1868537,58,0,0.00000000,0
1897,0,1868538,71,0,0.00000000,0
1898,0,1868539,19,0,0.00000000,0
1899,0,1868540,364,93,0.25549451,1
1900,0,1868541,134,109,0.81343284,1
1901,0,1868542,2,0,0.00000000,0
1902,0,1868543,32,0,0.00000000,0
1903,0,1868544,2,0,0.00000000,0
1904,0,1868545,279,188,0.67383513,1
1905,0,1868546,1,0,0.00000000,0
1906,0,1868547,7,0,0.00000000,0
1907,0,1868548,2,0,0.00000000,0
1908,0,1868549,73,0,0.00000000,0
1909,0,1868550,2,0,0.00000000,0
1910,0,1868559,66,0,0.00000000,0
1911,0,1868560,2,0,0.00000000,0
1912,0,1868561,22,0,0.00000000,0
1913,0,1868562,330,216,0.65454545,1
1914,0,1868563,30,0,0.00000000,0
1915,0,1868573,1,0,0.00000000,0
1916,0,1868575,5,0,0.00000000,0
1917,0,1868591,1,0,0.00000000,0
1918,0,1868599,133,2,0.01503759,1
1919,0,1868601,17,0,0.00000000,0
1920,0,1868618,1,0,0.00000000,0
1921,0,1868620,16384,0,0.00000000,0
1922,0,1868621,8195,0,0.00000000,0
1923,0,1868622,1,0,0.00000000,0
1924,0,1868623,6,0,0.00000000,0
1925,0,1868624,2,0,0.00000000,0
1926,0,1868625,19,0,0.00000000,0
1927,0,1868634,2,0,0.00000000,0
1928,0,1868636,23,0,0.00000000,0
1929,0,1868647,2,0,0.00000000,0
1930,0,1868648,2,0,0.00000000,0
1931,0,1868649,3,0,0.00000000,0
1932,0,1868650,17,0,0.00000000,0
1933,0,1868651,28,0,0.00000000,0
1934,0,1868652,2,0,0.00000000,0
1935,0,1868653,2,0,0.00000000,0
1936,0,1868655,56,0,0.00000000,0
1937,0,1868656,100,0,0.00000000,0
1938,0,1868659,3,0,0.00000000,0
1939,0,1868660,3,0,0.00000000,0
1940,0,1868661,3,0,0.00000000,0
1941,0,1868662,2,0,0.00000000,0
1942,0,1868663,1,0,0.00000000,0
1943,0,1868667,14,0,0.00000000,0
1944,0,1868669,50,0,0.00000000,0
1945,0,1868671,2,0,0.00000000,0
1946,0,1868673,31,0,0.00000000,0
1947,0,1868674,97,0,0.00000000,0
1948,0,1868676,769,0,0.00000000,0
1949,0,1868677,294,0,0.00000000,0
1950,0,1868678,3,0,0.00000000,0
1951,0,1868679,1,0,0.00000000,0
1952,0,1868680,1,0,0.00000000,0
1953,0,1868684,33,0,0.00000000,0
1954,0,1868685,44,0,0.00000000,0
1955,0,1868686,57,0,0.00000000,0
1956,0,1868687,44,0,0.00000000,0
1957,0,1868689,5,1,0.20000000,1
1958,0,1868690,9,5,0.55555556,1
1959,0,1868691,4,0,0.00000000,0
1960,0,1868692,31,0,0.00000000,0
1961,0,1868693,23,0,0.00000000,0
1962,0,1868694,11,0,0.00000000,0
1963,0,1868697,6,0,0.00000000,0
1964,0,1868698,2,0,0.00000000,0
1965,0,1868699,3,0,0.00000000,0
1966,0,1868700,4,0,0.00000000,0
1967,0,1868701,2,0,0.00000000,0
1968,0,1868702,1,0,0.00000000,0
1969,0,1868703,47,0,0.00000000,0
1970,0,1868704,3,0,0.00000000,0
1971,0,1868706,3,0,0.00000000,0
1972,0,1868709,83,0,0.00000000,0
1973,0,1868710,2,0,0.00000000,0
1974,0,1868711,14,0,0.00000000,0
1975,0,1868712,10,0,0.00000000,0
1976,0,1868713,19,0,0.00000000,0
1977,0,1868714,24,0,0.00000000,0
1978,0,1868715,15,0,0.00000000,0
1979,0,1868716,15,0,0.00000000,0
1980,0,1868717,50,0,0.00000000,0
1981,0,1868718,2,0,0.00000000,0
1982,0,1868721,19,0,0.00000000,0
1983,0,1868722,1,0,0.00000000,0
1984,0,1868724,7,0,0.00000000,0
1985,0,1868725,5,0,0.00000000,0
1986,0,1868726,2,0,0.00000000,0
1987,0,1868727,14,0,0.00000000,0
1988,0,1868728,20,0,0.00000000,0
1989,0,1868729,19,0,0.00000000,0
1990,0,1868730,13,0,0.00000000,0
1991,0,1868753,4789,0,0.00000000,0
1992,0,1868754,16889,0,0.00000000,0
1993,0,1868755,621,0,0.00000000,0
1994,0,1868756,43,0,0.00000000,0
1995,0,1868758,51,0,0.00000000,0
1996,0,1868759,2,0,0.00000000,0
1997,0,1868760,13978,0,0.00000000,0
1998,0,1868761,8929,0,0.00000000,0
1999,0,1868763,64,0,0.00000000,0
2000,0,1868764,39,0,0.00000000,0
2001,0,1868765,35,0,0.00000000,0
2002,0,1868766,38,0,0.00000000,0
2003,0,1868768,558,0,0.00000000,0
2004,0,1868769,40,0,0.00000000,0
2005,0,1868770,21,0,0.00000000,0
2006,0,1868771,47,0,0.00000000,0
2007,0,1868773,46,0,0.00000000,0
2008,0,1868774,43,0,0.00000000,0
2009,0,1868775,19,0,0.00000000,0
2010,0,1868776,65,0,0.00000000,0
2011,0,1868777,53,0,0.00000000,0
2012,0,1868778,33,0,0.00000000,0
2013,0,1868779,30,0,0.00000000,0
2014,0,1868780,84,0,0.00000000,0
2015,0,1868781,67,0,0.00000000,0
2016,0,1868783,47,0,0.00000000,0
2017,0,1868785,6,0,0.00000000,0
2018,0,1868786,39,0,0.00000000,0
2019,0,1868787,19,0,0.00000000,0
2020,0,1868788,31,0,0.00000000,0
2021,0,1868789,2,0,0.00000000,0
2022,0,1868790,82,0,0.00000000,0
2023,0,1868791,15,0,0.00000000,0
2024,0,1868792,134,2,0.01492537,1
2025,0,1868793,10,0,0.00000000,0
2026,0,1868794,23,0,0.00000000,0
2027,0,1868795,41,0,0.00000000,0
2028,0,1868796,2,0,0.00000000,0
2029,0,1868799,29,0,0.00000000,0
2030,0,1868800,26,0,0.00000000,0
2031,0,1868803,16,0,0.00000000,0
2032,0,1868806,70,0,0.00000000,0
2033,0,1868808,64,0,0.00000000,0
2034,0,1868809,6,0,0.00000000,0
2035,0,1868810,3,0,0.00000000,0
2036,0,1868812,7,0,0.00000000,0
2037,0,1868813,6,0,0.00000000,0
2038,0,1868814,3,0,0.00000000,0
2039,0,1868818,2,0,0.00000000,0
2040,0,1868821,7,0,0.00000000,0
2041,0,1868826,1,0,0.00000000,0
2042,0,1868827,46,2,0.04347826,1
2043,0,1868837,26,0,0.00000000,0
2044,0,1868839,4,0,0.00000000,0
2045,0,1868841,22,0,0.00000000,0
2046,0,1868842,26,1,0.03846154,1
2047,0,1868846,6852,0,0.00000000,0
2048,0,1868847,33957,0,0.00000000,0
2049,0,1868848,8217,0,0.00000000,0
2050,0,1868849,19,0,0.00000000,0
2051,0,1868850,86,0,0.00000000,0
2052,0,1868851,17684,0,0.00000000,0
2053,0,1868852,17072,0,0.00000000,0
2054,0,1868853,26788,0,0.00000000,0
2055,0,1868854,3993,0,0.00000000,0
2056,0,1868855,3370,0,0.00000000,0
2057,0,1868856,30272,0,0.00000000,0
2058,0,1868857,3222,0,0.00000000,0
2059,0,1868858,1,0,0.00000000,0
2060,0,1868859,1,0,0.00000000,0
2061,0,1868860,1,0,0.00000000,0
2062,0,1868864,1,0,0.00000000,0
2063,0,1868866,1,0,0.00000000,0
2064,0,1868867,40,0,0.00000000,0
2065,0,1868868,1,0,0.00000000,0
2066,0,1868870,1,0,0.00000000,0
2067,0,1868872,1,0,0.00000000,0
2068,0,1868876,2,0,0.00000000,0
2069,0,1868877,54,0,0.00000000,0
2070,0,1868878,1,0,0.00000000,0
2071,0,1868881,117,0,0.00000000,0
2072,0,1868907,84,0,0.00000000,0
2073,0,1868914,1,0,0.00000000,0
2074,0,1868916,1,0,0.00000000,0
2075,0,1868922,28,0,0.00000000,0
2076,0,1868923,11,0,0.00000000,0
2077,0,1868924,47,0,0.00000000,0
2078,0,1868925,9,0,0.00000000,0
2079,0,1868926,44,0,0.00000000,0
2080,0,1868927,172,0,0.00000000,0
2081,0,1868928,105,0,0.00000000,0
2082,0,1868932,2,0,0.00000000,0
2083,0,1868933,153,0,0.00000000,0
2084,0,1868934,116,0,0.00000000,0
2085,0,1868935,3,0,0.00000000,0
2086,0,1868937,6,0,0.00000000,0
2087,0,1868940,16,0,0.00000000,0
2088,0,1868941,4,0,0.00000000,0
2089,0,1868943,9,0,0.00000000,0
2090,0,1868944,136,0,0.00000000,0
2091,0,1868945,360,0,0.00000000,0
2092,0,1868946,83,0,0.00000000,0
2093,0,1868947,3,0,0.00000000,0
2094,0,1868950,11,0,0.00000000,0
2095,0,1868951,10,0,0.00000000,0
2096,0,1868952,13,0,0.00000000,0
2097,0,1868953,5,0,0.00000000,0
2098,0,1868955,6,0,0.00000000,0
2099,0,1868957,1,0,0.00000000,0
2100,0,1868958,2,0,0.00000000,0
2101,0,1868959,6,0,0.00000000,0
2102,0,1868962,5,0,0.00000000,0
2103,0,1868964,2,0,0.00000000,0
2104,0,1868965,5,0,0.00000000,0
2105,0,1868966,6,0,0.00000000,0
2106,0,1868967,13,0,0.00000000,0
2107,0,1868968,1,0,0.00000000,0
2108,0,1868969,15,0,0.00000000,0
2109,0,1868970,6,0,0.00000000,0
2110,0,1868971,384,0,0.00000000,0
2111,0,1868972,1418,0,0.00000000,0
2112,0,1868973,652,0,0.00000000,0
2113,0,1868974,11,0,0.00000000,0
2114,0,1868975,8,0,0.00000000,0
2115,0,1868976,11,0,0.00000000,0
2116,0,1868977,6,0,0.00000000,0
2117,0,1868978,30,0,0.00000000,0
2118,0,1868979,20,0,0.00000000,0
2119,0,1868980,21,0,0.00000000,0
2120,0,1868981,96,0,0.00000000,0
2121,0,1868982,74,0,0.00000000,0
2122,0,1868983,47,0,0.00000000,0
2123,0,1868984,14,0,0.00000000,0
2124,0,1868985,14,0,0.00000000,0
2125,0,1868986,31,0,0.00000000,0
2126,0,1868987,57,0,0.00000000,0
2127,0,1868988,65,0,0.00000000,0
2128,0,1868989,20,0,0.00000000,0
2129,0,1868990,48,0,0.00000000,0
2130,0,1868991,110,0,0.00000000,0
2131,0,1868992,3,0,0.00000000,0
2132,0,1868993,9,0,0.00000000,0
2133,0,1868994,2,0,0.00000000,0
2134,0,1868996,2,0,0.00000000,0
2135,0,1868997,3,0,0.00000000,0
2136,0,1868999,4,0,0.00000000,0
2137,0,1869000,1,0,0.00000000,0
2138,0,1869002,3,0,0.00000000,0
2139,0,1869003,18,0,0.00000000,0
2140,0,1869004,12,0,0.00000000,0
2141,0,1869005,80,55,0.68750000,1
2142,0,1869007,5,0,0.00000000,0
2143,0,1869009,2,0,0.00000000,0
2144,0,1869010,1,0,0.00000000,0
2145,0,1869011,2,0,0.00000000,0
2146,0,1869012,7,0,0.00000000,0
2147,0,1869013,1024,0,0.00000000,0
2148,0,1869014,1034,0,0.00000000,0
2149,0,1869015,6,0,0.00000000,0
2150,0,1869016,14,0,0.00000000,0
2151,0,1869017,14,0,0.00000000,0
2152,0,1869018,34,0,0.00000000,0
2153,0,1869020,1,0,0.00000000,0
2154,0,1869021,3,0,0.00000000,0
2155,0,1869022,12,0,0.00000000,0
2156,0,1869038,12,0,0.00000000,0
2157,0,1869039,11,0,0.00000000,0
2158,0,1869040,2,0,0.00000000,0
2159,0,1869041,1,0,0.00000000,0
2160,0,1869044,9,0,0.00000000,0
2161,0,1869067,17,0,0.00000000,0
2162,0,1869069,1,0,0.00000000,0
2163,0,1869070,8194,0,0.00000000,0
2164,0,1869077,1,0,0.00000000,0
2165,0,1869083,1,0,0.00000000,0
2166,0,1869084,7,0,0.00000000,0
2167,0,1869085,1777,0,0.00000000,0
2168,0,1869088,33,0,0.00000000,0
2169,0,1869089,8,0,0.00000000,0
2170,0,1869090,17,0,0.00000000,0
2171,0,1869091,1,0,0.00000000,0
2172,0,1869092,32,0,0.00000000,0
2173,0,1869093,1,0,0.00000000,0
2174,0,1869095,33,0,0.00000000,0
2175,0,1869100,6,0,0.00000000,0
2176,0,1869101,3,0,0.00000000,0
2177,0,1869103,1,0,0.00000000,0
2178,0,1869104,49,0,0.00000000,0
2179,0,1869105,2,0,0.00000000,0
2180,0,1869106,79,0,0.00000000,0
2181,0,1869107,636,170,0.26729560,1
2182,0,1869108,2,0,0.00000000,0
2183,0,1869109,248,247,0.99596774,1
2184,0,1869110,2,0,0.00000000,0
2185,0,1869111,54,0,0.00000000,0
2186,0,1869112,2,0,0.00000000,0
2187,0,1869113,204,136,0.66666667,1
2188,0,1869114,404,270,0.66831683,1
2189,0,1869115,2,0,0.00000000,0
2190,0,1869116,23,0,0.00000000,0
2191,0,1869117,7,0,0.00000000,0
2192,0,1869118,14,0,0.00000000,0
2193,0,1869119,24,0,0.00000000,0
2194,0,1869120,64,0,0.00000000,0
2195,0,1869121,58,0,0.00000000,0
2196,0,1869122,317,226,0.71293375,1
2197,0,1869123,1,0,0.00000000,0
2198,0,1869124,1,0,0.00000000,0
2199,0,1869126,2,0,0.00000000,0
2200,0,1869127,10,0,0.00000000,0
2201,0,1869128,17,0,0.00000000,0
2202,0,1869129,27,0,0.00000000,0
2203,0,1869130,17,0,0.00000000,0
2204,0,1869131,14,0,0.00000000,0
2205,0,1869132,74,0,0.00000000,0
2206,0,1869133,39,0,0.00000000,0
2207,0,1869134,2,0,0.00000000,0
2208,0,1869135,3,0,0.00000000,0
2209,0,1869136,2,0,0.00000000,0
2210,0,1869137,28,0,0.00000000,0
2211,0,1869138,12,0,0.00000000,0
2212,0,1869139,25,0,0.00000000,0
2213,0,1869140,22,0,0.00000000,0
2214,0,1869141,92,0,0.00000000,0
2215,0,1869147,1,0,0.00000000,0
2216,0,1869150,7,0,0.00000000,0
2217,0,1869151,3,0,0.00000000,0
2218,0,1869152,9,0,0.00000000,0
2219,0,1869153,6,0,0.00000000,0
2220,0,1869155,6,0,0.00000000,0
2221,0,1869156,13908,0,0.00000000,0
2222,0,1869157,6179,0,0.00000000,0
2223,0,1869158,6266,0,0.00000000,0
2224,0,1869159,19841,0,0.00000000,0
2225,0,1869160,19627,0,0.00000000,0
2226,0,1869161,2973,0,0.00000000,0
2227,0,1869163,1,0,0.00000000,0
2228,0,1869164,1,0,0.00000000,0
2229,0,1869181,1,0,0.00000000,0
2230,0,1869184,1,0,0.00000000,0
2231,0,1869198,1,0,0.00000000,0
2232,0,1869210,284,0,0.00000000,0
2233,0,1869211,73,0,0.00000000,0
2234,0,1869213,19,0,0.00000000,0
2235,0,1869214,11,0,0.00000000,0
2236,0,1869215,15,0,0.00000000,0
2237,0,1869216,13,0,0.00000000,0
2238,0,1869217,8,0,0.00000000,0
2239,0,1869218,3,0,0.00000000,0
2240,0,1869220,21,0,0.00000000,0
2241,0,1869221,21,0,0.00000000,0
2242,0,1869222,24,0,0.00000000,0
2243,0,1869224,1,0,0.00000000,0
2244,0,1869225,15,0,0.00000000,0
2245,0,1869226,20,0,0.00000000,0
2246,0,1869227,13,0,0.00000000,0
2247,0,1869230,32,0,0.00000000,0
2248,0,1869231,18,0,0.00000000,0
2249,0,1869232,8,0,0.00000000,0
2250,0,1869234,17,0,0.00000000,0
2251,0,1869235,21,0,0.00000000,0
2252,0,1869236,26,0,0.00000000,0
2253,0,1869238,10,0,0.00000000,0
2254,0,1869239,121,0,0.00000000,0
2255,0,1869240,183,0,0.00000000,0
2256,0,1869242,93,0,0.00000000,0
2257,0,1869243,145,0,0.00000000,0
2258,0,1869244,135,0,0.00000000,0
2259,0,1869245,15,0,0.00000000,0
2260,0,1869246,21,0,0.00000000,0
2261,0,1869248,22,0,0.00000000,0
2262,0,1869249,12,0,0.00000000,0
2263,0,1869250,6,0,0.00000000,0
2264,0,1869251,3,0,0.00000000,0
2265,0,1869252,11,0,0.00000000,0
2266,0,1869274,2,0,0.00000000,0
2267,0,1869275,1,0,0.00000000,0
2268,0,1869283,145,0,0.00000000,0
2269,0,1869284,3,0,0.00000000,0
2270,0,1869285,6,0,0.00000000,0
2271,0,1869288,9,0,0.00000000,0
2272,0,1869289,8,0,0.00000000,0
2273,0,1869290,29,0,0.00000000,0
2274,0,1869293,1,0,0.00000000,0
2275,0,1869294,3,0,0.00000000,0
2276,0,1869295,3,0,0.00000000,0
2277,0,1869298,4,0,0.00000000,0
2278,0,1869299,2,0,0.00000000,0
2279,0,1869300,5,0,0.00000000,0
2280,0,1869302,1,0,0.00000000,0
2281,0,1869303,1,0,0.00000000,0
2282,0,1869314,1,0,0.00000000,0
2283,0,1869321,3,0,0.00000000,0
2284,0,1869329,6013,0,0.00000000,0
2285,0,1869330,19786,0,0.00000000,0
2286,0,1869331,19745,0,0.00000000,0
2287,0,1869332,19829,0,0.00000000,0
2288,0,1869333,201,0,0.00000000,0
2289,0,1869341,33,0,0.00000000,0
2290,0,1869342,9,0,0.00000000,0
2291,0,1869347,1,0,0.00000000,0
2292,0,1869348,1,0,0.00000000,0
2293,0,1869349,13,0,0.00000000,0
2294,0,1869350,12,0,0.00000000,0
2295,0,1869354,10,0,0.00000000,0
2296,0,1869356,1,0,0.00000000,0
2297,0,1869362,1,0,0.00000000,0
2298,0,1869371,1,0,0.00000000,0
2299,0,1869372,1,0,0.00000000,0
2300,0,1869380,47,2,0.04255319,1
2301,0,1869383,1,0,0.00000000,0
2302,0,1869395,6,0,0.00000000,0
2303,0,1869401,1,0,0.00000000,0
2304,0,1869405,1,0,0.00000000,0
2305,0,1869406,9,0,0.00000000,0
2306,0,1869407,15,0,0.00000000,0
2307,0,1869412,15,0,0.00000000,0
2308,0,1869415,1,0,0.00000000,0
2309,0,1869416,1,0,0.00000000,0
2310,0,1869432,5,0,0.00000000,0
2311,0,1869441,234,0,0.00000000,0
2312,0,1869443,6,0,0.00000000,0
2313,0,1869444,3,0,0.00000000,0
2314,0,1869451,2,0,0.00000000,0
2315,0,1869457,1,0,0.00000000,0
2316,0,1869464,1,0,0.00000000,0
2317,0,1869493,1,0,0.00000000,0
2318,0,1869497,41,0,0.00000000,0
2319,0,1869498,21,0,0.00000000,0
2320,0,1869499,1,0,0.00000000,0
2321,0,1869500,4,0,0.00000000,0
2322,0,1869501,243,0,0.00000000,0
2323,0,1869502,55,0,0.00000000,0
2324,0,1869503,19,0,0.00000000,0
2325,0,1869504,1,0,0.00000000,0
2326,0,1869507,47,2,0.04255319,1
2327,0,1869508,410,0,0.00000000,0
2328,0,1869510,1,0,0.00000000,0
2329,0,1869511,14674,0,0.00000000,0
2330,0,1869512,11914,0,0.00000000,0
2331,0,1869514,3,0,0.00000000,0
2332,0,1869515,1,0,0.00000000,0
2333,0,1869520,62,0,0.00000000,0
2334,0,1869524,32,0,0.00000000,0
2335,0,1869527,129,88,0.68217054,1
2336,0,1869528,329,69,0.20972644,1
2337,0,1869529,5,0,0.00000000,0
2338,0,1869530,136,83,0.61029412,1
2339,0,1869531,9,0,0.00000000,0
2340,0,1869532,8,0,0.00000000,0
2341,0,1869533,155,75,0.48387097,1
2342,0,1869534,88,70,0.79545455,1
2343,0,1869535,1,0,0.00000000,0
2344,0,1869536,3,0,0.00000000,0
2345,0,1869538,7,0,0.00000000,0
2346,0,1869539,281,164,0.58362989,1
2347,0,1869540,63,2,0.03174603,1
2348,0,1869541,4,0,0.00000000,0
2349,0,1869542,4,0,0.00000000,0
2350,0,1869544,1,0,0.00000000,0
2351,0,1869545,189,88,0.46560847,1
2352,0,1869546,1024,155,0.15136719,1
2353,0,1869547,54,0,0.00000000,0
2354,0,1869548,187,76,0.40641711,1
2355,0,1869549,235,103,0.43829787,1
2356,0,1869558,1,0,0.00000000,0
2357,0,1869559,37,0,0.00000000,0
2358,0,1869560,1373,0,0.00000000,0
2359,0,1869561,26,0,0.00000000,0
2360,0,1869562,15,0,0.00000000,0
2361,0,1869563,13,0,0.00000000,0
2362,0,1869571,1,0,0.00000000,0
2363,0,1869572,1,0,0.00000000,0
2364,0,1869575,1,0,0.00000000,0
2365,0,1869577,12,0,0.00000000,0
2366,0,1869585,1,0,0.00000000,0
2367,0,1869599,6,0,0.00000000,0
2368,0,1869602,17,0,0.00000000,0
2369,0,1869606,12,0,0.00000000,0
2370,0,1869609,8,0,0.00000000,0
2371,0,1869613,1,0,0.00000000,0
2372,0,1869619,1,0,0.00000000,0
2373,0,1869620,3,0,0.00000000,0
2374,0,1869622,53,0,0.00000000,0
2375,0,1869626,290,187,0.64482759,1
2376,0,1869627,1,0,0.00000000,0
2377,0,1869630,6,0,0.00000000,0
2378,0,1869631,4,0,0.00000000,0
2379,0,1869632,9,0,0.00000000,0
2380,0,1869634,1,0,0.00000000,0
2381,0,1869640,215,0,0.00000000,0
2382,0,1869641,12,0,0.00000000,0
2383,0,1869645,1,0,0.00000000,0
2384,0,1869648,42,0,0.00000000,0
2385,0,1869651,5,0,0.00000000,0
2386,0,1869652,19,0,0.00000000,0
2387,0,1869653,61,0,0.00000000,0
2388,0,1869654,39,0,0.00000000,0
2389,0,1869655,2,0,0.00000000,0
2390,0,1869656,102,1,0.00980392,1
2391,0,1869657,1,0,0.00000000,0
2392,0,1869659,44,0,0.00000000,0
2393,0,1869660,46,0,0.00000000,0
2394,0,1869661,67,32,0.47761194,1
2395,0,1869666,8,0,0.00000000,0
2396,0,1869667,9,0,0.00000000,0
2397,0,1869670,4,0,0.00000000,0
2398,0,1869672,8,0,0.00000000,0
2399,0,1869673,60,2,0.03333333,1
2400,0,1869674,5,0,0.00000000,0
2401,0,1869675,3,0,0.00000000,0
2402,0,1869677,46,0,0.00000000,0
2403,0,1869680,80,0,0.00000000,0
2404,0,1869684,1,0,0.00000000,0
2405,0,1869685,776,0,0.00000000,0
2406,0,1869686,529,0,0.00000000,0
2407,0,1869687,1,0,0.00000000,0
2408,0,1869689,3,0,0.00000000,0
2409,0,1869690,2,0,0.00000000,0
2410,0,1869691,1025,0,0.00000000,0
2411,0,1869692,2,0,0.00000000,0
2412,0,1869693,7,0,0.00000000,0
2413,0,1869694,70,2,0.02857143,1
2414,0,1869696,3,0,0.00000000,0
2415,0,1869697,1,0,0.00000000,0
2416,0,1869698,16,0,0.00000000,0
2417,0,1869699,35,0,0.00000000,0
2418,0,1869700,48,2,0.04166667,1
2419,0,1869701,53,2,0.03773585,1
2420,0,1869702,413,0,0.00000000,0
2421,0,1869703,3,0,0.00000000,0
2422,0,1869704,2,0,0.00000000,0
2423,0,1869705,2,0,0.00000000,0
2424,0,1869706,5,0,0.00000000,0
2425,0,1869707,5,0,0.00000000,0
2426,0,1869708,514,512,0.99610895,1
2427,0,1869709,2,0,0.00000000,0
2428,0,1869710,2,0,0.00000000,0
2429,0,1869711,4,0,0.00000000,0
2430,0,1869712,1,0,0.00000000,0
2431,0,1869713,2,0,0.00000000,0
2432,0,1869714,48,2,0.04166667,1
2433,0,1869715,5,0,0.00000000,0
2434,0,1869716,5,0,0.00000000,0
2435,0,1869717,48,2,0.04166667,1
2436,0,1869718,5,0,0.00000000,0
2437,0,1869719,2,0,0.00000000,0
2438,0,1869720,3,0,0.00000000,0
2439,0,1869721,1,0,0.00000000,0
2440,0,1869722,3,0,0.00000000,0
2441,0,1869723,3,0,0.00000000,0
2442,0,1869724,9,0,0.00000000,0
2443,0,1869725,7,0,0.00000000,0
2444,0,1869726,56,2,0.03571429,1
2445,0,1869727,4,0,0.00000000,0
2446,0,1869728,4,0,0.00000000,0
2447,0,1869729,4,0,0.00000000,0
2448,0,1869730,3,0,0.00000000,0
2449,0,1869731,3,0,0.00000000,0
2450,0,1869732,4,0,0.00000000,0
2451,0,1869733,3,0,0.00000000,0
2452,0,1869734,4,0,0.00000000,0
2453,0,1869735,3,0,0.00000000,0
2454,0,1869736,3,0,0.00000000,0
2455,0,1869737,4,0,0.00000000,0
2456,0,1869738,160,94,0.58750000,1
2457,0,1869739,2,0,0.00000000,0
2458,0,1869740,2,0,0.00000000,0
2459,0,1869741,3,0,0.00000000,0
2460,0,1869742,1,0,0.00000000,0
2461,0,1869743,2,0,0.00000000,0
2462,0,1869744,1,0,0.00000000,0
2463,0,1869745,2,0,0.00000000,0
2464,0,1869746,1,0,0.00000000,0
2465,0,1869747,2,0,0.00000000,0
2466,0,1869748,1,0,0.00000000,0
2467,0,1869749,2,0,0.00000000,0
2468,0,1869750,1,0,0.00000000,0
2469,0,1869751,2,0,0.00000000,0
2470,0,1869752,1,0,0.00000000,0
2471,0,1869753,1,0,0.00000000,0
2472,0,1869754,2,0,0.00000000,0
2473,0,1869755,1,0,0.00000000,0
2474,0,1869756,2,0,0.00000000,0
2475,0,1869757,1,0,0.00000000,0
2476,0,1869758,1,0,0.00000000,0
2477,0,1869759,5,0,0.00000000,0
2478,0,1869760,1,0,0.00000000,0
2479,0,1869761,3,0,0.00000000,0
2480,0,1869762,1,0,0.00000000,0
2481,0,1869763,1,0,0.00000000,0
2482,0,1869764,1,0,0.00000000,0
2483,0,1869765,2,0,0.00000000,0
2484,0,1869766,1,0,0.00000000,0
2485,0,1869767,1,0,0.00000000,0
2486,0,1869768,2,0,0.00000000,0
2487,0,1869769,1,0,0.00000000,0
2488,0,1869770,1,0,0.00000000,0
2489,0,1869771,5,0,0.00000000,0
2490,0,1869772,1,0,0.00000000,0
2491,0,1869773,1,0,0.00000000,0
2492,0,1869774,4,0,0.00000000,0
2493,0,1869775,2,0,0.00000000,0
2494,0,1869776,1,0,0.00000000,0
2495,0,1869777,1,0,0.00000000,0
2496,0,1869778,2,0,0.00000000,0
2497,0,1869779,1,0,0.00000000,0
2498,0,1869780,2,0,0.00000000,0
2499,0,1869781,5,0,0.00000000,0
2500,0,1869782,36,0,0.00000000,0
2501,0,1869783,39,0,0.00000000,0
2502,0,1869790,42,0,0.00000000,0
2503,0,1869791,9,0,0.00000000,0
2504,0,1869792,2,0,0.00000000,0
2505,0,1869794,4,1,0.25000000,1
2506,0,1869795,21,0,0.00000000,0
2507,0,1869796,5,0,0.00000000,0
2508,0,1869797,49,0,0.00000000,0
2509,0,1869800,5,0,0.00000000,0
2510,0,1869804,78,0,0.00000000,0
2511,0,1869806,2,0,0.00000000,0
2512,0,1869807,74,0,0.00000000,0
2513,0,1869808,1,0,0.00000000,0
2514,0,1869809,37,6,0.16216216,1
2515,0,1869810,35,0,0.00000000,0
2516,0,1869813,19,0,0.00000000,0
2517,0,1869814,44,0,0.00000000,0
2518,0,1869815,15,0,0.00000000,0
2519,0,1869816,51,0,0.00000000,0
2520,0,1869817,4,0,0.00000000,0
2521,0,1869818,11,0,0.00000000,0
2522,0,1869819,2,0,0.00000000,0
2523,0,1869820,75,0,0.00000000,0
2524,0,1869821,14,0,0.00000000,0
2525,0,1869822,4,0,0.00000000,0
2526,0,1869823,2,0,0.00000000,0
2527,0,1869824,1,0,0.00000000,0
2528,0,1869825,10,0,0.00000000,0
2529,0,1869826,2,0,0.00000000,0
2530,0,1869827,13,0,0.00000000,0
2531,0,1869828,2,0,0.00000000,0
2532,0,1869830,2,0,0.00000000,0
2533,0,1869831,3,0,0.00000000,0
2534,0,1869834,15968,0,0.00000000,0
2535,0,1869835,16804,0,0.00000000,0
2536,0,1869837,13001,0,0.00000000,0
2537,0,1869838,3390,0,0.00000000,0
2538,0,1869839,8192,0,0.00000000,0
2539,0,1869840,2291,0,0.00000000,0
2540,0,1869841,1812,0,0.00000000,0
2541,0,1869842,2049,0,0.00000000,0
2542,0,1869843,1024,0,0.00000000,0
2543,0,1869844,1009,0,0.00000000,0
2544,0,1869845,15,0,0.00000000,0
2545,0,1869848,1,0,0.00000000,0
2546,0,1869850,1,0,0.00000000,0
2547,0,1869857,4,0,0.00000000,0
2548,0,1869858,1,0,0.00000000,0
2549,0,1869859,1,0,0.00000000,0
2550,0,1869862,2,0,0.00000000,0
2551,0,1869863,14,0,0.00000000,0
2552,0,1869864,2,0,0.00000000,0
2553,0,1869865,3,0,0.00000000,0
2554,0,1869866,2,0,0.00000000,0
2555,0,1869867,3,0,0.00000000,0
2556,0,1869872,7,0,0.00000000,0
2557,0,1869873,1,0,0.00000000,0
2558,0,1869874,2,0,0.00000000,0
2559,0,1869878,4,0,0.00000000,0
2560,0,1869889,3,0,0.00000000,0
2561,0,1869900,1,0,0.00000000,0
2562,0,1869902,174,16,0.09195402,1
2563,0,1869903,4,0,0.00000000,0
2564,0,1869932,3,0,0.00000000,0
2565,0,1869933,1,0,0.00000000,0
2566,0,1869935,75,0,0.00000000,0
2567,0,1869936,14,0,0.00000000,0
2568,0,1869937,2,0,0.00000000,0
2569,0,1869940,128,0,0.00000000,0
2570,0,1869943,17,0,0.00000000,0
2571,0,1869945,10,0,0.00000000,0
2572,0,1869946,47,0,0.00000000,0
2573,0,1869949,1,0,0.00000000,0
2574,0,1869950,1,0,0.00000000,0
2575,0,1869951,1,0,0.00000000,0
2576,0,1869953,1,0,0.00000000,0
2577,0,1869956,1,0,0.00000000,0
2578,0,1869960,1,0,0.00000000,0
2579,0,1869962,46,2,0.04347826,1
2580,0,1869963,2,0,0.00000000,0
2581,0,1869968,73,0,0.00000000,0
2582,0,1869969,2,0,0.00000000,0
2583,0,1869971,2,0,0.00000000,0
2584,0,1869975,2,0,0.00000000,0
2585,0,1869976,7,0,0.00000000,0
2586,0,1869981,112,0,0.00000000,0
2587,0,1869982,2,0,0.00000000,0
2588,0,1869991,114,0,0.00000000,0
2589,0,1869993,1,0,0.00000000,0
2590,0,1869995,1,0,0.00000000,0
2591,0,1869997,5,0,0.00000000,0
2592,0,1869998,2,0,0.00000000,0
2593,0,1870000,5,0,0.00000000,0
2594,0,1870003,3,0,0.00000000,0
2595,0,1870009,12,0,0.00000000,0
2596,0,1870013,4,0,0.00000000,0
2597,0,1870018,7,0,0.00000000,0
2598,0,1870019,14,0,0.00000000,0
2599,0,1870037,3,0,0.00000000,0
2600,0,1870046,16,0,0.00000000,0
2601,0,1870047,6,0,0.00000000,0
2602,0,1870048,3,0,0.00000000,0
2603,0,1870054,7,0,0.00000000,0
2604,0,1870059,15,0,0.00000000,0
2605,0,1870074,40,0,0.00000000,0
2606,0,1870096,32,0,0.00000000,0
2607,0,1870108,2,0,0.00000000,0
2608,0,1870109,10,0,0.00000000,0
2609,0,1870110,1,0,0.00000000,0
2610,0,1870112,3,0,0.00000000,0
2611,0,1870114,21,0,0.00000000,0
2612,0,1870115,2,0,0.00000000,0
2613,0,1870116,20,0,0.00000000,0
2614,0,1870117,1,0,0.00000000,0
2615,0,1870123,91,0,0.00000000,0
2616,0,1870128,1,0,0.00000000,0
2617,0,1870130,1,0,0.00000000,0
2618,0,1870131,8,0,0.00000000,0
2619,0,1870132,457,0,0.00000000,0
2620,0,1870134,2,0,0.00000000,0
2621,0,1870143,1,0,0.00000000,0
2622,0,1870146,1,0,0.00000000,0
2623,0,1870151,1,0,0.00000000,0
2624,0,1870157,1,0,0.00000000,0
2625,0,1870159,1,0,0.00000000,0
2626,0,1870165,1,0,0.00000000,0
2627,0,1870169,1,0,0.00000000,0
2628,0,1870175,1,0,0.00000000,0
2629,0,1870178,1,0,0.00000000,0
2630,0,1870180,1,0,0.00000000,0
2631,0,1870191,2,0,0.00000000,0
2632,0,1870193,1,0,0.00000000,0
2633,0,1870199,1,0,0.00000000,0
2634,0,1870211,764,0,0.00000000,0
2635,0,1870218,70,0,0.00000000,0
2636,0,1870221,14945,0,0.00000000,0
2637,0,1870222,12278,0,0.00000000,0
2638,0,1870224,7,0,0.00000000,0
2639,0,1870226,1,0,0.00000000,0
2640,0,1870229,1,0,0.00000000,0
2641,0,1870231,469,0,0.00000000,0
2642,0,1870232,8210,0,0.00000000,0
2643,0,1870233,9,0,0.00000000,0
2644,0,1870234,3,0,0.00000000,0
2645,0,1870237,80,0,0.00000000,0
2646,0,1870238,16682,0,0.00000000,0
2647,0,1870239,9673,0,0.00000000,0
2648,0,1870240,3873,0,0.00000000,0
2649,0,1870241,8,0,0.00000000,0
2650,0,1870245,8197,0,0.00000000,0
2651,0,1870247,16,0,0.00000000,0
2652,0,1870248,6,0,0.00000000,0
2653,0,1870249,6,0,0.00000000,0
2654,0,1870250,11,0,0.00000000,0
2655,0,1870251,44,0,0.00000000,0
2656,0,1870254,9,0,0.00000000,0
2657,0,1870255,3,0,0.00000000,0
2658,0,1870256,3,0,0.00000000,0
2659,0,1870257,2,0,0.00000000,0
2660,0,1870258,5,0,0.00000000,0
2661,0,1870260,261,0,0.00000000,0
2662,0,1870261,2,0,0.00000000,0
2663,0,1870262,2,0,0.00000000,0
2664,0,1870263,3,0,0.00000000,0
2665,0,1870264,3,0,0.00000000,0
2666,0,1870266,2,0,0.00000000,0
2667,0,1870268,98,0,0.00000000,0
2668,0,1870269,34,0,0.00000000,0
2669,0,1870270,11089,0,0.00000000,0
2670,0,1870271,518,0,0.00000000,0
2671,0,1870272,9,0,0.00000000,0
2672,0,1870273,5,0,0.00000000,0
2673,0,1870274,12007,0,0.00000000,0
2674,0,1870275,26785,0,0.00000000,0
2675,0,1870276,24928,0,0.00000000,0
2676,0,1870277,16384,0,0.00000000,0
2677,0,1870278,10102,0,0.00000000,0
2678,0,1870279,6287,0,0.00000000,0
2679,0,1870280,6977,0,0.00000000,0
2680,0,1870281,9410,0,0.00000000,0
2681,0,1870282,2,0,0.00000000,0
2682,0,1870283,3,0,0.00000000,0
2683,0,1870284,4,0,0.00000000,0
2684,0,1870285,4,0,0.00000000,0
2685,0,1870286,5,0,0.00000000,0
2686,0,1870287,1,0,0.00000000,0
2687,0,1870288,7,0,0.00000000,0
2688,0,1870290,5,0,0.00000000,0
2689,0,1870292,8,0,0.00000000,0
2690,0,1870293,2,0,0.00000000,0
2691,0,1870294,2,0,0.00000000,0
2692,0,1870295,115,0,0.00000000,0
2693,0,1870296,9,0,0.00000000,0
2694,0,1870297,10,0,0.00000000,0
2695,0,1870298,3,0,0.00000000,0
2696,0,1870299,77,2,0.02597403,1
2697,0,1870304,2,0,0.00000000,0
2698,0,1870305,2,0,0.00000000,0
2699,0,1870306,2,0,0.00000000,0
2700,0,1870307,4,0,0.00000000,0
2701,0,1870308,6,0,0.00000000,0
2702,0,1870309,1,0,0.00000000,0
2703,0,1870310,5,0,0.00000000,0
2704,0,1870311,71,0,0.00000000,0
2705,0,1870312,10,0,0.00000000,0
2706,0,1870313,6,0,0.00000000,0
2707,0,1870314,2,0,0.00000000,0
2708,0,1870315,5,0,0.00000000,0
2709,0,1870316,48,2,0.04166667,1
2710,0,1870323,2,0,0.00000000,0
2711,0,1870324,1,0,0.00000000,0
2712,0,1870325,3,0,0.00000000,0
2713,0,1870326,7,0,0.00000000,0
2714,0,1870327,10,0,0.00000000,0
2715,0,1870328,3,0,0.00000000,0
2716,0,1870329,4,0,0.00000000,0
2717,0,1870330,4,0,0.00000000,0
2718,0,1870331,8,0,0.00000000,0
2719,0,1870332,5,0,0.00000000,0
2720,0,1870333,2,0,0.00000000,0
2721,0,1870335,7,0,0.00000000,0
2722,0,1870336,4,0,0.00000000,0
2723,0,1870337,9,0,0.00000000,0
2724,0,1870338,5,0,0.00000000,0
2725,0,1870339,2,0,0.00000000,0
2726,0,1870340,2,0,0.00000000,0
2727,0,1870341,7,0,0.00000000,0
2728,0,1870342,8,0,0.00000000,0
2729,0,1870343,5,0,0.00000000,0
2730,0,1870344,3,0,0.00000000,0
2731,0,1870345,3,0,0.00000000,0
2732,0,1870346,10,0,0.00000000,0
2733,0,1870348,10,0,0.00000000,0
2734,0,1870349,11,0,0.00000000,0
2735,0,1870350,7,0,0.00000000,0
2736,0,1870351,4,0,0.00000000,0
2737,0,1870352,5,0,0.00000000,0
2738,0,1870353,8,0,0.00000000,0
2739,0,1870354,7,0,0.00000000,0
2740,0,1870355,3,0,0.00000000,0
2741,0,1870356,8,0,0.00000000,0
2742,0,1870357,5,0,0.00000000,0
2743,0,1870358,9,0,0.00000000,0
2744,0,1870359,3,0,0.00000000,0
2745,0,1870360,6,0,0.00000000,0
2746,0,1870361,9,0,0.00000000,0
2747,0,1870362,4,0,0.00000000,0
2748,0,1870363,1,0,0.00000000,0
2749,0,1870364,4,0,0.00000000,0
2750,0,1870365,6,0,0.00000000,0
2751,0,1870366,4,0,0.00000000,0
2752,0,1870367,1,0,0.00000000,0
2753,0,1870368,5,0,0.00000000,0
2754,0,1870369,4,0,0.00000000,0
2755,0,1870370,4,0,0.00000000,0
2756,0,1870371,3,0,0.00000000,0
2757,0,1870372,2,0,0.00000000,0
2758,0,1870373,6,0,0.00000000,0
2759,0,1870374,5,0,0.00000000,0
2760,0,1870375,1,0,0.00000000,0
2761,0,1870393,328,0,0.00000000,0
2762,0,1870394,3,0,0.00000000,0
2763,0,1870395,6,0,0.00000000,0
2764,0,1870397,5,0,0.00000000,0
2765,0,1870398,7,0,0.00000000,0
2766,0,1870399,7,0,0.00000000,0
2767,0,1870400,2,0,0.00000000,0
2768,0,1870401,7,0,0.00000000,0
2769,0,1870402,7,0,0.00000000,0
2770,0,1870403,5,0,0.00000000,0
2771,0,1870404,7,0,0.00000000,0
2772,0,1870405,5,0,0.00000000,0
2773,0,1870406,4,0,0.00000000,0
2774,0,1870407,82,0,0.00000000,0
2775,0,1870408,17,0,0.00000000,0
2776,0,1870411,1,0,0.00000000,0
2777,0,1870416,40,0,0.00000000,0
2778,0,1870418,1,0,0.00000000,0
2779,0,1870422,1,0,0.00000000,0
2780,0,1870424,53,0,0.00000000,0
2781,0,1870425,17,0,0.00000000,0
2782,0,1870426,10819,0,0.00000000,0
2783,0,1870427,19868,0,0.00000000,0
2784,0,1870428,6851,0,0.00000000,0
2785,0,1870432,1,0,0.00000000,0
2786,0,1870434,57,0,0.00000000,0
2787,0,1870435,101,82,0.81188119,1
2788,0,1870440,48,0,0.00000000,0
2789,0,1870441,9,0,0.00000000,0
2790,0,1870442,4,0,0.00000000,0
2791,0,1870443,246,0,0.00000000,0
2792,0,1870444,6,0,0.00000000,0
2793,0,1870445,6,0,0.00000000,0
2794,0,1870446,3,0,0.00000000,0
2795,0,1870447,7,0,0.00000000,0
2796,0,1870448,5,0,0.00000000,0
2797,0,1870449,1,0,0.00000000,0
2798,0,1870450,74,0,0.00000000,0
2799,0,1870453,5,0,0.00000000,0
2800,0,1870456,3,0,0.00000000,0
2801,0,1870471,1,0,0.00000000,0
2802,0,1870478,1,0,0.00000000,0
2803,0,1870486,1,0,0.00000000,0
2804,0,1870501,435,0,0.00000000,0
2805,0,1870504,1,0,0.00000000,0
2806,0,1870517,1,0,0.00000000,0
2807,0,1870520,1,0,0.00000000,0
2808,0,1870521,1,0,0.00000000,0
2809,0,1870523,99,0,0.00000000,0
2810,0,1870531,1,0,0.00000000,0
2811,0,1870534,3,0,0.00000000,0
2812,0,1870536,1,0,0.00000000,0
2813,0,1870537,143,93,0.65034965,1
2814,0,1870538,56,0,0.00000000,0
2815,0,1870541,31,0,0.00000000,0
2816,0,1870550,1,0,0.00000000,0
2817,0,1870551,16,0,0.00000000,0
2818,0,1870557,4096,0,0.00000000,0
2819,0,1870558,3,0,0.00000000,0
2820,0,1870560,35,0,0.00000000,0
2821,0,1870566,18,0,0.00000000,0
2822,0,1870568,1,0,0.00000000,0
2823,0,1870590,1,0,0.00000000,0
2824,0,1870618,1,0,0.00000000,0
2825,0,1870623,1,0,0.00000000,0
2826,0,1870649,375,0,0.00000000,0
2827,0,1870650,1,0,0.00000000,0
2828,0,1870655,2,0,0.00000000,0
2829,0,1870657,1,0,0.00000000,0
2830,0,1870659,44,0,0.00000000,0
2831,0,1870665,2136,0,0.00000000,0
2832,0,1870668,896,0,0.00000000,0
2833,0,1870669,515,0,0.00000000,0
2834,0,1870671,512,0,0.00000000,0
2835,0,1870672,512,0,0.00000000,0
2836,0,1870674,1,0,0.00000000,0
2837,0,1870675,937,0,0.00000000,0
2838,0,1870676,472,2,0.00423729,1
2839,0,1870680,6,0,0.00000000,0
2840,0,1870681,2,0,0.00000000,0
2841,0,1870682,3,0,0.00000000,0
2842,0,1870683,8,0,0.00000000,0
2843,0,1870684,6,0,0.00000000,0
2844,0,1870685,1,0,0.00000000,0
2845,0,1870686,13,0,0.00000000,0
2846,0,1870691,1,0,0.00000000,0
2847,0,1870692,256,0,0.00000000,0
2848,0,1870694,4,1,0.25000000,1
2849,0,1870695,13,0,0.00000000,0
2850,0,1870696,1,0,0.00000000,0
2851,0,1870697,5,0,0.00000000,0
2852,0,1870699,8,0,0.00000000,0
2853,0,1870700,15,0,0.00000000,0
2854,0,1870701,10,0,0.00000000,0
2855,0,1870703,555,0,0.00000000,0
2856,0,1870704,5,0,0.00000000,0
2857,0,1870706,8,0,0.00000000,0
2858,0,1870707,10,0,0.00000000,0
2859,0,1870710,2,0,0.00000000,0
2860,0,1870711,106,0,0.00000000,0
2861,0,1870712,6,0,0.00000000,0
2862,0,1870713,2,0,0.00000000,0
2863,0,1870714,13,0,0.00000000,0
2864,0,1870715,66,0,0.00000000,0
2865,0,1870716,10,0,0.00000000,0
2866,0,1870717,14742,0,0.00000000,0
2867,0,1870718,19870,0,0.00000000,0
2868,0,1870719,13488,0,0.00000000,0
2869,0,1870721,2,0,0.00000000,0
2870,0,1870722,34,0,0.00000000,0
2871,0,1870738,72,2,0.02777778,1
2872,0,1870755,1,0,0.00000000,0
2873,0,1870769,1,0,0.00000000,0
2874,0,1870781,2,0,0.00000000,0
2875,0,1870783,121,2,0.01652893,1
2876,0,1870784,2,0,0.00000000,0
2877,0,1870786,2,0,0.00000000,0
2878,0,1870787,1,0,0.00000000,0
2879,0,1870790,2,0,0.00000000,0
2880,0,1870791,1,0,0.00000000,0
2881,0,1870794,14,0,0.00000000,0
2882,0,1870795,1,0,0.00000000,0
2883,0,1870796,4,0,0.00000000,0
2884,0,1870797,3,0,0.00000000,0
2885,0,1870799,27,0,0.00000000,0
2886,0,1870800,8,0,0.00000000,0
2887,0,1870801,49,0,0.00000000,0
2888,0,1870803,4,0,0.00000000,0
2889,0,1870807,22,0,0.00000000,0
2890,0,1870808,1,0,0.00000000,0
2891,0,1870811,2,0,0.00000000,0
2892,0,1870812,6,0,0.00000000,0
2893,0,1870813,4,0,0.00000000,0
2894,0,1870814,11,0,0.00000000,0
2895,0,1870815,14,0,0.00000000,0
2896,0,1870816,32,0,0.00000000,0
2897,0,1870817,7,0,0.00000000,0
2898,0,1870820,2985,1,0.00033501,1
2899,0,1870821,3,0,0.00000000,0
2900,0,1870823,1,0,0.00000000,0
2901,0,1870824,2,0,0.00000000,0
2902,0,1870827,4,0,0.00000000,0
2903,0,1870828,1,0,0.00000000,0
2904,0,1870829,7,0,0.00000000,0
2905,0,1870830,7,0,0.00000000,0
2906,0,1870831,2,0,0.00000000,0
2907,0,1870832,1,0,0.00000000,0
2908,0,1870833,2,0,0.00000000,0
2909,0,1870835,3,0,0.00000000,0
2910,0,1870836,3,0,0.00000000,0
2911,0,1870840,1,0,0.00000000,0
2912,0,1870842,2,0,0.00000000,0
2913,0,1870843,1,0,0.00000000,0
2914,0,1870845,1,0,0.00000000,0
2915,0,1870846,1,0,0.00000000,0
2916,0,1870847,1,0,0.00000000,0
2917,0,1870848,1,0,0.00000000,0
2918,0,1870851,1,0,0.00000000,0
2919,0,1870852,88,0,0.00000000,0
2920,0,1870855,1,0,0.00000000,0
2921,0,1870856,197,0,0.00000000,0
2922,0,1870858,18,0,0.00000000,0
2923,0,1870861,1,0,0.00000000,0
2924,0,1870862,1,0,0.00000000,0
2925,0,1870863,228,0,0.00000000,0
2926,0,1870864,1,0,0.00000000,0
2927,0,1870866,1,0,0.00000000,0
2928,0,1870870,58,0,0.00000000,0
2929,0,1870874,153,0,0.00000000,0
2930,0,1870876,83,0,0.00000000,0
2931,0,1870877,1,0,0.00000000,0
2932,0,1870881,30,0,0.00000000,0
2933,0,1870885,1,0,0.00000000,0
2934,0,1870886,90,2,0.02222222,1
2935,0,1870889,2,0,0.00000000,0
2936,0,1870890,1,0,0.00000000,0
2937,0,1870891,3,0,0.00000000,0
2938,0,1870892,5,0,0.00000000,0
2939,0,1870893,2,0,0.00000000,0
2940,0,1870894,18,0,0.00000000,0
2941,0,1870895,14,0,0.00000000,0
2942,0,1870896,9,0,0.00000000,0
2943,0,1870897,10,0,0.00000000,0
2944,0,1870898,11,0,0.00000000,0
2945,0,1870899,42,0,0.00000000,0
2946,0,1870902,2,0,0.00000000,0
2947,0,1870905,1,0,0.00000000,0
2948,0,1870907,1,0,0.00000000,0
2949,0,1870908,1,0,0.00000000,0
2950,0,1870912,363,0,0.00000000,0
2951,0,1870921,1,0,0.00000000,0
2952,0,1870927,1,0,0.00000000,0
2953,0,1870930,1,0,0.00000000,0
2954,0,1870931,1,0,0.00000000,0
2955,0,1870935,1,0,0.00000000,0
2956,0,1870938,351,0,0.00000000,0
2957,0,1870940,1,0,0.00000000,0
2958,0,1870941,4,0,0.00000000,0
2959,0,1870942,3,0,0.00000000,0
2960,0,1870943,3,0,0.00000000,0
2961,0,1870944,6,0,0.00000000,0
2962,0,1870945,1,0,0.00000000,0
2963,0,1870947,25,0,0.00000000,0
2964,0,1870956,5074,0,0.00000000,0
2965,0,1870957,11317,0,0.00000000,0
2966,0,1870958,2,0,0.00000000,0
2967,0,1870959,9,0,0.00000000,0
2968,0,1870960,12361,0,0.00000000,0
2969,0,1870961,15732,0,0.00000000,0
2970,0,1870962,1004,0,0.00000000,0
2971,0,1870963,16385,0,0.00000000,0
2972,0,1870964,3661,0,0.00000000,0
2973,0,1870965,8892,0,0.00000000,0
2974,0,1870966,12514,0,0.00000000,0
2975,0,1870967,9963,0,0.00000000,0
2976,0,1870968,16979,0,0.00000000,0
2977,0,1870969,1890,0,0.00000000,0
2978,0,1870971,1,0,0.00000000,0
2979,0,1870985,144,0,0.00000000,0
2980,0,1870986,2,0,0.00000000,0
2981,0,1871028,131,0,0.00000000,0
2982,0,1871039,1,0,0.00000000,0
2983,0,1871040,113,0,0.00000000,0
2984,0,1871041,4,0,0.00000000,0
2985,0,1871043,3,0,0.00000000,0
2986,0,1871044,525,0,0.00000000,0
2987,0,1871045,14,0,0.00000000,0
2988,0,1871046,3,0,0.00000000,0
2989,0,1871047,5,0,0.00000000,0
2990,0,1871049,9,0,0.00000000,0
2991,0,1871051,1,0,0.00000000,0
2992,0,1871052,3,0,0.00000000,0
2993,0,1871054,38,0,0.00000000,0
2994,0,1871055,7,0,0.00000000,0
2995,0,1871058,1,0,0.00000000,0
2996,0,1871059,3,0,0.00000000,0
2997,0,1871060,4,0,0.00000000,0
2998,0,1871066,1,0,0.00000000,0
2999,0,1871082,3,2,0.66666667,1
3000,0,1871085,41,0,0.00000000,0
3001,0,1871161,2,0,0.00000000,0
3002,0,1871163,5,0,0.00000000,0
3003,0,1871167,2,0,0.00000000,0
3004,0,1871250,2,0,0.00000000,0
3005,0,1871252,4,0,0.00000000,0
3006,0,1871254,1,0,0.00000000,0
3007,0,1871258,10,0,0.00000000,0
3008,0,1871262,2,0,0.00000000,0
3009,0,1871264,14,0,0.00000000,0
3010,0,1871271,3,0,0.00000000,0
3011,0,1871290,2,0,0.00000000,0
3012,0,1871291,16,0,0.00000000,0
3013,0,1871314,13,0,0.00000000,0
3014,0,1871320,12,0,0.00000000,0
3015,0,1871324,7,0,0.00000000,0
3016,0,1871326,9,0,0.00000000,0
3017,0,1871329,5,0,0.00000000,0
3018,0,1871332,4,0,0.00000000,0
3019,0,1871334,10,0,0.00000000,0
3020,0,1871338,6,0,0.00000000,0
3021,0,1871339,39,1,0.02564103,1
3022,0,1871341,2,0,0.00000000,0
3023,0,1871342,2,0,0.00000000,0
3024,0,1871343,2,0,0.00000000,0
3025,0,1871345,2,0,0.00000000,0
3026,0,1871346,2,0,0.00000000,0
3027,0,1871347,2,0,0.00000000,0
3028,0,1871349,2,0,0.00000000,0
3029,0,1871350,2,0,0.00000000,0
3030,0,1871395,1,0,0.00000000,0
3031,0,1871689,8,0,0.00000000,0
3032,0,1871690,514,0,0.00000000,0
3033,0,1871691,340,0,0.00000000,0
3034,0,1871692,437,0,0.00000000,0
3035,0,1871693,319,0,0.00000000,0
3036,0,1871694,81,0,0.00000000,0
3037,0,1871697,2,0,0.00000000,0
3038,0,1871698,2,0,0.00000000,0
3039,0,1871699,2,0,0.00000000,0
3040,0,1871701,1,0,0.00000000,0
3041,0,1871702,270,0,0.00000000,0
3042,0,1871703,589,0,0.00000000,0
3043,0,1871708,491,0,0.00000000,0
3044,0,1871709,831,0,0.00000000,0
3045,0,1871710,992,0,0.00000000,0
3046,0,1871711,149,0,0.00000000,0
3047,0,1871712,3,0,0.00000000,0
3048,0,1871713,8,1,0.12500000,1
3049,0,1871714,4,0,0.00000000,0
3050,0,1871716,8,0,0.00000000,0
3051,0,1871717,2270,0,0.00000000,0
3052,0,1871718,9365,2,0.00021356,1
3053,0,1871727,33,0,0.00000000,0
3054,0,1871728,146,0,0.00000000,0
3055,0,1871729,159,0,0.00000000,0
3056,0,1871732,221,0,0.00000000,0
3057,0,1871733,294,0,0.00000000,0
3058,0,1871734,254,0,0.00000000,0
3059,0,1871735,760,0,0.00000000,0
3060,0,1871736,551,0,0.00000000,0
3061,0,1871737,791,0,0.00000000,0
3062,0,1871738,547,0,0.00000000,0
3063,0,1871739,526,0,0.00000000,0
3064,0,1871740,7,0,0.00000000,0
3065,0,1871741,5,0,0.00000000,0
3066,0,1871742,6,0,0.00000000,0
3067,0,1871743,6,0,0.00000000,0
3068,0,1871744,6,0,0.00000000,0
3069,0,1871745,6,0,0.00000000,0
3070,0,1871746,6,0,0.00000000,0
3071,0,1871747,7,0,0.00000000,0
3072,0,1871748,5,0,0.00000000,0
3073,0,1871749,6,0,0.00000000,0
3074,0,1871750,6,0,0.00000000,0
3075,0,1871751,6,0,0.00000000,0
3076,0,1871752,6,0,0.00000000,0
3077,0,1871753,6,0,0.00000000,0
3078,0,1871754,2,0,0.00000000,0
3079,0,1871759,249,0,0.00000000,0
3080,0,1871760,422,0,0.00000000,0
3081,0,1871761,250,0,0.00000000,0
3082,0,1871762,354,0,0.00000000,0
3083,0,1871763,752,0,0.00000000,0
3084,0,1871764,538,0,0.00000000,0
3085,0,1871765,532,0,0.00000000,0
3086,0,1871766,516,0,0.00000000,0
3087,0,1871767,500,0,0.00000000,0
3088,0,1871819,42,0,0.00000000,0
3089,0,1871820,255,0,0.00000000,0
3090,0,1871821,339,0,0.00000000,0
3091,0,1871822,292,0,0.00000000,0
3092,0,1871823,2,0,0.00000000,0
3093,0,1871835,2,1,0.50000000,1
3094,0,1871836,3,0,0.00000000,0
3095,0,1871837,338,0,0.00000000,0
3096,0,1871838,410,0,0.00000000,0
3097,0,1871839,217,0,0.00000000,0
3098,0,1871840,6,0,0.00000000,0
3099,0,1871841,7,0,0.00000000,0
3100,0,1871845,8,8,1.00000000,1
3101,0,1871847,16,16,1.00000000,1
3102,0,1871848,42,0,0.00000000,0
3103,0,1871849,50,0,0.00000000,0
3104,0,1871850,316,0,0.00000000,0
3105,0,1871851,19896,0,0.00000000,0
3106,0,1871853,7,2,0.28571429,1
3107,0,1871854,246,6,0.02439024,1
3108,0,1871856,64,0,0.00000000,0
3109,0,1871857,246,6,0.02439024,1
3110,0,1871949,9,0,0.00000000,0
3111,0,1871950,2699,0,0.00000000,0
3112,0,1871951,3,0,0.00000000,0
3113,0,1871959,48,0,0.00000000,0
3114,0,1871960,986,0,0.00000000,0
3115,0,1871961,1472,0,0.00000000,0
3116,0,1871962,1474,0,0.00000000,0
3117,0,1871963,1219,0,0.00000000,0
3118,0,1871964,1288,0,0.00000000,0
3119,0,1871965,378,0,0.00000000,0
3120,0,1871966,277,0,0.00000000,0
3121,0,1871967,325,0,0.00000000,0
3122,0,1871968,279,0,0.00000000,0
3123,0,1871969,343,0,0.00000000,0
3124,0,1871970,291,0,0.00000000,0
3125,0,1871971,306,0,0.00000000,0
3126,0,1871972,373,0,0.00000000,0
3127,0,1871973,288,0,0.00000000,0
3128,0,1871974,273,0,0.00000000,0
3129,0,1871975,506,0,0.00000000,0
3130,0,1871976,246,0,0.00000000,0
3131,0,1871977,364,0,0.00000000,0
3132,0,1871978,452,0,0.00000000,0
3133,0,1871979,382,0,0.00000000,0
3134,0,1871980,516,0,0.00000000,0
3135,0,1871981,248,0,0.00000000,0
3136,0,1871982,343,0,0.00000000,0
3137,0,1871983,204,0,0.00000000,0
3138,0,1871984,150,0,0.00000000,0
3139,0,1871985,324,0,0.00000000,0
3140,0,1871986,243,0,0.00000000,0
3141,0,1871987,355,0,0.00000000,0
3142,0,1871988,242,0,0.00000000,0
3143,0,1871989,203,0,0.00000000,0
3144,0,1871990,230,0,0.00000000,0
3145,0,1871991,438,0,0.00000000,0
3146,0,1871992,45,0,0.00000000,0
3147,0,1871993,190,0,0.00000000,0
3148,0,1871994,197,0,0.00000000,0
3149,0,1871995,162,0,0.00000000,0
3150,0,1871996,283,0,0.00000000,0
3151,0,1871997,116,0,0.00000000,0
3152,0,1871998,3,0,0.00000000,0
3153,0,1871999,7,0,0.00000000,0
3154,0,1872000,3,0,0.00000000,0
3155,0,1872003,7,0,0.00000000,0
3156,0,1872005,7,1,0.14285714,1
3157,0,1872006,125,3,0.02400000,1
3158,0,1872007,1,0,0.00000000,0
3159,0,1872009,1,0,0.00000000,0
3160,0,1872010,124,3,0.02419355,1
3161,0,1872011,124,3,0.02419355,1
3162,0,1872012,45,0,0.00000000,0
3163,0,1872013,43,0,0.00000000,0
3164,0,1872014,2,0,0.00000000,0
3165,0,1872015,2,0,0.00000000,0
3166,0,1872016,3,0,0.00000000,0
3167,0,1872034,112,0,0.00000000,0
3168,0,1872035,2,0,0.00000000,0
3169,0,1872037,10,0,0.00000000,0
3170,0,1872050,1,0,0.00000000,0
3171,0,1872051,18,0,0.00000000,0
3172,0,1872052,11,0,0.00000000,0
3173,0,1872053,7,0,0.00000000,0
3174,0,1872054,7,0,0.00000000,0
3175,0,1872055,3,0,0.00000000,0
3176,0,1872056,10,0,0.00000000,0
3177,0,1872057,3,0,0.00000000,0
3178,0,1872058,376,1,0.00265957,1
3179,0,1872059,2,0,0.00000000,0
3180,0,1872060,1,0,0.00000000,0
3181,0,1872061,2,0,0.00000000,0
3182,0,1872062,2,0,0.00000000,0
3183,0,1872063,1,0,0.00000000,0
3184,0,1872064,1,0,0.00000000,0
3185,0,1872067,1448,0,0.00000000,0
3186,0,1872088,2,0,0.00000000,0
3187,0,1872092,16,0,0.00000000,0
3188,0,1872093,2,0,0.00000000,0
3189,0,1872094,113,0,0.00000000,0
3190,0,1872097,234,203,0.86752137,1
3191,0,1872098,2,0,0.00000000,0
3192,0,1872100,7,0,0.00000000,0
3193,0,1872101,4,0,0.00000000,0
3194,0,1872102,126,0,0.00000000,0
3195,0,1872103,47,0,0.00000000,0
3196,0,1872104,99,0,0.00000000,0
3197,0,1872105,101,0,0.00000000,0
3198,0,1872115,10,0,0.00000000,0
3199,0,1872116,263,0,0.00000000,0
3200,0,1872117,146,0,0.00000000,0
3201,0,1872118,195,0,0.00000000,0
3202,0,1872119,46,0,0.00000000,0
3203,0,1872120,349,349,1.00000000,1
3204,0,1872121,19,0,0.00000000,0
3205,0,1872123,1,0,0.00000000,0
3206,0,1872124,13,0,0.00000000,0
3207,0,1872125,5,0,0.00000000,0
3208,0,1872126,3,0,0.00000000,0
3209,0,1872127,9,0,0.00000000,0
3210,0,1872128,4,0,0.00000000,0
3211,0,1872129,3,0,0.00000000,0
3212,0,1872130,7,0,0.00000000,0
3213,0,1872131,3,0,0.00000000,0
3214,0,1872132,3,0,0.00000000,0
3215,0,1872133,48,1,0.02083333,1
3216,0,1872138,14,0,0.00000000,0
3217,0,1872139,2,0,0.00000000,0
3218,0,1872140,3,0,0.00000000,0
3219,0,1872143,4,0,0.00000000,0
3220,0,1872144,2,0,0.00000000,0
3221,0,1872146,2,0,0.00000000,0
3222,0,1872148,1,0,0.00000000,0
3223,0,1872149,1,0,0.00000000,0
3224,0,1872150,1,0,0.00000000,0
3225,0,1872152,1,0,0.00000000,0
3226,0,1872153,1,0,0.00000000,0
3227,0,1872155,2,0,0.00000000,0
3228,0,1872159,1336,0,0.00000000,0
3229,0,1872162,4,0,0.00000000,0
3230,0,1872243,265,265,1.00000000,1
3231,0,1872244,8,8,1.00000000,1
3232,0,1872246,1,0,0.00000000,0
3233,0,1872247,1,0,0.00000000,0
3234,0,1872248,2,0,0.00000000,0
3235,0,1872249,1,0,0.00000000,0
3236,0,1872250,1,0,0.00000000,0
3237,0,1872252,1,0,0.00000000,0
3238,0,1872255,3,0,0.00000000,0
3239,0,1872256,1,0,0.00000000,0
3240,0,1872268,5,0,0.00000000,0
3241,0,1872269,44,0,0.00000000,0
3242,0,1872270,4,0,0.00000000,0
3243,0,1872271,120,0,0.00000000,0
3244,0,1872272,132,0,0.00000000,0
3245,0,1872273,74,0,0.00000000,0
3246,0,1872274,31,0,0.00000000,0
3247,0,1872275,1,0,0.00000000,0
3248,0,1872280,168,1,0.00595238,1
3249,0,1872301,1,0,0.00000000,0
3250,0,1872302,2,0,0.00000000,0
3251,0,1872303,2,0,0.00000000,0
3252,0,1872312,221,0,0.00000000,0
3253,0,1872315,1,0,0.00000000,0
3254,0,1872316,1,0,0.00000000,0
3255,0,1872317,1,0,0.00000000,0
3256,0,1872320,1,0,0.00000000,0
3257,0,1872324,2,0,0.00000000,0
3258,0,1872326,3,0,0.00000000,0
3259,0,1872328,3,0,0.00000000,0
3260,0,1872331,3,0,0.00000000,0
3261,0,1872333,2,0,0.00000000,0
3262,0,1872334,1,0,0.00000000,0
3263,0,1872335,1,0,0.00000000,0
3264,0,1872336,1,0,0.00000000,0
3265,0,1872337,1309,0,0.00000000,0
3266,0,1872389,4,1,0.25000000,1
3267,0,1872390,4,0,0.00000000,0
3268,0,1872391,1,0,0.00000000,0
3269,0,1872393,2,0,0.00000000,0
3270,0,1872394,49,0,0.00000000,0
3271,0,1872395,44,0,0.00000000,0
3272,0,1872400,371,0,0.00000000,0
3273,0,1872401,234,0,0.00000000,0
3274,0,1872426,5,0,0.00000000,0
3275,0,1872427,19,0,0.00000000,0
3276,0,1872428,6,0,0.00000000,0
3277,0,1872431,195,0,0.00000000,0
3278,0,1872432,229,0,0.00000000,0
3279,0,1872433,196,0,0.00000000,0
3280,0,1872434,10,2,0.20000000,1
3281,0,1872435,2,2,1.00000000,1
3282,0,1872447,123,3,0.02439024,1
3283,0,1872448,53,0,0.00000000,0
3284,0,1872450,7,0,0.00000000,0
3285,0,1872451,2,0,0.00000000,0
3286,0,1872465,445,378,0.84943820,1
3287,0,1872469,7,0,0.00000000,0
3288,0,1872470,5,0,0.00000000,0
3289,0,1872471,4,0,0.00000000,0
3290,0,1872473,3,0,0.00000000,0
3291,0,1872474,275,1,0.00363636,1
3292,0,1872479,8,0,0.00000000,0
3293,0,1872480,2,0,0.00000000,0
3294,0,1872481,3,0,0.00000000,0
3295,0,1872482,3,0,0.00000000,0
3296,0,1872483,2,0,0.00000000,0
3297,0,1872486,1,0,0.00000000,0
3298,0,1872487,1,0,0.00000000,0
3299,0,1872489,1,0,0.00000000,0
3300,0,1872492,2,0,0.00000000,0
3301,0,1872495,2,0,0.00000000,0
3302,0,1872496,1,0,0.00000000,0
3303,0,1872498,1,0,0.00000000,0
3304,0,1872500,320,1,0.00312500,1
3305,0,1872541,1,0,0.00000000,0
3306,0,1872542,40,0,0.00000000,0
3307,0,1872543,37,0,0.00000000,0
3308,0,1872545,3,0,0.00000000,0
3309,0,1872547,2,0,0.00000000,0
3310,0,1872554,4,0,0.00000000,0
3311,0,1872555,92,0,0.00000000,0
3312,0,1872556,4,4,1.00000000,1
3313,0,1872560,19,2,0.10526316,1
3314,0,1872561,40,0,0.00000000,0
3315,0,1872562,4,0,0.00000000,0
3316,0,1872564,27,0,0.00000000,0
3317,0,1872565,94,0,0.00000000,0
3318,0,1872568,9,0,0.00000000,0
3319,0,1872569,177,0,0.00000000,0
3320,0,1872570,15,0,0.00000000,0
3321,0,1872571,303,0,0.00000000,0
3322,0,1872572,239,0,0.00000000,0
3323,0,1872573,2,2,1.00000000,1
3324,0,1872576,51,0,0.00000000,0
3325,0,1872577,33,0,0.00000000,0
3326,0,1872580,197,0,0.00000000,0
3327,0,1872583,1,0,0.00000000,0
3328,0,1872584,4,0,0.00000000,0
3329,0,1872585,3,0,0.00000000,0
3330,0,1872586,4,0,0.00000000,0
3331,0,1872591,43,1,0.02325581,1
3332,0,1872592,11,0,0.00000000,0
3333,0,1872595,10,0,0.00000000,0
3334,0,1872596,7,0,0.00000000,0
3335,0,1872597,4,0,0.00000000,0
3336,0,1872598,4,0,0.00000000,0
3337,0,1872599,2,0,0.00000000,0
3338,0,1872601,3,0,0.00000000,0
3339,0,1872625,1,0,0.00000000,0
3340,0,1872627,1,0,0.00000000,0
3341,0,1872628,8,0,0.00000000,0
3342,0,1872630,4,0,0.00000000,0
3343,0,1872631,2,0,0.00000000,0
3344,0,1872632,1,0,0.00000000,0
3345,0,1872633,284,1,0.00352113,1
3346,0,1872643,7,0,0.00000000,0
3347,0,1872644,6,0,0.00000000,0
3348,0,1872645,2,0,0.00000000,0
3349,0,1872646,3,0,0.00000000,0
3350,0,1872656,327,0,0.00000000,0
3351,0,1872659,4,0,0.00000000,0
3352,0,1872660,2,0,0.00000000,0
3353,0,1872661,2,0,0.00000000,0
3354,0,1872662,4,0,0.00000000,0
3355,0,1872665,2,0,0.00000000,0
3356,0,1872667,3,1,0.33333333,1
3357,0,1872669,1,1,1.00000000,1
3358,0,1872674,6,1,0.16666667,1
3359,0,1872675,49,0,0.00000000,0
3360,0,1872678,41,1,0.02439024,1
3361,0,1872679,2708,0,0.00000000,0
3362,0,1872680,289,0,0.00000000,0
3363,0,1872681,1006,0,0.00000000,0
3364,0,1872682,1637,0,0.00000000,0
3365,0,1872683,1483,0,0.00000000,0
3366,0,1872684,1539,0,0.00000000,0
3367,0,1872685,837,0,0.00000000,0
3368,0,1872686,93,0,0.00000000,0
3369,0,1872688,39,0,0.00000000,0
3370,0,1872689,6,0,0.00000000,0
3371,0,1872690,1038,741,0.71387283,1
3372,0,1872691,7,3,0.42857143,1
3373,0,1872692,125,0,0.00000000,0
3374,0,1872693,95,0,0.00000000,0
3375,0,1872695,4,0,0.00000000,0
3376,0,1872696,40,1,0.02500000,1
3377,0,1872701,6,0,0.00000000,0
3378,0,1872702,12,0,0.00000000,0
3379,0,1872703,4,0,0.00000000,0
3380,0,1872704,240,1,0.00416667,1
3381,0,1872707,6,0,0.00000000,0
3382,0,1872708,4,0,0.00000000,0
3383,0,1872709,6,0,0.00000000,0
3384,0,1872710,4,0,0.00000000,0
3385,0,1872712,2,0,0.00000000,0
3386,0,1872717,2,0,0.00000000,0
3387,0,1872719,1,0,0.00000000,0
3388,0,1872720,2,0,0.00000000,0
3389,0,1872726,2,0,0.00000000,0
3390,0,1872728,1032,0,0.00000000,0
3391,0,1872736,6,0,0.00000000,0
3392,0,1872737,18,0,0.00000000,0
3393,0,1872738,2,0,0.00000000,0
3394,0,1872739,4,0,0.00000000,0
3395,0,1872740,46,2,0.04347826,1
3396,0,1872741,3,0,0.00000000,0
3397,0,1872742,29,0,0.00000000,0
3398,0,1872743,13,0,0.00000000,0
3399,0,1872744,101,1,0.00990099,1
3400,0,1872745,62,0,0.00000000,0
3401,0,1872746,48,0,0.00000000,0
3402,0,1872747,148,0,0.00000000,0
3403,0,1872748,28,0,0.00000000,0
3404,0,1872749,163,0,0.00000000,0
3405,0,1872750,4,0,0.00000000,0
3406,0,1872751,159,0,0.00000000,0
3407,0,1872752,2,0,0.00000000,0
3408,0,1872753,184,0,0.00000000,0
3409,0,1872754,13,0,0.00000000,0
3410,0,1872755,158,0,0.00000000,0
3411,0,1872756,35,0,0.00000000,0
3412,0,1872757,146,0,0.00000000,0
3413,0,1872758,72,0,0.00000000,0
3414,0,1872759,70,0,0.00000000,0
3415,0,1872760,146,0,0.00000000,0
3416,0,1872761,54,0,0.00000000,0
3417,0,1872762,147,0,0.00000000,0
3418,0,1872763,4,0,0.00000000,0
3419,0,1872764,186,0,0.00000000,0
3420,0,1872765,7,0,0.00000000,0
3421,0,1872766,178,0,0.00000000,0
3422,0,1872767,4,0,0.00000000,0
3423,0,1872768,182,0,0.00000000,0
3424,0,1872769,9,0,0.00000000,0
3425,0,1872770,117,0,0.00000000,0
3426,0,1872771,56,0,0.00000000,0
3427,0,1872772,68,0,0.00000000,0
3428,0,1872773,129,0,0.00000000,0
3429,0,1872774,53,0,0.00000000,0
3430,0,1872775,155,0,0.00000000,0
3431,0,1872776,35,0,0.00000000,0
3432,0,1872777,170,0,0.00000000,0
3433,0,1872778,4,0,0.00000000,0
3434,0,1872779,200,0,0.00000000,0
3435,0,1872780,3,0,0.00000000,0
3436,0,1872781,209,0,0.00000000,0
3437,0,1872782,6,0,0.00000000,0
3438,0,1872783,154,0,0.00000000,0
3439,0,1872784,38,0,0.00000000,0
3440,0,1872785,97,0,0.00000000,0
3441,0,1872786,102,0,0.00000000,0
3442,0,1872787,57,0,0.00000000,0
3443,0,1872788,139,0,0.00000000,0
3444,0,1872789,28,0,0.00000000,0
3445,0,1872790,172,0,0.00000000,0
3446,0,1872791,9,0,0.00000000,0
3447,0,1872792,193,0,0.00000000,0
3448,0,1872793,2,0,0.00000000,0
3449,0,1872794,179,0,0.00000000,0
3450,0,1872795,6,0,0.00000000,0
3451,0,1872796,162,0,0.00000000,0
3452,0,1872797,21,0,0.00000000,0
3453,0,1872798,89,0,0.00000000,0
3454,0,1872799,98,0,0.00000000,0
3455,0,1872800,89,0,0.00000000,0
3456,0,1872801,133,0,0.00000000,0
3457,0,1872802,47,0,0.00000000,0
3458,0,1872803,160,0,0.00000000,0
3459,0,1872804,21,0,0.00000000,0
3460,0,1872805,155,0,0.00000000,0
3461,0,1872806,4,0,0.00000000,0
3462,0,1872807,210,0,0.00000000,0
3463,0,1872808,9,0,0.00000000,0
3464,0,1872809,187,0,0.00000000,0
3465,0,1872810,6,0,0.00000000,0
3466,0,1872811,125,0,0.00000000,0
3467,0,1872812,86,0,0.00000000,0
3468,0,1872813,89,0,0.00000000,0
3469,0,1872814,101,0,0.00000000,0
3470,0,1872815,21,0,0.00000000,0
3471,0,1872816,2,1,0.50000000,1
3472,0,1872819,2,1,0.50000000,1
3473,0,1872820,2,0,0.00000000,0
3474,0,1872822,31,0,0.00000000,0
3475,0,1872823,18,0,0.00000000,0
3476,0,1872824,30,0,0.00000000,0
3477,0,1872825,37,0,0.00000000,0
3478,0,1872826,39,0,0.00000000,0
3479,0,1872827,34,0,0.00000000,0
3480,0,1872828,55,0,0.00000000,0
3481,0,1872829,40,0,0.00000000,0
3482,0,1872830,33,0,0.00000000,0
3483,0,1872831,53,0,0.00000000,0
3484,0,1872832,34,0,0.00000000,0
3485,0,1872833,18,0,0.00000000,0
3486,0,1872834,28,0,0.00000000,0
3487,0,1872835,27,0,0.00000000,0
3488,0,1872836,33,0,0.00000000,0
3489,0,1872837,38,0,0.00000000,0
3490,0,1872838,37,0,0.00000000,0
3491,0,1872839,27,0,0.00000000,0
3492,0,1872840,41,0,0.00000000,0
3493,0,1872841,34,0,0.00000000,0
3494,0,1872842,55,0,0.00000000,0
3495,0,1872843,19,0,0.00000000,0
3496,0,1872844,48,0,0.00000000,0
3497,0,1872845,79,2,0.02531646,1
3498,0,1872846,20,0,0.00000000,0
3499,0,1872847,32,0,0.00000000,0
3500,0,1872848,27,0,0.00000000,0
3501,0,1872849,36,0,0.00000000,0
3502,0,1872850,59,0,0.00000000,0
3503,0,1872851,42,0,0.00000000,0
3504,0,1872852,39,1,0.02564103,1
3505,0,1872853,103,0,0.00000000,0
3506,0,1872854,37,1,0.02702703,1
3507,0,1872855,50,0,0.00000000,0
3508,0,1872856,93,0,0.00000000,0
3509,0,1872857,108,2,0.01851852,1
3510,0,1872858,80,1,0.01250000,1
3511,0,1872859,50,2,0.04000000,1
3512,0,1872860,4,0,0.00000000,0
3513,0,1872861,120,0,0.00000000,0
3514,0,1872862,13,0,0.00000000,0
3515,0,1872865,11,0,0.00000000,0
3516,0,1872866,6,0,0.00000000,0
3517,0,1872867,6,0,0.00000000,0
3518,0,1872868,1,0,0.00000000,0
3519,0,1872869,5,0,0.00000000,0
3520,0,1872870,4,0,0.00000000,0
3521,0,1872871,4,0,0.00000000,0
3522,0,1872875,1,0,0.00000000,0
3523,0,1872877,1,0,0.00000000,0
3524,0,1872881,2,0,0.00000000,0
3525,0,1872884,290,1,0.00344828,1
3526,0,1872887,5,0,0.00000000,0
3527,0,1872888,4,0,0.00000000,0
3528,0,1872889,4,0,0.00000000,0
3529,0,1872890,6,0,0.00000000,0
3530,0,1872893,2,0,0.00000000,0
3531,0,1872896,2,0,0.00000000,0
3532,0,1872900,3,0,0.00000000,0
3533,0,1872901,1,0,0.00000000,0
3534,0,1872903,1,0,0.00000000,0
3535,0,1872904,1,0,0.00000000,0
3536,0,1872908,922,0,0.00000000,0
3537,0,1872911,14,0,0.00000000,0
3538,0,1872912,3,0,0.00000000,0
3539,0,1872913,3,0,0.00000000,0
3540,0,1872915,4,0,0.00000000,0
3541,0,1872916,6,0,0.00000000,0
3542,0,1872920,3,0,0.00000000,0
3543,0,1872922,2,0,0.00000000,0
3544,0,1872923,1,0,0.00000000,0
3545,0,1872927,1,0,0.00000000,0
3546,0,1872931,2,0,0.00000000,0
3547,0,1872932,1095,0,0.00000000,0
3548,0,1872934,11,0,0.00000000,0
3549,0,1872935,6,0,0.00000000,0
3550,0,1872937,4,0,0.00000000,0
3551,0,1872940,2,0,0.00000000,0
3552,0,1872944,2,0,0.00000000,0
3553,0,1872946,4,0,0.00000000,0
3554,0,1872950,4,0,0.00000000,0
3555,0,1872951,3,0,0.00000000,0
3556,0,1872952,2,0,0.00000000,0
3557,0,1872954,2,0,0.00000000,0
3558,0,1872955,937,0,0.00000000,0
3559,0,1872958,1,0,0.00000000,0
3560,0,1872960,9,0,0.00000000,0
3561,0,1872961,5,0,0.00000000,0
3562,0,1872964,206,0,0.00000000,0
3563,0,1872965,149,0,0.00000000,0
3564,0,1872968,1,0,0.00000000,0
3565,0,1872971,1,0,0.00000000,0
3566,0,1872987,1,0,0.00000000,0
3567,0,1872993,5,0,0.00000000,0
3568,0,1873002,1,0,0.00000000,0
3569,0,1873006,1,0,0.00000000,0
3570,0,1873013,1,0,0.00000000,0
3571,0,1873014,1,0,0.00000000,0
3572,0,1873017,1,0,0.00000000,0
3573,0,1873019,1,0,0.00000000,0
3574,0,1873024,1,0,0.00000000,0
3575,0,1873028,1,0,0.00000000,0
3576,0,1873034,309,0,0.00000000,0
3577,0,1873038,1,0,0.00000000,0
3578,0,1873039,354,0,0.00000000,0
3579,0,1873080,263,0,0.00000000,0
3580,0,1873084,224,0,0.00000000,0
3581,0,1873089,11,0,0.00000000,0
3582,0,1873090,9,0,0.00000000,0
3583,0,1873094,14,4,0.28571429,1
3584,0,1873100,8,1,0.12500000,1
3585,0,1873106,5,2,0.40000000,1
3586,0,1873107,2,0,0.00000000,0
3587,0,1873108,1,0,0.00000000,0
3588,0,1873109,6,0,0.00000000,0
3589,0,1873110,112,0,0.00000000,0
3590,0,1873111,111,0,0.00000000,0
3591,0,1873113,2,1,0.50000000,1
3592,0,1873115,6,1,0.16666667,1
3593,0,1873120,4,0,0.00000000,0
3594,0,1873121,2,1,0.50000000,1
3595,0,1873126,3,0,0.00000000,0
3596,0,1873129,3,0,0.00000000,0
3597,0,1873131,2,1,0.50000000,1
3598,0,1873132,1,0,0.00000000,0
3599,0,1873139,3,0,0.00000000,0
3600,0,1873145,1,0,0.00000000,0
3601,0,1873149,18,1,0.05555556,1
3602,0,1873152,2432,0,0.00000000,0
3603,0,1873153,26,0,0.00000000,0
3604,0,1873154,13,0,0.00000000,0
3605,0,1873157,26,0,0.00000000,0
3606,0,1873159,128,0,0.00000000,0
3607,0,1873160,8,0,0.00000000,0
3608,0,1873167,8,0,0.00000000,0
3609,0,1873171,28,0,0.00000000,0
3610,0,1873174,7,0,0.00000000,0
3611,0,1873177,9,0,0.00000000,0
3612,0,1873181,12,0,0.00000000,0
3613,0,1873184,296,285,0.96283784,1
3614,0,1873186,3,0,0.00000000,0
3615,0,1873187,1,0,0.00000000,0
3616,0,1873188,1,0,0.00000000,0
3617,0,1873189,3,0,0.00000000,0
3618,0,1873190,5852,0,0.00000000,0
3619,0,1873191,5945,0,0.00000000,0
3620,0,1873192,5950,404,0.06789916,1
3621,0,1873193,4829,1692,0.35038310,1
3622,0,1873194,15,0,0.00000000,0
3623,0,1873199,15,0,0.00000000,0
3624,0,1873200,6,0,0.00000000,0
3625,0,1873203,3,0,0.00000000,0
3626,0,1873204,6,0,0.00000000,0
3627,0,1873205,3,0,0.00000000,0
3628,0,1873206,9,0,0.00000000,0
3629,0,1873207,11,0,0.00000000,0
3630,0,1873208,4,0,0.00000000,0
3631,0,1873209,23,1,0.04347826,1
3632,0,1873210,3,0,0.00000000,0
3633,0,1873227,199,186,0.93467337,1
3634,0,1873231,8,0,0.00000000,0
3635,0,1873244,4,0,0.00000000,0
3636,0,1873249,1,0,0.00000000,0
3637,0,1873253,92,0,0.00000000,0
3638,0,1873255,3,0,0.00000000,0
3639,0,1873257,6,0,0.00000000,0
3640,0,1873259,8,0,0.00000000,0
3641,0,1873260,1,0,0.00000000,0
3642,0,1873261,9,0,0.00000000,0
3643,0,1873263,9,0,0.00000000,0
3644,0,1873266,11,0,0.00000000,0
3645,0,1873267,6,0,0.00000000,0
3646,0,1873269,10,0,0.00000000,0
3647,0,1873270,42,0,0.00000000,0
3648,0,1873271,1024,0,0.00000000,0
3649,0,1873277,1036,0,0.00000000,0
3650,0,1873281,21,0,0.00000000,0
3651,0,1873283,9,0,0.00000000,0
3652,0,1873293,936,0,0.00000000,0
3653,0,1873294,97,0,0.00000000,0
3654,0,1873297,1,0,0.00000000,0
3655,0,1873298,71,0,0.00000000,0
3656,0,1873320,24,0,0.00000000,0
3657,0,1873321,21,0,0.00000000,0
3658,0,1873322,1377,347,0.25199710,1
3659,0,1873324,18,9,0.50000000,1
3660,0,1873325,348,348,1.00000000,1
3661,0,1873326,64,64,1.00000000,1
3662,0,1873394,30,15,0.50000000,1
3663,0,1873396,13,0,0.00000000,0
3664,0,1873402,10,0,0.00000000,0
3665,0,1873403,14,0,0.00000000,0
3666,0,1873405,1040,0,0.00000000,0
3667,0,1873409,175,160,0.91428571,1
3668,0,1873451,14,0,0.00000000,0
3669,0,1873452,407,389,0.95577396,1
3670,0,1873456,6,0,0.00000000,0
3671,0,1873459,18,0,0.00000000,0
3672,0,1873462,1,0,0.00000000,0
3673,0,1873483,1,0,0.00000000,0
3674,0,1873487,232,0,0.00000000,0
3675,0,1873502,98,0,0.00000000,0
3676,0,1873503,4,0,0.00000000,0
3677,0,1873504,163,0,0.00000000,0
3678,0,1873506,2,0,0.00000000,0
3679,0,1873507,107,0,0.00000000,0
3680,0,1873510,2,0,0.00000000,0
3681,0,1873511,84,0,0.00000000,0
3682,0,1873512,3,0,0.00000000,0
3683,0,1873513,6,0,0.00000000,0
3684,0,1873515,6,0,0.00000000,0
3685,0,1873517,6,0,0.00000000,0
3686,0,1873518,3,0,0.00000000,0
3687,0,1873521,15,0,0.00000000,0
3688,0,1873522,7,0,0.00000000,0
3689,0,1873528,15,1,0.06666667,1
3690,0,1873531,17,1,0.05882353,1
3691,0,1873532,4,0,0.00000000,0
3692,0,1873533,12,0,0.00000000,0
3693,0,1873535,9,0,0.00000000,0
3694,0,1873538,6,0,0.00000000,0
3695,0,1873539,2,0,0.00000000,0
3696,0,1873542,2,0,0.00000000,0
3697,0,1873545,111,0,0.00000000,0
3698,0,1873546,482,185,0.38381743,1
3699,0,1873553,2048,1024,0.50000000,1
3700,0,1873570,21,0,0.00000000,0
3701,0,1873581,3,2,0.66666667,1
3702,0,1873584,1,1,1.00000000,1
3703,0,1873586,16,1,0.06250000,1
3704,0,1873588,9,0,0.00000000,0
3705,0,1873589,6,0,0.00000000,0
3706,0,1873592,8,0,0.00000000,0
3707,0,1873593,3,0,0.00000000,0
3708,0,1873598,12,0,0.00000000,0
3709,0,1873606,26,0,0.00000000,0
3710,0,1873610,14,0,0.00000000,0
3711,0,1873612,420,389,0.92619048,1
3712,0,1873614,431,431,1.00000000,1
3713,0,1873619,13,0,0.00000000,0
3714,0,1873620,398,398,1.00000000,1
3715,0,1873621,2,2,1.00000000,1
3716,0,1873622,432,432,1.00000000,1
3717,0,1873624,393,393,1.00000000,1
3718,0,1873625,12,6,0.50000000,1
3719,0,1873627,236,117,0.49576271,1
3720,0,1873628,124,62,0.50000000,1
3721,0,1873630,251,125,0.49800797,1
3722,0,1873632,88,42,0.47727273,1
3723,0,1873651,2,0,0.00000000,0
3724,0,1873663,1,0,0.00000000,0
3725,0,1873667,2,0,0.00000000,0
3726,0,1873671,9,0,0.00000000,0
3727,0,1873672,6,0,0.00000000,0
3728,0,1873675,10,0,0.00000000,0
3729,0,1873677,60,0,0.00000000,0
3730,0,1873680,13,0,0.00000000,0
3731,0,1873681,7,0,0.00000000,0
3732,0,1873688,1,0,0.00000000,0
3733,0,1873689,1,0,0.00000000,0
3734,0,1873691,1,0,0.00000000,0
3735,0,1873692,1,0,0.00000000,0
3736,0,1873693,1,0,0.00000000,0
3737,0,1873694,4,0,0.00000000,0
3738,0,1873695,1,0,0.00000000,0
3739,0,1873696,1,0,0.00000000,0
3740,0,1873697,1,0,0.00000000,0
3741,0,1873698,1,0,0.00000000,0
3742,0,1873699,1,0,0.00000000,0
3743,0,1873701,1,0,0.00000000,0
3744,0,1873702,1,0,0.00000000,0
3745,0,1873703,3,0,0.00000000,0
3746,0,1873704,2,0,0.00000000,0
3747,0,1873705,4,0,0.00000000,0
3748,0,1873706,4,0,0.00000000,0
3749,0,1873707,2,0,0.00000000,0
3750,0,1873708,23,0,0.00000000,0
3751,0,1873709,8,0,0.00000000,0
3752,0,1873710,1,0,0.00000000,0
3753,0,1873711,18,0,0.00000000,0
3754,0,1873714,1,0,0.00000000,0
3755,0,1873716,15,8,0.53333333,1
3756,0,1873717,16,16,1.00000000,1
3757,0,1873722,34,0,0.00000000,0
3758,0,1873723,3,0,0.00000000,0
3759,0,1873728,68,1,0.01470588,1
3760,0,1873733,1,0,0.00000000,0
3761,0,1873745,1,0,0.00000000,0
3762,0,1873748,172,0,0.00000000,0
3763,0,1873754,11,0,0.00000000,0
3764,0,1873756,419,402,0.95942721,1
3765,0,1873774,26,0,0.00000000,0
3766,0,1873775,429,429,1.00000000,1
3767,0,1873780,422,416,0.98578199,1
3768,0,1873782,421,421,1.00000000,1
3769,0,1873783,18,9,0.50000000,1
3770,0,1873785,403,403,1.00000000,1
3771,0,1873786,423,423,1.00000000,1
3772,0,1873788,394,393,0.99746193,1
3773,0,1873790,35,9,0.25714286,1
3774,0,1873791,402,402,1.00000000,1
3775,0,1873793,152,73,0.48026316,1
3776,0,1873810,3,0,0.00000000,0
3777,0,1873817,71,35,0.49295775,1
3778,0,1873819,6,0,0.00000000,0
3779,0,1873825,10,0,0.00000000,0
3780,0,1873828,33,1,0.03030303,1
3781,0,1873834,3,0,0.00000000,0
3782,0,1873835,1,0,0.00000000,0
3783,0,1873836,2,1,0.50000000,1
3784,0,1873840,1553,0,0.00000000,0
3785,0,1873841,516,0,0.00000000,0
3786,0,1873842,4,0,0.00000000,0
3787,0,1873843,851,0,0.00000000,0
3788,0,1873844,1203,0,0.00000000,0
3789,0,1873846,2,1,0.50000000,1
3790,0,1873848,3,0,0.00000000,0
3791,0,1873849,3,0,0.00000000,0
3792,0,1873852,79,75,0.94936709,1
3793,0,1873853,2,1,0.50000000,1
3794,0,1873856,13,2,0.15384615,1
3795,0,1873857,2,0,0.00000000,0
3796,0,1873873,15,0,0.00000000,0
3797,0,1873874,1,0,0.00000000,0
3798,0,1873876,3,0,0.00000000,0
3799,0,1873877,9,0,0.00000000,0
3800,0,1873878,6,0,0.00000000,0
3801,0,1873881,6,0,0.00000000,0
3802,0,1873885,9,0,0.00000000,0
3803,0,1873887,3,0,0.00000000,0
3804,0,1873891,5,0,0.00000000,0
3805,0,1873892,20,3,0.15000000,1
3806,0,1873893,399,399,1.00000000,1
3807,0,1873901,118,40,0.33898305,1
3808,0,1873906,17,6,0.35294118,1
3809,0,1873908,404,401,0.99257426,1
3810,0,1873910,36,15,0.41666667,1
3811,0,1873911,43,12,0.27906977,1
3812,0,1873913,195,93,0.47692308,1
3813,0,1873914,35,17,0.48571429,1
3814,0,1873916,96,43,0.44791667,1
3815,0,1873917,86,86,1.00000000,1
3816,0,1873918,89,0,0.00000000,0
3817,0,1873919,392,392,1.00000000,1
3818,0,1873921,371,371,1.00000000,1
3819,0,1873922,18,9,0.50000000,1
3820,0,1873924,11,0,0.00000000,0
3821,0,1873926,3,0,0.00000000,0
3822,0,1873928,29,0,0.00000000,0
3823,0,1873939,1,0,0.00000000,0
3824,0,1873957,173,1,0.00578035,1
3825,0,1873959,12,0,0.00000000,0
3826,0,1873960,3,0,0.00000000,0
3827,0,1873962,3,0,0.00000000,0
3828,0,1873965,1,0,0.00000000,0
3829,0,1873972,12,0,0.00000000,0
3830,0,1873977,1,0,0.00000000,0
3831,0,1873984,22,0,0.00000000,0
3832,0,1873985,26,0,0.00000000,0
3833,0,1873989,245,0,0.00000000,0
3834,0,1873990,1846,0,0.00000000,0
3835,0,1873995,7,0,0.00000000,0
3836,0,1873998,1,0,0.00000000,0
3837,0,1873999,587,0,0.00000000,0
3838,0,1874000,452,0,0.00000000,0
3839,0,1874009,1,0,0.00000000,0
3840,0,1874011,2,1,0.50000000,1
3841,0,1874026,4,0,0.00000000,0
3842,0,1874036,7,0,0.00000000,0
3843,0,1874037,3,0,0.00000000,0
3844,0,1874045,19,0,0.00000000,0
3845,0,1874046,16,0,0.00000000,0
3846,0,1874047,48,0,0.00000000,0
3847,0,1874048,1,0,0.00000000,0
3848,0,1874102,2,0,0.00000000,0
3849,0,1874103,54,2,0.03703704,1
3850,0,1874132,1024,392,0.38281250,1
3851,0,1874137,13,0,0.00000000,0
3852,0,1874141,2,2,1.00000000,1
3853,0,1874161,1024,312,0.30468750,1
3854,0,1874163,12,0,0.00000000,0
3855,0,1874166,6,0,0.00000000,0
3856,0,1874168,9,0,0.00000000,0
3857,0,1874184,96,0,0.00000000,0
3858,0,1874193,1,0,0.00000000,0
3859,0,1874198,131,1,0.00763359,1
3860,0,1874242,1,0,0.00000000,0
3861,0,1874243,1,0,0.00000000,0
3862,0,1874244,305,0,0.00000000,0
3863,0,1874245,1030,0,0.00000000,0
3864,0,1874246,199,0,0.00000000,0
3865,0,1874247,1036,0,0.00000000,0
3866,0,1874248,98,0,0.00000000,0
3867,0,1874269,29,0,0.00000000,0
3868,0,1874272,1,0,0.00000000,0
3869,0,1874276,12,0,0.00000000,0
3870,0,1874277,13,0,0.00000000,0
3871,0,1874278,15,0,0.00000000,0
3872,0,1874279,7,0,0.00000000,0
3873,0,1874280,70,0,0.00000000,0
3874,0,1874281,78,0,0.00000000,0
3875,0,1874282,3,0,0.00000000,0
3876,0,1874283,1,0,0.00000000,0
3877,0,1874285,162,0,0.00000000,0
3878,0,1874286,3,0,0.00000000,0
3879,0,1874288,3,0,0.00000000,0
3880,0,1874289,481,0,0.00000000,0
3881,0,1874290,1,0,0.00000000,0
3882,0,1874291,1,0,0.00000000,0
3883,0,1874292,568,0,0.00000000,0
3884,0,1874293,1054,0,0.00000000,0
3885,0,1874306,383,351,0.91644909,1
3886,0,1874308,1,0,0.00000000,0
3887,0,1874318,4,0,0.00000000,0
3888,0,1874319,7,0,0.00000000,0
3889,0,1874334,21,0,0.00000000,0
3890,0,1874335,8,0,0.00000000,0
3891,0,1874336,7,0,0.00000000,0
3892,0,1874337,2,0,0.00000000,0
3893,0,1874338,5,0,0.00000000,0
3894,0,1874339,42,0,0.00000000,0
3895,0,1874340,51,0,0.00000000,0
3896,0,1874342,1,0,0.00000000,0
3897,0,1874343,6,0,0.00000000,0
3898,0,1874344,108,0,0.00000000,0
3899,0,1874345,1,0,0.00000000,0
3900,0,1874346,3,0,0.00000000,0
3901,0,1874348,135,0,0.00000000,0
3902,0,1874349,2,0,0.00000000,0
3903,0,1874351,826,0,0.00000000,0
3904,0,1874352,19,0,0.00000000,0
3905,0,1874357,1,0,0.00000000,0
3906,0,1874358,1,0,0.00000000,0
3907,0,1874366,1,0,0.00000000,0
3908,0,1874371,275,0,0.00000000,0
3909,0,1874379,77,8,0.10389610,1
3910,0,1874393,2,1,0.50000000,1
3911,0,1874402,21,0,0.00000000,0
3912,0,1874403,24,0,0.00000000,0
3913,0,1874404,24,0,0.00000000,0
3914,0,1874405,24,0,0.00000000,0
3915,0,1874406,12,0,0.00000000,0
3916,0,1874407,30,0,0.00000000,0
3917,0,1874408,15,0,0.00000000,0
3918,0,1874409,6,0,0.00000000,0
3919,0,1874410,7,0,0.00000000,0
3920,0,1874412,6,0,0.00000000,0
3921,0,1874413,7,0,0.00000000,0
3922,0,1874414,11,0,0.00000000,0
3923,0,1874424,5,0,0.00000000,0
3924,0,1874425,20,0,0.00000000,0
3925,0,1874426,4,0,0.00000000,0
3926,0,1874427,1,0,0.00000000,0
3927,0,1874429,13,0,0.00000000,0
3928,0,1874434,224,0,0.00000000,0
3929,0,1874436,1,0,0.00000000,0
3930,0,1874437,1,0,0.00000000,0
3931,0,1874438,29,0,0.00000000,0
3932,0,1874440,120,0,0.00000000,0
3933,0,1874441,15,0,0.00000000,0
3934,0,1874442,13,0,0.00000000,0
3935,0,1874445,68,0,0.00000000,0
3936,0,1874446,32,0,0.00000000,0
3937,0,1874447,1,0,0.00000000,0
3938,0,1874452,1,0,0.00000000,0
3939,0,1874453,89,0,0.00000000,0
3940,0,1874455,3,0,0.00000000,0
3941,0,1874458,48,0,0.00000000,0
3942,0,1874460,227,0,0.00000000,0
3943,0,1874463,1,0,0.00000000,0
3944,0,1874464,4,0,0.00000000,0
3945,0,1874466,178,0,0.00000000,0
3946,0,1874467,9,0,0.00000000,0
3947,0,1874468,14,0,0.00000000,0
3948,0,1874469,10,0,0.00000000,0
3949,0,1874470,12,0,0.00000000,0
3950,0,1874471,16,0,0.00000000,0
3951,0,1874472,9,0,0.00000000,0
3952,0,1874479,77,0,0.00000000,0
3953,0,1874481,59,0,0.00000000,0
3954,0,1874482,9,0,0.00000000,0
3955,0,1874483,53,0,0.00000000,0
3956,0,1874484,5,0,0.00000000,0
3957,0,1874485,26,0,0.00000000,0
3958,0,1874486,15,0,0.00000000,0
3959,0,1874487,21,0,0.00000000,0
3960,0,1874488,18,0,0.00000000,0
3961,0,1874489,7,0,0.00000000,0
3962,0,1874490,21,0,0.00000000,0
3963,0,1874491,1,0,0.00000000,0
3964,0,1874492,29,0,0.00000000,0
3965,0,1874493,12,0,0.00000000,0
3966,0,1874494,27,0,0.00000000,0
3967,0,1874495,9,0,0.00000000,0
3968,0,1874496,19,0,0.00000000,0
3969,0,1874497,20,0,0.00000000,0
3970,0,1874498,18,0,0.00000000,0
3971,0,1874499,7,0,0.00000000,0
3972,0,1874500,19,0,0.00000000,0
3973,0,1874501,17,0,0.00000000,0
3974,0,1874502,17,0,0.00000000,0
3975,0,1874503,12,0,0.00000000,0
3976,0,1874504,25,0,0.00000000,0
3977,0,1874505,32,0,0.00000000,0
3978,0,1874506,31,0,0.00000000,0
3979,0,1874507,39,0,0.00000000,0
3980,0,1874508,36,0,0.00000000,0
3981,0,1874509,29,0,0.00000000,0
3982,0,1874510,46,0,0.00000000,0
3983,0,1874511,24,0,0.00000000,0
3984,0,1874512,45,0,0.00000000,0
3985,0,1874513,19,0,0.00000000,0
3986,0,1874514,50,0,0.00000000,0
3987,0,1874515,22,0,0.00000000,0
3988,0,1874516,355,311,0.87605634,1
3989,0,1874517,37,0,0.00000000,0
3990,0,1874518,33,0,0.00000000,0
3991,0,1874519,32,0,0.00000000,0
3992,0,1874520,7,0,0.00000000,0
3993,0,1874521,29,0,0.00000000,0
3994,0,1874522,8,0,0.00000000,0
3995,0,1874523,26,0,0.00000000,0
3996,0,1874524,38,0,0.00000000,0
3997,0,1874525,71,0,0.00000000,0
3998,0,1874526,12,0,0.00000000,0
3999,0,1874527,61,0,0.00000000,0
4000,0,1874528,4,0,0.00000000,0
4001,0,1874529,3,0,0.00000000,0
4002,0,1874530,34,0,0.00000000,0
4003,0,1874531,2,0,0.00000000,0
4004,0,1874532,102,0,0.00000000,0
4005,0,1874533,25,0,0.00000000,0
4006,0,1874534,8,0,0.00000000,0
4007,0,1874535,1318,336,0.25493171,1
4008,0,1874536,3971,883,0.22236213,1
4009,0,1874537,3,0,0.00000000,0
4010,0,1874539,131,0,0.00000000,0
4011,0,1874540,64,0,0.00000000,0
4012,0,1874541,128,128,1.00000000,1
4013,0,1874542,244,244,1.00000000,1
4014,0,1874543,74,0,0.00000000,0
4015,0,1874545,3,0,0.00000000,0
4016,0,1874546,2,0,0.00000000,0
4017,0,1874548,3,0,0.00000000,0
4018,0,1874549,6,0,0.00000000,0
4019,0,1874550,1036,0,0.00000000,0
4020,0,1874551,15,0,0.00000000,0
4021,0,1874553,16,0,0.00000000,0
4022,0,1874554,20,0,0.00000000,0
4023,0,1874555,101,0,0.00000000,0
4024,0,1874556,1097,0,0.00000000,0
4025,0,1874557,3,0,0.00000000,0
4026,0,1874558,163,0,0.00000000,0
4027,0,1874560,287,0,0.00000000,0
4028,0,1874561,2817,0,0.00000000,0
4029,0,1874562,1033,0,0.00000000,0
4030,0,1874563,1031,0,0.00000000,0
4031,0,1874564,15,0,0.00000000,0
4032,0,1874565,3,0,0.00000000,0
4033,0,1874566,28,0,0.00000000,0
4034,0,1874568,1061,0,0.00000000,0
4035,0,1874569,2057,0,0.00000000,0
4036,0,1874570,1030,0,0.00000000,0
4037,0,1874571,13,0,0.00000000,0
4038,0,1874573,1,0,0.00000000,0
4039,0,1874575,3,0,0.00000000,0
4040,0,1874579,1,0,0.00000000,0
4041,0,1874582,6,0,0.00000000,0
4042,0,1874583,2,0,0.00000000,0
4043,0,1874584,17,1,0.05882353,1
4044,0,1874586,2,0,0.00000000,0
4045,0,1874587,7,0,0.00000000,0
4046,0,1874588,10,0,0.00000000,0
4047,0,1874589,1,0,0.00000000,0
4048,0,1874590,2,0,0.00000000,0
4049,0,1874591,7,0,0.00000000,0
4050,0,1874592,1,0,0.00000000,0
4051,0,1874596,3,0,0.00000000,0
4052,0,1874597,3,0,0.00000000,0
4053,0,1874598,2,0,0.00000000,0
4054,0,1874599,6,0,0.00000000,0
4055,0,1874600,1,0,0.00000000,0
4056,0,1874601,3,0,0.00000000,0
4057,0,1874602,2,0,0.00000000,0
4058,0,1874603,2,0,0.00000000,0
4059,0,1874604,3,0,0.00000000,0
4060,0,1874605,5,0,0.00000000,0
4061,0,1874607,1,0,0.00000000,0
4062,0,1874608,3,0,0.00000000,0
4063,0,1874610,1,0,0.00000000,0
4064,0,1874611,2,0,0.00000000,0
4065,0,1874612,3,0,0.00000000,0
4066,0,1874613,6,0,0.00000000,0
4067,0,1874614,5,0,0.00000000,0
4068,0,1874616,5,0,0.00000000,0
4069,0,1874617,2,0,0.00000000,0
4070,0,1874618,27,0,0.00000000,0
4071,0,1874619,1,0,0.00000000,0
4072,0,1874620,3,0,0.00000000,0
4073,0,1874621,5,0,0.00000000,0
4074,0,1874622,10,0,0.00000000,0
4075,0,1874623,5,0,0.00000000,0
4076,0,1874624,4,0,0.00000000,0
4077,0,1874625,5,0,0.00000000,0
4078,0,1874626,4,0,0.00000000,0
4079,0,1874627,5,0,0.00000000,0
4080,0,1874628,2,0,0.00000000,0
4081,0,1874629,4,0,0.00000000,0
4082,0,1874630,3,0,0.00000000,0
4083,0,1874631,3,0,0.00000000,0
4084,0,1874632,51,1,0.01960784,1
4085,0,1874663,3072,426,0.13867188,1
4086,0,1874664,6,0,0.00000000,0
4087,0,1874666,3,0,0.00000000,0
4088,0,1874667,2,0,0.00000000,0
4089,0,1874668,2,0,0.00000000,0
4090,0,1874669,4,0,0.00000000,0
4091,0,1874679,3,0,0.00000000,0
4092,0,1874680,1,0,0.00000000,0
4093,0,1874681,2,0,0.00000000,0
4094,0,1874682,4,0,0.00000000,0
4095,0,1874683,1,0,0.00000000,0
4096,0,1874684,3,0,0.00000000,0
4097,0,1874685,5,0,0.00000000,0
4098,0,1874686,2,0,0.00000000,0
4099,0,1874687,2,0,0.00000000,0
4100,0,1874688,5,0,0.00000000,0
4101,0,1874689,1,0,0.00000000,0
4102,0,1874690,1,0,0.00000000,0
4103,0,1874693,29,0,0.00000000,0
4104,0,1874694,39,0,0.00000000,0
4105,0,1874695,1204,0,0.00000000,0
4106,0,1874696,1880,0,0.00000000,0
4107,0,1874707,2,1,0.50000000,1
4108,0,1874709,2,2,1.00000000,1
4109,0,1874712,3,2,0.66666667,1
4110,0,1874744,13,0,0.00000000,0
4111,0,1874745,1,1,1.00000000,1
4112,0,1874746,4,0,0.00000000,0
4113,0,1874748,1,1,1.00000000,1
4114,0,1874749,4,0,0.00000000,0
4115,0,1874750,6,0,0.00000000,0
4116,0,1874751,6,0,0.00000000,0
4117,0,1874754,2,1,0.50000000,1
4118,0,1874761,22,0,0.00000000,0
4119,0,1874763,79,14,0.17721519,1
4120,0,1874764,236,236,1.00000000,1
4121,0,1874765,228,228,1.00000000,1
4122,0,1874766,65,27,0.41538462,1
4123,0,1874768,446,446,1.00000000,1
4124,0,1874769,376,206,0.54787234,1
4125,0,1874771,458,458,1.00000000,1
4126,0,1874773,436,435,0.99770642,1
4127,0,1874774,391,390,0.99744246,1
4128,0,1874776,51,19,0.37254902,1
4129,0,1874777,441,441,1.00000000,1
4130,0,1874797,3,0,0.00000000,0
4131,0,1874823,16,0,0.00000000,0
4132,0,1874828,1,0,0.00000000,0
4133,0,1874829,20,0,0.00000000,0
4134,0,1874830,20,0,0.00000000,0
4135,0,1874841,56,0,0.00000000,0
4136,0,1874842,14,10,0.71428571,1
4137,0,1874848,1,1,1.00000000,1
4138,0,1874849,3,0,0.00000000,0
4139,0,1874855,1,0,0.00000000,0
4140,0,1874856,1,0,0.00000000,0
4141,0,1874861,6,0,0.00000000,0
4142,0,1874862,1,0,0.00000000,0
4143,0,1874868,6,0,0.00000000,0
4144,0,1874873,1,0,0.00000000,0
4145,0,1874876,1,0,0.00000000,0
4146,0,1874879,6,0,0.00000000,0
4147,0,1874883,123,3,0.02439024,1
4148,0,1874886,1,0,0.00000000,0
4149,0,1874888,1,0,0.00000000,0
4150,0,1874890,4,0,0.00000000,0
4151,0,1874891,1,0,0.00000000,0
4152,0,1874893,4,0,0.00000000,0
4153,0,1874896,28,0,0.00000000,0
4154,0,1874897,26,0,0.00000000,0
4155,0,1874898,53,0,0.00000000,0
4156,0,1874899,3,0,0.00000000,0
4157,0,1874905,1,0,0.00000000,0
4158,0,1874909,11,0,0.00000000,0
4159,0,1874910,10,0,0.00000000,0
4160,0,1874914,11,0,0.00000000,0
4161,0,1874930,36,0,0.00000000,0
4162,0,1874931,6,0,0.00000000,0
4163,0,1874951,151,132,0.87417219,1
4164,0,1874952,117,113,0.96581197,1
4165,0,1874954,3,0,0.00000000,0
4166,0,1874955,12,0,0.00000000,0
4167,0,1874956,6,0,0.00000000,0
4168,0,1874959,3,0,0.00000000,0
4169,0,1874961,64,0,0.00000000,0
4170,0,1874965,93,0,0.00000000,0
4171,0,1874971,4,0,0.00000000,0
4172,0,1874974,4,0,0.00000000,0
4173,0,1874989,10,0,0.00000000,0
4174,0,1874991,6,0,0.00000000,0
4175,0,1874997,46,0,0.00000000,0
4176,0,1874999,52,0,0.00000000,0
4177,0,1875001,15,0,0.00000000,0
4178,0,1875042,8,0,0.00000000,0
4179,0,1875047,4,0,0.00000000,0
4180,0,1875048,280,280,1.00000000,1
4181,0,1875049,88,88,1.00000000,1
4182,0,1875051,302,302,1.00000000,1
4183,0,1875052,12,0,0.00000000,0
4184,0,1875054,39,0,0.00000000,0
4185,0,1875056,1,0,0.00000000,0
4186,0,1875060,3,0,0.00000000,0
4187,0,1875061,17,0,0.00000000,0
4188,0,1875062,6,0,0.00000000,0
4189,0,1875065,7,0,0.00000000,0
4190,0,1875066,55,2,0.03636364,1
4191,0,1875072,3,0,0.00000000,0
4192,0,1875074,19,0,0.00000000,0
4193,0,1875076,10,0,0.00000000,0
4194,0,1875089,17,0,0.00000000,0
4195,0,1875094,32,0,0.00000000,0
4196,0,1875111,43,0,0.00000000,0
4197,0,1875112,18,0,0.00000000,0
4198,0,1875113,21,0,0.00000000,0
4199,0,1875117,65,0,0.00000000,0
4200,0,1875122,30,0,0.00000000,0
4201,0,1875126,151,0,0.00000000,0
4202,0,1875130,54,0,0.00000000,0
4203,0,1875133,67,0,0.00000000,0
4204,0,1875134,11,0,0.00000000,0
4205,0,1875135,49,0,0.00000000,0
4206,0,1875136,8842,0,0.00000000,0
4207,0,1875137,3471,0,0.00000000,0
4208,0,1875138,17086,0,0.00000000,0
4209,0,1875139,15984,0,0.00000000,0
4210,0,1875140,36450,0,0.00000000,0
4211,0,1875141,8744,0,0.00000000,0
4212,0,1875145,204,0,0.00000000,0
4213,0,1875149,599,0,0.00000000,0
4214,0,1875153,3,0,0.00000000,0
4215,0,1875155,289,0,0.00000000,0
4216,0,1875157,183,0,0.00000000,0
4217,0,1875164,179,0,0.00000000,0
4218,0,1875170,1,0,0.00000000,0
4219,0,1875171,315,0,0.00000000,0
4220,0,1875173,348,0,0.00000000,0
4221,0,1875177,1,0,0.00000000,0
4222,0,1875179,4,0,0.00000000,0
4223,0,1875180,2,0,0.00000000,0
4224,0,1875181,1,0,0.00000000,0
4225,0,1875183,1,0,0.00000000,0
4226,0,1875184,2,0,0.00000000,0
4227,0,1875185,1,0,0.00000000,0
4228,0,1875186,2,0,0.00000000,0
4229,0,1875187,1,0,0.00000000,0
4230,0,1875188,1,0,0.00000000,0
4231,0,1875190,1,0,0.00000000,0
4232,0,1875191,1276,0,0.00000000,0
4233,0,1875196,63,0,0.00000000,0
4234,0,1875200,1,0,0.00000000,0
4235,0,1875202,1,0,0.00000000,0
4236,0,1875204,3,0,0.00000000,0
4237,0,1875206,2,0,0.00000000,0
4238,0,1875207,1,0,0.00000000,0
4239,0,1875208,1,0,0.00000000,0
4240,0,1875209,3,0,0.00000000,0
4241,0,1875211,278,1,0.00359712,1
4242,0,1875229,2,0,0.00000000,0
4243,0,1875230,1,0,0.00000000,0
4244,0,1875231,2,0,0.00000000,0
4245,0,1875235,1,0,0.00000000,0
4246,0,1875237,2,0,0.00000000,0
4247,0,1875238,2,0,0.00000000,0
4248,0,1875241,4,0,0.00000000,0
4249,0,1875242,1,0,0.00000000,0
4250,0,1875248,771,0,0.00000000,0
4251,0,1875252,4,0,0.00000000,0
4252,0,1875254,7,0,0.00000000,0
4253,0,1875257,2,0,0.00000000,0
4254,0,1875258,2,0,0.00000000,0
4255,0,1875259,198,0,0.00000000,0
4256,0,1875261,2,0,0.00000000,0
4257,0,1875262,2,0,0.00000000,0
4258,0,1875264,2,0,0.00000000,0
4259,0,1875266,1,0,0.00000000,0
4260,0,1875267,1,0,0.00000000,0
4261,0,1875268,1,0,0.00000000,0
4262,0,1875270,1,0,0.00000000,0
4263,0,1875277,2,0,0.00000000,0
4264,0,1875279,2,0,0.00000000,0
4265,0,1875281,1,0,0.00000000,0
4266,0,1875282,1,0,0.00000000,0
4267,0,1875285,1,0,0.00000000,0
4268,0,1875286,1,0,0.00000000,0
4269,0,1875288,2,0,0.00000000,0
4270,0,1875289,1,0,0.00000000,0
4271,0,1875290,1,0,0.00000000,0
4272,0,1875301,1,0,0.00000000,0
4273,0,1875305,303,1,0.00330033,1
4274,0,1875308,6,0,0.00000000,0
4275,0,1875309,12,0,0.00000000,0
4276,0,1875310,3,0,0.00000000,0
4277,0,1875312,2,0,0.00000000,0
4278,0,1875313,26,0,0.00000000,0
4279,0,1875314,3,0,0.00000000,0
4280,0,1875315,3,0,0.00000000,0
4281,0,1875317,50,0,0.00000000,0
4282,0,1875319,10,0,0.00000000,0
4283,0,1875320,82,0,0.00000000,0
4284,0,1875321,24,0,0.00000000,0
4285,0,1875322,61,5,0.08196721,1
4286,0,1875323,101,0,0.00000000,0
4287,0,1875327,6,0,0.00000000,0
4288,0,1875328,2,0,0.00000000,0
4289,0,1875329,92,0,0.00000000,0
4290,0,1875330,28,1,0.03571429,1
4291,0,1875333,1,0,0.00000000,0
4292,0,1875341,1,0,0.00000000,0
4293,0,1875349,602,0,0.00000000,0
4294,0,1875351,3,0,0.00000000,0
4295,0,1875352,21,0,0.00000000,0
4296,0,1875353,46,0,0.00000000,0
4297,0,1875354,10,0,0.00000000,0
4298,0,1875355,22,0,0.00000000,0
4299,0,1875356,51,0,0.00000000,0
4300,0,1875357,54,0,0.00000000,0
4301,0,1875358,118,0,0.00000000,0
4302,0,1875359,18,0,0.00000000,0
4303,0,1875360,39,0,0.00000000,0
4304,0,1875361,53,0,0.00000000,0
4305,0,1875363,31,0,0.00000000,0
4306,0,1875364,40,0,0.00000000,0
4307,0,1875365,3226,0,0.00000000,0
4308,0,1875366,11382,0,0.00000000,0
4309,0,1875367,9148,0,0.00000000,0
4310,0,1875368,4680,0,0.00000000,0
4311,0,1875369,10336,0,0.00000000,0
4312,0,1875370,10328,0,0.00000000,0
4313,0,1875371,10338,0,0.00000000,0
4314,0,1875372,10335,0,0.00000000,0
4315,0,1875373,10399,0,0.00000000,0
4316,0,1875374,7718,0,0.00000000,0
4317,0,1875375,462,0,0.00000000,0
4318,0,1875376,5,0,0.00000000,0
4319,0,1875377,7,0,0.00000000,0
4320,0,1875378,16,0,0.00000000,0
4321,0,1875379,6,0,0.00000000,0
4322,0,1875381,20,0,0.00000000,0
4323,0,1875383,98,0,0.00000000,0
4324,0,1875386,43,0,0.00000000,0
4325,0,1875388,58,0,0.00000000,0
4326,0,1875390,119,0,0.00000000,0
4327,0,1875392,10,0,0.00000000,0
4328,0,1875393,10,0,0.00000000,0
4329,0,1875395,15,0,0.00000000,0
4330,0,1875396,25,0,0.00000000,0
4331,0,1875398,26,0,0.00000000,0
4332,0,1875399,12,0,0.00000000,0
4333,0,1875400,6,0,0.00000000,0
4334,0,1875402,7,0,0.00000000,0
4335,0,1875404,58,0,0.00000000,0
4336,0,1875406,75,0,0.00000000,0
4337,0,1875407,5,0,0.00000000,0
4338,0,1875408,13,0,0.00000000,0
4339,0,1875409,28,0,0.00000000,0
4340,0,1875410,63,0,0.00000000,0
4341,0,1875411,18,0,0.00000000,0
4342,0,1875412,10,0,0.00000000,0
4343,0,1875413,55,0,0.00000000,0
4344,0,1875414,4,0,0.00000000,0
4345,0,1875415,13,0,0.00000000,0
4346,0,1875417,3,0,0.00000000,0
4347,0,1875418,1,1,1.00000000,1
4348,0,1875450,1,0,0.00000000,0
4349,0,1875451,3,0,0.00000000,0
4350,0,1875452,3,0,0.00000000,0
4351,0,1875473,858,70,0.08158508,1
4352,0,1875475,7,0,0.00000000,0
4353,0,1875476,6,0,0.00000000,0
4354,0,1875477,3,0,0.00000000,0
4355,0,1875478,10,0,0.00000000,0
4356,0,1875479,5,0,0.00000000,0
4357,0,1875480,6,0,0.00000000,0
4358,0,1875481,3,0,0.00000000,0
4359,0,1875482,8,0,0.00000000,0
4360,0,1875483,4,0,0.00000000,0
4361,0,1875484,7,0,0.00000000,0
4362,0,1875525,234,218,0.93162393,1
4363,0,1875527,6,0,0.00000000,0
4364,0,1875528,3,0,0.00000000,0
4365,0,1875542,3,0,0.00000000,0
4366,0,1875543,46,0,0.00000000,0
4367,0,1875544,1577,1040,0.65948003,1
4368,0,1875545,73,0,0.00000000,0
4369,0,1875571,399,381,0.95488722,1
4370,0,1875574,3,0,0.00000000,0
4371,0,1875577,3,0,0.00000000,0
4372,0,1875595,409,0,0.00000000,0
4373,0,1875597,16,0,0.00000000,0
4374,0,1875609,10,0,0.00000000,0
4375,0,1875618,12,0,0.00000000,0
4376,0,1875619,11,0,0.00000000,0
4377,0,1875620,9,0,0.00000000,0
4378,0,1875622,7,0,0.00000000,0
4379,0,1875623,14,0,0.00000000,0
4380,0,1875624,12,0,0.00000000,0
4381,0,1875625,9,0,0.00000000,0
4382,0,1875630,998,0,0.00000000,0
4383,0,1875632,1137,0,0.00000000,0
4384,0,1875633,245,0,0.00000000,0
4385,0,1875639,5,0,0.00000000,0
4386,0,1875641,26,0,0.00000000,0
4387,0,1875642,2,0,0.00000000,0
4388,0,1875643,2,0,0.00000000,0
4389,0,1875646,2,0,0.00000000,0
4390,0,1875647,15,0,0.00000000,0
4391,0,1875648,392,0,0.00000000,0
4392,0,1875654,32,1,0.03125000,1
4393,0,1875655,4,0,0.00000000,0
4394,0,1875662,55,0,0.00000000,0
4395,0,1875664,3,0,0.00000000,0
4396,0,1875667,6,0,0.00000000,0
4397,0,1875668,10,0,0.00000000,0
4398,0,1875675,11,0,0.00000000,0
4399,0,1875677,22,0,0.00000000,0
4400,0,1875691,24,0,0.00000000,0
4401,0,1875695,27,0,0.00000000,0
4402,0,1875696,2,0,0.00000000,0
4403,0,1875699,30,1,0.03333333,1
4404,0,1875700,521,0,0.00000000,0
4405,0,1875704,16,0,0.00000000,0
4406,0,1875712,2,0,0.00000000,0
4407,0,1875715,55,0,0.00000000,0
4408,0,1875719,2,0,0.00000000,0
4409,0,1875720,79,0,0.00000000,0
4410,0,1875725,15,0,0.00000000,0
4411,0,1875726,7,0,0.00000000,0
4412,0,1875730,147,1,0.00680272,1
4413,0,1875731,56,0,0.00000000,0
4414,0,1875732,377,0,0.00000000,0
4415,0,1875734,38,0,0.00000000,0
4416,0,1875735,16,0,0.00000000,0
4417,0,1875743,1,0,0.00000000,0
4418,0,1875748,8,0,0.00000000,0
4419,0,1875749,5,0,0.00000000,0
4420,0,1875750,7,0,0.00000000,0
4421,0,1875751,2,0,0.00000000,0
4422,0,1875752,1,0,0.00000000,0
4423,0,1875753,3,0,0.00000000,0
4424,0,1875755,713,0,0.00000000,0
4425,0,1875756,2,0,0.00000000,0
4426,0,1875759,4,0,0.00000000,0
4427,0,1875760,4,3,0.75000000,1
4428,0,1875761,1,0,0.00000000,0
4429,0,1875763,1,0,0.00000000,0
4430,0,1875764,1,0,0.00000000,0
4431,0,1875765,1,0,0.00000000,0
4432,0,1875767,12,0,0.00000000,0
4433,0,1875768,1,0,0.00000000,0
4434,0,1875769,283,0,0.00000000,0
4435,0,1875772,83,0,0.00000000,0
4436,0,1875773,159,0,0.00000000,0
4437,0,1875774,1,0,0.00000000,0
4438,0,1875777,3,0,0.00000000,0
4439,0,1875780,3,0,0.00000000,0
4440,0,1875787,1,0,0.00000000,0
4441,0,1875789,75,0,0.00000000,0
4442,0,1875792,34,0,0.00000000,0
4443,0,1875793,9,0,0.00000000,0
4444,0,1875798,667,0,0.00000000,0
4445,0,1875799,90,0,0.00000000,0
4446,0,1875800,355,0,0.00000000,0
4447,0,1875803,56,0,0.00000000,0
4448,0,1875804,3,0,0.00000000,0
4449,0,1875805,4,0,0.00000000,0
4450,0,1875811,80,80,1.00000000,1
4451,0,1875812,96,0,0.00000000,0
4452,0,1875813,528,0,0.00000000,0
4453,0,1875814,12,1,0.08333333,1
4454,0,1875815,190,0,0.00000000,0
4455,0,1875823,2,0,0.00000000,0
4456,0,1875824,2,0,0.00000000,0
4457,0,1875825,99,0,0.00000000,0
4458,0,1875826,99,0,0.00000000,0
4459,0,1875837,4,0,0.00000000,0
4460,0,1875841,1,0,0.00000000,0
4461,0,1875843,3,0,0.00000000,0
4462,0,1875844,6,0,0.00000000,0
4463,0,1875851,4,0,0.00000000,0
4464,0,1875853,2,0,0.00000000,0
4465,0,1875858,1,0,0.00000000,0
4466,0,1875866,3,0,0.00000000,0
4467,0,1875871,11,0,0.00000000,0
4468,0,1875880,1,0,0.00000000,0
4469,0,1875882,9,0,0.00000000,0
4470,0,1875884,3,0,0.00000000,0
4471,0,1875886,3,0,0.00000000,0
4472,0,1875896,7,0,0.00000000,0
4473,0,1875897,3,0,0.00000000,0
4474,0,1875898,2,1,0.50000000,1
4475,0,1875899,1,0,0.00000000,0
4476,0,1875900,16,0,0.00000000,0
4477,0,1875902,3,0,0.00000000,0
4478,0,1875905,1,0,0.00000000,0
4479,0,1875907,3,0,0.00000000,0
4480,0,1875911,1,0,0.00000000,0
4481,0,1875912,5,1,0.20000000,1
4482,0,1875914,164,160,0.97560976,1
4483,0,1875915,4,0,0.00000000,0
4484,0,1875916,3,0,0.00000000,0
4485,0,1875917,2,1,0.50000000,1
4486,0,1875918,11,7,0.63636364,1
4487,0,1875920,424,424,1.00000000,1
4488,0,1875921,600,600,1.00000000,1
4489,0,1875923,656,656,1.00000000,1
4490,0,1875925,224,224,1.00000000,1
4491,0,1875926,124,3,0.02419355,1
4492,0,1875927,1008,1008,1.00000000,1
4493,0,1875928,8,8,1.00000000,1
4494,0,1875930,37,37,1.00000000,1
4495,0,1875953,2,0,0.00000000,0
4496,0,1875954,47,0,0.00000000,0
4497,0,1875955,4,0,0.00000000,0
4498,0,1875957,4,0,0.00000000,0
4499,0,1875958,778,680,0.87403599,1
4500,0,1875959,345,344,0.99710145,1
4501,0,1875960,3,0,0.00000000,0
4502,0,1875962,3,0,0.00000000,0
4503,0,1875966,21,9,0.42857143,1
4504,0,1875967,5,0,0.00000000,0
4505,0,1875968,8,0,0.00000000,0
4506,0,1875969,15,9,0.60000000,1
4507,0,1875970,264,1,0.00378788,1
4508,0,1875971,58,0,0.00000000,0
4509,0,1875972,4,0,0.00000000,0
4510,0,1875973,2,0,0.00000000,0
4511,0,1875975,107,0,0.00000000,0
4512,0,1875976,1,0,0.00000000,0
4513,0,1875978,2,0,0.00000000,0
4514,0,1875979,147,0,0.00000000,0
4515,0,1875980,2,0,0.00000000,0
4516,0,1875982,2,0,0.00000000,0
4517,0,1875983,8,1,0.12500000,1
4518,0,1875984,2,0,0.00000000,0
4519,0,1875985,4,0,0.00000000,0
4520,0,1875986,55,0,0.00000000,0
4521,0,1875989,770,0,0.00000000,0
4522,0,1875990,1,0,0.00000000,0
4523,0,1875991,10,9,0.90000000,1
4524,0,1875992,2,0,0.00000000,0
4525,0,1875993,31,25,0.80645161,1
4526,0,1875994,20,20,1.00000000,1
4527,0,1875995,20,20,1.00000000,1
4528,0,1875996,20,16,0.80000000,1
4529,0,1875999,8,0,0.00000000,0
4530,0,1876002,1,0,0.00000000,0
4531,0,1876003,7,0,0.00000000,0
4532,0,1876005,2,0,0.00000000,0
4533,0,1876006,11,0,0.00000000,0
4534,0,1876008,9,0,0.00000000,0
4535,0,1876011,2,2,1.00000000,1
4536,0,1876012,2,2,1.00000000,1
4537,0,1876015,4,4,1.00000000,1
4538,0,1876016,82,2,0.02439024,1
4539,0,1876019,4,0,0.00000000,0
4540,0,1876020,2,2,1.00000000,1
4541,0,1876021,1,0,0.00000000,0
4542,0,1876022,8,0,0.00000000,0
4543,0,1876023,1,0,0.00000000,0
4544,0,1876024,1,0,0.00000000,0
4545,0,1876027,11,4,0.36363636,1
4546,0,1876028,2,2,1.00000000,1
4547,0,1876029,1,0,0.00000000,0
4548,0,1876030,6,0,0.00000000,0
4549,0,1876036,15,0,0.00000000,0
4550,0,1876038,1,0,0.00000000,0
4551,0,1876041,10,0,0.00000000,0
4552,0,1876042,1,0,0.00000000,0
4553,0,1876044,7,0,0.00000000,0
4554,0,1876046,2,2,1.00000000,1
4555,0,1876047,1,0,0.00000000,0
4556,0,1876048,6,1,0.16666667,1
4557,0,1876050,1,0,0.00000000,0
4558,0,1876053,9,0,0.00000000,0
4559,0,1876054,8,0,0.00000000,0
4560,0,1876057,2,2,1.00000000,1
4561,0,1876058,6,6,1.00000000,1
4562,0,1876066,15,0,0.00000000,0
4563,0,1876068,3,0,0.00000000,0
4564,0,1876069,1,0,0.00000000,0
4565,0,1876070,1,0,0.00000000,0
4566,0,1876071,2,0,0.00000000,0
4567,0,1876072,7,0,0.00000000,0
4568,0,1876074,2,0,0.00000000,0
4569,0,1876075,3,0,0.00000000,0
4570,0,1876078,3,0,0.00000000,0
4571,0,1876082,5,0,0.00000000,0
4572,0,1876084,16,0,0.00000000,0
4573,0,1876085,13,0,0.00000000,0
4574,0,1876086,3,0,0.00000000,0
4575,0,1876088,7,0,0.00000000,0
4576,0,1876091,2,0,0.00000000,0
4577,0,1876092,3,0,0.00000000,0
4578,0,1876095,3,0,0.00000000,0
4579,0,1876099,17,0,0.00000000,0
4580,0,1876100,7,0,0.00000000,0
4581,0,1876101,5,0,0.00000000,0
4582,0,1876103,12,0,0.00000000,0
4583,0,1876104,5,0,0.00000000,0
4584,0,1876106,9,0,0.00000000,0
4585,0,1876107,49,2,0.04081633,1
4586,0,1876108,1,0,0.00000000,0
4587,0,1876109,145,0,0.00000000,0
4588,0,1876110,418,0,0.00000000,0
4589,0,1876111,986,0,0.00000000,0
4590,0,1876112,1379,0,0.00000000,0
4591,0,1876113,1977,0,0.00000000,0
4592,0,1876114,131,0,0.00000000,0
4593,0,1876115,8,0,0.00000000,0
4594,0,1876116,3,0,0.00000000,0
4595,0,1876117,10,0,0.00000000,0
4596,0,1876118,1,0,0.00000000,0
4597,0,1876119,1,0,0.00000000,0
4598,0,1876127,33,0,0.00000000,0
4599,0,1876128,1,0,0.00000000,0
4600,0,1876130,1,0,0.00000000,0
4601,0,1876132,1,0,0.00000000,0
4602,0,1876133,1,0,0.00000000,0
4603,0,1876137,2,0,0.00000000,0
4604,0,1876140,1,0,0.00000000,0
4605,0,1876141,129,128,0.99224806,1
4606,0,1876142,8,8,1.00000000,1
4607,0,1876144,1,0,0.00000000,0
4608,0,1876145,10,0,0.00000000,0
4609,0,1876147,174,0,0.00000000,0
4610,0,1876149,480,480,1.00000000,1
4611,0,1876150,546,544,0.99633700,1
4612,0,1876151,10,4,0.40000000,1
4613,0,1876152,53,2,0.03773585,1
4614,0,1876153,126,0,0.00000000,0
4615,0,1876154,1024,1024,1.00000000,1
4616,0,1876155,8,0,0.00000000,0
4617,0,1876156,8,0,0.00000000,0
4618,0,1876157,1129,1016,0.89991143,1
4619,0,1876159,10,9,0.90000000,1
4620,0,1876160,32,10,0.31250000,1
4621,0,1876161,50,0,0.00000000,0
4622,0,1876162,82,0,0.00000000,0
4623,0,1876163,109,0,0.00000000,0
4624,0,1876164,24,0,0.00000000,0
4625,0,1876168,982,0,0.00000000,0
4626,0,1876169,640,0,0.00000000,0
4627,0,1876175,26,2,0.07692308,1
4628,0,1876176,40,2,0.05000000,1
4629,0,1876177,2,0,0.00000000,0
4630,0,1876178,1,0,0.00000000,0
4631,0,1876180,83,0,0.00000000,0
4632,0,1876181,4,4,1.00000000,1
4633,0,1876182,2,2,1.00000000,1
4634,0,1876183,2,2,1.00000000,1
4635,0,1876189,11,8,0.72727273,1
4636,0,1876190,5,0,0.00000000,0
4637,0,1876191,3,0,0.00000000,0
4638,0,1876192,3,0,0.00000000,0
4639,0,1876193,2,0,0.00000000,0
4640,0,1876194,2,0,0.00000000,0
4641,0,1876196,288,230,0.79861111,1
4642,0,1876197,5,0,0.00000000,0
4643,0,1876199,8,0,0.00000000,0
4644,0,1876200,10,0,0.00000000,0
4645,0,1876201,1,0,0.00000000,0
4646,0,1876204,16,0,0.00000000,0
4647,0,1876206,7,0,0.00000000,0
4648,0,1876207,6,0,0.00000000,0
4649,0,1876209,4,0,0.00000000,0
4650,0,1876210,5,0,0.00000000,0
4651,0,1876212,3,0,0.00000000,0
4652,0,1876213,6,0,0.00000000,0
4653,0,1876214,6,0,0.00000000,0
4654,0,1876218,3,0,0.00000000,0
4655,0,1876219,13,0,0.00000000,0
4656,0,1876220,17,0,0.00000000,0
4657,0,1876222,480,0,0.00000000,0
4658,0,1876223,38,0,0.00000000,0
4659,0,1876224,577,514,0.89081456,1
4660,0,1876248,16,0,0.00000000,0
4661,0,1876249,72,0,0.00000000,0
4662,0,1876250,72,0,0.00000000,0
4663,0,1876251,72,0,0.00000000,0
4664,0,1876252,72,0,0.00000000,0
4665,0,1876253,72,0,0.00000000,0
4666,0,1876254,72,0,0.00000000,0
4667,0,1876255,72,0,0.00000000,0
4668,0,1876256,72,0,0.00000000,0
4669,0,1876257,72,0,0.00000000,0
4670,0,1876258,51,0,0.00000000,0
4671,0,1876259,8,0,0.00000000,0
4672,0,1876265,496,496,1.00000000,1
4673,0,1876266,8,0,0.00000000,0
4674,0,1876272,21,0,0.00000000,0
4675,0,1876273,20,0,0.00000000,0
4676,0,1876299,152,152,1.00000000,1
4677,0,1876300,1,0,0.00000000,0
4678,0,1876301,6,0,0.00000000,0
4679,0,1876302,1083,1016,0.93813481,1
4680,0,1876304,2,0,0.00000000,0
4681,0,1876305,1080,1016,0.94074074,1
4682,0,1876306,4,0,0.00000000,0
4683,0,1876307,25,0,0.00000000,0
4684,0,1876308,1016,1016,1.00000000,1
4685,0,1876320,1,0,0.00000000,0
4686,0,1876329,175,144,0.82285714,1
4687,0,1876330,1,0,0.00000000,0
4688,0,1876331,12,0,0.00000000,0
4689,0,1876332,45,0,0.00000000,0
4690,0,1876333,26,0,0.00000000,0
4691,0,1876334,7,0,0.00000000,0
4692,0,1876337,1,0,0.00000000,0
4693,0,1876343,3,0,0.00000000,0
4694,0,1876344,1,0,0.00000000,0
4695,0,1876348,1,0,0.00000000,0
4696,0,1876351,7,0,0.00000000,0
4697,0,1876355,1,0,0.00000000,0
4698,0,1876359,811,0,0.00000000,0
4699,0,1876360,1,0,0.00000000,0
4700,0,1876362,129,0,0.00000000,0
4701,0,1876364,2,0,0.00000000,0
4702,0,1876371,1,0,0.00000000,0
4703,0,1876374,8,0,0.00000000,0
4704,0,1876375,3,0,0.00000000,0
4705,0,1876376,1,0,0.00000000,0
4706,0,1876378,81,0,0.00000000,0
4707,0,1876379,242,0,0.00000000,0
4708,0,1876380,31,0,0.00000000,0
4709,0,1876381,16,0,0.00000000,0
4710,0,1876382,15,0,0.00000000,0
4711,0,1876412,36,0,0.00000000,0
4712,0,1876418,128,128,1.00000000,1
4713,0,1876426,80,0,0.00000000,0
4714,0,1876427,8,8,1.00000000,1
4715,0,1876429,15,8,0.53333333,1
4716,0,1876432,4,4,1.00000000,1
4717,0,1876433,4,4,1.00000000,1
4718,0,1876449,808,808,1.00000000,1
4719,0,1876451,35,1,0.02857143,1
4720,0,1876452,422,421,0.99763033,1
4721,0,1876453,241,235,0.97510373,1
4722,0,1876454,173,173,1.00000000,1
4723,0,1876465,580,312,0.53793103,1
4724,0,1876466,700,272,0.38857143,1
4725,0,1876467,10,9,0.90000000,1
4726,0,1876468,8,8,1.00000000,1
4727,0,1876476,26,2,0.07692308,1
4728,0,1876477,100,8,0.08000000,1
4729,0,1876478,12,11,0.91666667,1
4730,0,1876479,2,2,1.00000000,1
4731,0,1876480,406,406,1.00000000,1
4732,0,1876481,418,418,1.00000000,1
4733,0,1876484,23,18,0.78260870,1
4734,0,1876485,4,4,1.00000000,1
4735,0,1876555,10,9,0.90000000,1
4736,0,1876560,1,0,0.00000000,0
4737,0,1876562,1,0,0.00000000,0
4738,0,1876566,2,0,0.00000000,0
4739,0,1876571,1,0,0.00000000,0
4740,0,1876575,511,319,0.62426614,1
4741,0,1876576,682,682,1.00000000,1
4742,0,1876578,460,430,0.93478261,1
4743,0,1876579,2,2,1.00000000,1
4744,0,1876580,16,0,0.00000000,0
4745,0,1876581,442,429,0.97058824,1
4746,0,1876667,44,0,0.00000000,0
4747,0,1876668,7,0,0.00000000,0
4748,0,1876672,17,16,0.94117647,1
4749,0,1876679,16,16,1.00000000,1
4750,0,1876680,15,0,0.00000000,0
4751,0,1876681,27,0,0.00000000,0
4752,0,1876682,12,0,0.00000000,0
4753,0,1876683,243,240,0.98765432,1
4754,0,1876684,134,129,0.96268657,1
4755,0,1876688,12,0,0.00000000,0
4756,0,1876689,116,0,0.00000000,0
4757,0,1876696,1,0,0.00000000,0
4758,0,1876702,16,0,0.00000000,0
4759,0,1876707,25,8,0.32000000,1
4760,0,1876708,2,0,0.00000000,0
4761,0,1876709,17,8,0.47058824,1
4762,0,1876712,8,8,1.00000000,1
4763,0,1876713,24,24,1.00000000,1
4764,0,1876714,8,8,1.00000000,1
4765,0,1876715,1,0,0.00000000,0
4766,0,1876716,18,0,0.00000000,0
4767,0,1876717,230,224,0.97391304,1
4768,0,1876718,9,0,0.00000000,0
4769,0,1876719,79,0,0.00000000,0
4770,0,1876720,1001,992,0.99100899,1
4771,0,1876721,15,0,0.00000000,0
4772,0,1876722,15,0,0.00000000,0
4773,0,1876723,57,0,0.00000000,0
4774,0,1876724,16,16,1.00000000,1
4775,0,1876725,429,427,0.99533800,1
4776,0,1876726,7,7,1.00000000,1
4777,0,1876730,3,0,0.00000000,0
4778,0,1876731,1,0,0.00000000,0
4779,0,1876734,3,0,0.00000000,0
4780,0,1876735,7,0,0.00000000,0
4781,0,1876736,18,8,0.44444444,1
4782,0,1876738,32,0,0.00000000,0
4783,0,1876739,64,0,0.00000000,0
4784,0,1876740,35,0,0.00000000,0
4785,0,1876745,3,0,0.00000000,0
4786,0,1876752,984,984,1.00000000,1
4787,0,1876753,8,8,1.00000000,1
4788,0,1876754,1,0,0.00000000,0
4789,0,1876755,444,444,1.00000000,1
4790,0,1876757,10,9,0.90000000,1
4791,0,1876761,4,0,0.00000000,0
4792,0,1876763,12,8,0.66666667,1
4793,0,1876764,1,0,0.00000000,0
4794,0,1876766,1,0,0.00000000,0
4795,0,1876768,1,0,0.00000000,0
4796,0,1876770,15,0,0.00000000,0
4797,0,1876771,8,0,0.00000000,0
4798,0,1876773,47,0,0.00000000,0
4799,0,1876774,1,0,0.00000000,0
4800,0,1876775,1,0,0.00000000,0
4801,0,1876776,1,0,0.00000000,0
4802,0,1876779,1,0,0.00000000,0
4803,0,1876780,1,0,0.00000000,0
4804,0,1876781,1,0,0.00000000,0
4805,0,1876783,1,0,0.00000000,0
4806,0,1876784,6,0,0.00000000,0
4807,0,1876785,4,1,0.25000000,1
4808,0,1876786,4,0,0.00000000,0
4809,0,1876787,1,0,0.00000000,0
4810,0,1876792,9,0,0.00000000,0
4811,0,1876793,94,0,0.00000000,0
4812,0,1876794,957,0,0.00000000,0
4813,0,1876795,19,0,0.00000000,0
4814,0,1876796,19,0,0.00000000,0
4815,0,1876798,3,0,0.00000000,0
4816,0,1876800,4,0,0.00000000,0
4817,0,1876817,23,0,0.00000000,0
4818,0,1876821,63,1,0.01587302,1
4819,0,1876824,21,0,0.00000000,0
4820,0,1876825,6,0,0.00000000,0
4821,0,1876827,533,0,0.00000000,0
4822,0,1876828,16,0,0.00000000,0
4823,0,1876831,525,0,0.00000000,0
4824,0,1876833,13,0,0.00000000,0
4825,0,1876834,10,0,0.00000000,0
4826,0,1876838,16,0,0.00000000,0
4827,0,1876840,79,32,0.40506329,1
4828,0,1876841,74,0,0.00000000,0
4829,0,1876842,102,0,0.00000000,0
4830,0,1876843,110,0,0.00000000,0
4831,0,1876844,32,0,0.00000000,0
4832,0,1876847,2,0,0.00000000,0
4833,0,1876854,640,0,0.00000000,0
4834,0,1876855,1073,0,0.00000000,0
4835,0,1876856,27,0,0.00000000,0
4836,0,1876859,5,0,0.00000000,0
4837,0,1876860,8,0,0.00000000,0
4838,0,1876861,7,0,0.00000000,0
4839,0,1876864,9,0,0.00000000,0
4840,0,1876867,1,0,0.00000000,0
4841,0,1876869,18,0,0.00000000,0
4842,0,1876872,1,0,0.00000000,0
4843,0,1876875,15,0,0.00000000,0
4844,0,1876879,1,0,0.00000000,0
4845,0,1876881,10,0,0.00000000,0
4846,0,1876883,1,0,0.00000000,0
4847,0,1876884,4,0,0.00000000,0
4848,0,1876886,1,0,0.00000000,0
4849,0,1876890,9,0,0.00000000,0
4850,0,1876893,13,0,0.00000000,0
4851,0,1876895,1,0,0.00000000,0
4852,0,1876907,80,2,0.02500000,1
4853,0,1876908,1,0,0.00000000,0
4854,0,1876910,12,0,0.00000000,0
4855,0,1876922,8,0,0.00000000,0
4856,0,1876929,16,0,0.00000000,0
4857,0,1876933,64,0,0.00000000,0
4858,0,1876937,1,0,0.00000000,0
4859,0,1876938,16,0,0.00000000,0
4860,0,1876939,39,0,0.00000000,0
4861,0,1876940,33,0,0.00000000,0
4862,0,1876941,3,0,0.00000000,0
4863,0,1876944,1,0,0.00000000,0
4864,0,1876945,2,0,0.00000000,0
4865,0,1876947,1,0,0.00000000,0
4866,0,1876948,1,0,0.00000000,0
4867,0,1876949,2,0,0.00000000,0
4868,0,1876950,2,0,0.00000000,0
4869,0,1876951,1,0,0.00000000,0
4870,0,1876954,2,0,0.00000000,0
4871,0,1876956,1,0,0.00000000,0
4872,0,1876958,1,0,0.00000000,0
4873,0,1876960,2,0,0.00000000,0
4874,0,1876961,2,0,0.00000000,0
4875,0,1876962,2,0,0.00000000,0
4876,0,1876963,1,0,0.00000000,0
4877,0,1876964,3,0,0.00000000,0
4878,0,1876965,2,0,0.00000000,0
4879,0,1876966,1525,0,0.00000000,0
4880,0,1876968,1,0,0.00000000,0
4881,0,1876974,2,0,0.00000000,0
4882,0,1876975,149,0,0.00000000,0
4883,0,1876976,22,0,0.00000000,0
4884,0,1876977,5,0,0.00000000,0
4885,0,1876982,4,0,0.00000000,0
4886,0,1876983,21,0,0.00000000,0
4887,0,1876984,1024,1024,1.00000000,1
4888,0,1876985,14,0,0.00000000,0
4889,0,1876986,960,960,1.00000000,1
4890,0,1876987,64,64,1.00000000,1
4891,0,1876990,8,0,0.00000000,0
4892,0,1876991,3,0,0.00000000,0
4893,0,1876993,4,0,0.00000000,0
4894,0,1876996,514,512,0.99610895,1
4895,0,1877000,160,160,1.00000000,1
4896,0,1877001,8,8,1.00000000,1
4897,0,1877002,1,0,0.00000000,0
4898,0,1877004,213,213,1.00000000,1
4899,0,1877005,1,0,0.00000000,0
4900,0,1877008,31,0,0.00000000,0
4901,0,1877012,42,0,0.00000000,0
4902,0,1877013,1,0,0.00000000,0
4903,0,1877014,31,0,0.00000000,0
4904,0,1877015,20,0,0.00000000,0
4905,0,1877016,16,0,0.00000000,0
4906,0,1877017,19,0,0.00000000,0
4907,0,1877018,6,0,0.00000000,0
4908,0,1877019,205,63,0.30731707,1
4909,0,1877020,2,0,0.00000000,0
4910,0,1877021,16,0,0.00000000,0
4911,0,1877023,80,0,0.00000000,0
4912,0,1877024,1,0,0.00000000,0
4913,0,1877025,10,0,0.00000000,0
4914,0,1877031,600,0,0.00000000,0
4915,0,1877032,1025,512,0.49951220,1
4916,0,1877033,8,0,0.00000000,0
4917,0,1877037,1,0,0.00000000,0
4918,0,1877039,1,0,0.00000000,0
4919,0,1877041,9,0,0.00000000,0
4920,0,1877054,1,0,0.00000000,0
4921,0,1877056,19,19,1.00000000,1
4922,0,1877058,1,0,0.00000000,0
4923,0,1877064,1,0,0.00000000,0
4924,0,1877065,9,0,0.00000000,0
4925,0,1877067,26,0,0.00000000,0
4926,0,1877070,31,0,0.00000000,0
4927,0,1877071,1,0,0.00000000,0
4928,0,1877076,1,0,0.00000000,0
4929,0,1877077,1,0,0.00000000,0
4930,0,1877084,1,0,0.00000000,0
4931,0,1877087,1,0,0.00000000,0
4932,0,1877092,399,0,0.00000000,0
4933,0,1877093,85,0,0.00000000,0
4934,0,1877094,6,0,0.00000000,0
4935,0,1877111,6,0,0.00000000,0
4936,0,1877112,70,0,0.00000000,0
4937,0,1877113,13,0,0.00000000,0
4938,0,1877118,8,0,0.00000000,0
4939,0,1877119,5,0,0.00000000,0
4940,0,1877120,507,0,0.00000000,0
4941,0,1877125,266,0,0.00000000,0
4942,0,1877132,1,0,0.00000000,0
4943,0,1877140,262,0,0.00000000,0
4944,0,1877144,4,1,0.25000000,1
4945,0,1877146,2,0,0.00000000,0
4946,0,1877147,59,0,0.00000000,0
4947,0,1877157,55,8,0.14545455,1
4948,0,1877158,3,0,0.00000000,0
4949,0,1877159,4,0,0.00000000,0
4950,0,1877162,1,0,0.00000000,0
4951,0,1877165,1,0,0.00000000,0
4952,0,1877173,10,0,0.00000000,0
4953,0,1877177,1,1,1.00000000,1
4954,0,1877178,1,0,0.00000000,0
4955,0,1877183,15,0,0.00000000,0
4956,0,1877186,1,0,0.00000000,0
4957,0,1877190,7,0,0.00000000,0
4958,0,1877192,20,0,0.00000000,0
4959,0,1877196,8,0,0.00000000,0
4960,0,1877198,58,2,0.03448276,1
4961,0,1877202,5,0,0.00000000,0
4962,0,1877203,7,0,0.00000000,0
4963,0,1877204,10,0,0.00000000,0
4964,0,1877205,1651,0,0.00000000,0
4965,0,1877206,428,0,0.00000000,0
4966,0,1877207,2055,0,0.00000000,0
4967,0,1877208,3,0,0.00000000,0
4968,0,1877221,19,0,0.00000000,0
4969,0,1877227,39,1,0.02564103,1
4970,0,1877228,16,0,0.00000000,0
4971,0,1877229,54,0,0.00000000,0
4972,0,1877230,15,0,0.00000000,0
4973,0,1877232,2,0,0.00000000,0
4974,0,1877233,12,0,0.00000000,0
4975,0,1877235,18,0,0.00000000,0
4976,0,1877239,10,0,0.00000000,0
4977,0,1877240,1,0,0.00000000,0
4978,0,1877242,6,0,0.00000000,0
4979,0,1877245,6,0,0.00000000,0
4980,0,1877246,54,2,0.03703704,1
4981,0,1877251,1041,1024,0.98366955,1
4982,0,1877258,32,0,0.00000000,0
4983,0,1877259,15,0,0.00000000,0
4984,0,1877260,6,0,0.00000000,0
4985,0,1877261,6,0,0.00000000,0
4986,0,1877264,6,0,0.00000000,0
4987,0,1877266,13,0,0.00000000,0
4988,0,1877270,21,0,0.00000000,0
4989,0,1877271,1,0,0.00000000,0
4990,0,1877272,6,0,0.00000000,0
4991,0,1877277,12,0,0.00000000,0
4992,0,1877282,8,0,0.00000000,0
4993,0,1877283,1,0,0.00000000,0
4994,0,1877284,2,0,0.00000000,0
4995,0,1877287,1,0,0.00000000,0
4996,0,1877290,1,0,0.00000000,0
4997,0,1877293,287,0,0.00000000,0
4998,0,1877295,49,0,0.00000000,0
4999,0,1877296,127,0,0.00000000,0
5000,0,1877298,136,0,0.00000000,0
5001,0,1877299,136,0,0.00000000,0
5002,0,1877302,1,0,0.00000000,0
5003,0,1877303,1,0,0.00000000,0
5004,0,1877304,3,0,0.00000000,0
5005,0,1877305,1,0,0.00000000,0
5006,0,1877307,1,0,0.00000000,0
5007,0,1877314,167,2,0.01197605,1
5008,0,1877318,1,0,0.00000000,0
5009,0,1877320,1,0,0.00000000,0
5010,0,1877321,1,0,0.00000000,0
5011,0,1877325,1,0,0.00000000,0
5012,0,1877326,1,0,0.00000000,0
5013,0,1877327,2,0,0.00000000,0
5014,0,1877332,2,0,0.00000000,0
5015,0,1877335,1,0,0.00000000,0
5016,0,1877345,129,0,0.00000000,0
5017,0,1877346,30,0,0.00000000,0
5018,0,1877351,59,0,0.00000000,0
5019,0,1877360,13,0,0.00000000,0
5020,0,1877366,31,0,0.00000000,0
5021,0,1877368,2560,0,0.00000000,0
5022,0,1877370,11,0,0.00000000,0
5023,0,1877371,9,0,0.00000000,0
5024,0,1877373,8,0,0.00000000,0
5025,0,1877376,6,0,0.00000000,0
5026,0,1877380,8,0,0.00000000,0
5027,0,1877383,5,0,0.00000000,0
5028,0,1877386,2,0,0.00000000,0
5029,0,1877387,16,0,0.00000000,0
5030,0,1877390,269,213,0.79182156,1
5031,0,1877393,3,0,0.00000000,0
5032,0,1877395,35,32,0.91428571,1
5033,0,1877397,6,0,0.00000000,0
5034,0,1877400,11,0,0.00000000,0
5035,0,1877401,4,0,0.00000000,0
5036,0,1877402,9,0,0.00000000,0
5037,0,1877404,3,0,0.00000000,0
5038,0,1877405,8,0,0.00000000,0
5039,0,1877406,16,0,0.00000000,0
5040,0,1877407,3,0,0.00000000,0
5041,0,1877408,3,0,0.00000000,0
5042,0,1877410,3,0,0.00000000,0
5043,0,1877411,13,0,0.00000000,0
5044,0,1877412,3,0,0.00000000,0
5045,0,1877413,3,0,0.00000000,0
5046,0,1877415,1,0,0.00000000,0
5047,0,1877416,3,0,0.00000000,0
5048,0,1877417,3,0,0.00000000,0
5049,0,1877420,1,0,0.00000000,0
5050,0,1877421,1,0,0.00000000,0
5051,0,1877422,35,0,0.00000000,0
5052,0,1877430,27,0,0.00000000,0
5053,0,1877432,31,0,0.00000000,0
5054,0,1877435,24,0,0.00000000,0
5055,0,1877437,9,0,0.00000000,0
5056,0,1877440,3,0,0.00000000,0
5057,0,1877441,13,0,0.00000000,0
5058,0,1877445,1,0,0.00000000,0
5059,0,1877461,742,701,0.94474394,1
5060,0,1877462,1,0,0.00000000,0
5061,0,1877467,6,0,0.00000000,0
5062,0,1877468,9,0,0.00000000,0
5063,0,1877469,8,0,0.00000000,0
5064,0,1877472,1,0,0.00000000,0
5065,0,1877473,84,0,0.00000000,0
5066,0,1877474,1,0,0.00000000,0
5067,0,1877475,8,0,0.00000000,0
5068,0,1877477,7,0,0.00000000,0
5069,0,1877479,6,1,0.16666667,1
5070,0,1877480,87,0,0.00000000,0
5071,0,1877481,27,0,0.00000000,0
5072,0,1877483,2,0,0.00000000,0
5073,0,1877484,8,0,0.00000000,0
5074,0,1877486,125,2,0.01600000,1
5075,0,1877490,122,2,0.01639344,1
5076,0,1877493,96,0,0.00000000,0
5077,0,1877495,1,0,0.00000000,0
5078,0,1877496,1,0,0.00000000,0
5079,0,1877502,1,0,0.00000000,0
5080,0,1877507,2,0,0.00000000,0
5081,0,1877518,1,0,0.00000000,0
5082,0,1877519,1,0,0.00000000,0
5083,0,1877520,1,0,0.00000000,0
5084,0,1877521,1,0,0.00000000,0
5085,0,1877522,175,0,0.00000000,0
5086,0,1877523,392,0,0.00000000,0
5087,0,1877525,1,0,0.00000000,0
5088,0,1877531,1,0,0.00000000,0
5089,0,1877536,282,0,0.00000000,0
5090,0,1877538,3,0,0.00000000,0
5091,0,1877539,3,0,0.00000000,0
5092,0,1877540,8,0,0.00000000,0
5093,0,1877541,7,0,0.00000000,0
5094,0,1877542,5,0,0.00000000,0
5095,0,1877544,10,0,0.00000000,0
5096,0,1877546,3,0,0.00000000,0
5097,0,1877547,8,0,0.00000000,0
5098,0,1877548,539,495,0.91836735,1
5099,0,1877549,1,0,0.00000000,0
5100,0,1877550,9,0,0.00000000,0
5101,0,1877551,6,0,0.00000000,0
5102,0,1877552,3,0,0.00000000,0
5103,0,1877553,9,0,0.00000000,0
5104,0,1877554,17,0,0.00000000,0
5105,0,1877555,4,0,0.00000000,0
5106,0,1877556,6,0,0.00000000,0
5107,0,1877557,8,0,0.00000000,0
5108,0,1877558,2,0,0.00000000,0
5109,0,1877559,10,0,0.00000000,0
5110,0,1877560,3,0,0.00000000,0
5111,0,1877562,9,0,0.00000000,0
5112,0,1877564,3,0,0.00000000,0
5113,0,1877565,822,819,0.99635036,1
5114,0,1877586,1,0,0.00000000,0
5115,0,1877587,21,0,0.00000000,0
5116,0,1877592,71,1,0.01408451,1
5117,0,1877594,8,0,0.00000000,0
5118,0,1877595,1,0,0.00000000,0
5119,0,1877606,1,0,0.00000000,0
5120,0,1877614,4,0,0.00000000,0
5121,0,1877616,1,0,0.00000000,0
5122,0,1877624,1,0,0.00000000,0
5123,0,1877629,1,0,0.00000000,0
5124,0,1877632,1,0,0.00000000,0
5125,0,1877639,1,0,0.00000000,0
5126,0,1877644,466,0,0.00000000,0
5127,0,1877646,26,0,0.00000000,0
5128,0,1877649,14,0,0.00000000,0
5129,0,1877671,1,0,0.00000000,0
5130,0,1877673,1,0,0.00000000,0
5131,0,1877678,382,0,0.00000000,0
5132,0,1877680,36,0,0.00000000,0
5133,0,1877684,1076,1015,0.94330855,1
5134,0,1877686,1,0,0.00000000,0
5135,0,1877687,15,0,0.00000000,0
5136,0,1877688,3,0,0.00000000,0
5137,0,1877689,16,0,0.00000000,0
5138,0,1877690,151,107,0.70860927,1
5139,0,1877691,6,0,0.00000000,0
5140,0,1877692,3,0,0.00000000,0
5141,0,1877693,13,0,0.00000000,0
5142,0,1877694,3,0,0.00000000,0
5143,0,1877696,5,0,0.00000000,0
5144,0,1877697,1,0,0.00000000,0
5145,0,1877699,17,0,0.00000000,0
5146,0,1877702,17,0,0.00000000,0
5147,0,1877704,1,0,0.00000000,0
5148,0,1877706,100,0,0.00000000,0
5149,0,1877710,800,800,1.00000000,1
5150,0,1877711,225,224,0.99555556,1
5151,0,1877712,433,421,0.97228637,1
5152,0,1877717,1,0,0.00000000,0
5153,0,1877718,162,0,0.00000000,0
5154,0,1877724,21,0,0.00000000,0
5155,0,1877731,13,0,0.00000000,0
5156,0,1877732,69,50,0.72463768,1
5157,0,1877733,378,377,0.99735450,1
5158,0,1877734,1,0,0.00000000,0
5159,0,1877735,458,458,1.00000000,1
5160,0,1877736,1,0,0.00000000,0
5161,0,1877741,8,8,1.00000000,1
5162,0,1877743,1,0,0.00000000,0
5163,0,1877756,1,0,0.00000000,0
5164,0,1877762,9,9,1.00000000,1
5165,0,1877851,2,1,0.50000000,1
5166,0,1877857,1,0,0.00000000,0
5167,0,1877860,71,2,0.02816901,1
5168,0,1877865,2,0,0.00000000,0
5169,0,1877867,8,0,0.00000000,0
5170,0,1877868,103,0,0.00000000,0
5171,0,1877870,1,0,0.00000000,0
5172,0,1877872,10,0,0.00000000,0
5173,0,1877874,5,4,0.80000000,1
5174,0,1877875,1,0,0.00000000,0
5175,0,1877883,89,0,0.00000000,0
5176,0,1877885,15,0,0.00000000,0
5177,0,1877901,3,0,0.00000000,0
5178,0,1877903,172,0,0.00000000,0
5179,0,1877915,26,0,0.00000000,0
5180,0,1877916,3,0,0.00000000,0
5181,0,1877925,9,0,0.00000000,0
5182,0,1877926,1,0,0.00000000,0
5183,0,1877929,9,0,0.00000000,0
5184,0,1877939,10,0,0.00000000,0
5185,0,1877942,10,0,0.00000000,0
5186,0,1877947,1,0,0.00000000,0
5187,0,1877950,12,0,0.00000000,0
5188,0,1877951,1,0,0.00000000,0
5189,0,1877954,5,0,0.00000000,0
5190,0,1877971,8,0,0.00000000,0
5191,0,1877972,1,0,0.00000000,0
5192,0,1877992,3,0,0.00000000,0
5193,0,1877993,1,0,0.00000000,0
5194,0,1877996,394,375,0.95177665,1
5195,0,1877998,1,0,0.00000000,0
5196,0,1878000,46,0,0.00000000,0
5197,0,1878006,7,0,0.00000000,0
5198,0,1878007,116,0,0.00000000,0
5199,0,1878008,1,0,0.00000000,0
5200,0,1878010,2,2,1.00000000,1
5201,0,1878022,1,0,0.00000000,0
5202,0,1878025,421,421,1.00000000,1
5203,0,1878026,3,1,0.33333333,1
5204,0,1878029,17,0,0.00000000,0
5205,0,1878031,7,0,0.00000000,0
5206,0,1878033,3,0,0.00000000,0
5207,0,1878036,1,0,0.00000000,0
5208,0,1878039,11,0,0.00000000,0
5209,0,1878045,14,0,0.00000000,0
5210,0,1878047,1,0,0.00000000,0
5211,0,1878053,17,0,0.00000000,0
5212,0,1878059,13,0,0.00000000,0
5213,0,1878066,19,0,0.00000000,0
5214,0,1878075,1,0,0.00000000,0
5215,0,1878081,10,0,0.00000000,0
5216,0,1878084,16,0,0.00000000,0
5217,0,1878086,24,0,0.00000000,0
5218,0,1878093,17,0,0.00000000,0
5219,0,1878101,1,0,0.00000000,0
5220,0,1878102,11,0,0.00000000,0
5221,0,1878128,43,0,0.00000000,0
5222,0,1878131,12,0,0.00000000,0
5223,0,1878132,9,0,0.00000000,0
5224,0,1878134,38,0,0.00000000,0
5225,0,1878135,41,0,0.00000000,0
5226,0,1878136,3,0,0.00000000,0
5227,0,1878137,1,0,0.00000000,0
5228,0,1878138,7,0,0.00000000,0
5229,0,1878139,13,0,0.00000000,0
5230,0,1878140,1,0,0.00000000,0
5231,0,1878143,17,0,0.00000000,0
5232,0,1878147,20,0,0.00000000,0
5233,0,1878148,26,0,0.00000000,0
5234,0,1878149,18,0,0.00000000,0
5235,0,1878151,1,0,0.00000000,0
5236,0,1878152,16,0,0.00000000,0
5237,0,1878154,2,0,0.00000000,0
5238,0,1878155,16,0,0.00000000,0
5239,0,1878156,173,0,0.00000000,0
5240,0,1878157,1,0,0.00000000,0
5241,0,1878160,136,0,0.00000000,0
5242,0,1878202,419,419,1.00000000,1
5243,0,1878204,424,424,1.00000000,1
5244,0,1878208,9,0,0.00000000,0
5245,0,1878212,8,8,1.00000000,1
5246,0,1878213,8,8,1.00000000,1
5247,0,1878225,21,0,0.00000000,0
5248,0,1878231,8,0,0.00000000,0
5249,0,1878233,15,0,0.00000000,0
5250,0,1878239,60,2,0.03333333,1
5251,0,1878246,1,0,0.00000000,0
5252,0,1878261,57,0,0.00000000,0
5253,0,1878279,42,0,0.00000000,0
5254,0,1878280,56,0,0.00000000,0
5255,0,1878281,84,0,0.00000000,0
5256,0,1878282,93,0,0.00000000,0
5257,0,1878283,20,0,0.00000000,0
5258,0,1878290,1,0,0.00000000,0
5259,0,1878291,48,0,0.00000000,0
5260,0,1878292,136,0,0.00000000,0
5261,0,1878293,68,0,0.00000000,0
5262,0,1878294,1,0,0.00000000,0
5263,0,1878295,51,0,0.00000000,0
5264,0,1878296,240,0,0.00000000,0
5265,0,1878297,295,0,0.00000000,0
5266,0,1878298,1832,0,0.00000000,0
5267,0,1878299,66,0,0.00000000,0
5268,0,1878300,244,0,0.00000000,0
5269,0,1878301,132,0,0.00000000,0
5270,0,1878313,22,0,0.00000000,0
5271,0,1878336,19,0,0.00000000,0
5272,0,1878339,5,0,0.00000000,0
5273,0,1878340,24,0,0.00000000,0
5274,0,1878345,22,0,0.00000000,0
5275,0,1878354,33,0,0.00000000,0
5276,0,1878356,9,0,0.00000000,0
5277,0,1878359,15,0,0.00000000,0
5278,0,1878362,23,0,0.00000000,0
5279,0,1878363,12,0,0.00000000,0
5280,0,1878364,10,0,0.00000000,0
5281,0,1878365,7,0,0.00000000,0
5282,0,1878367,15,0,0.00000000,0
5283,0,1878369,4,0,0.00000000,0
5284,0,1878370,5,0,0.00000000,0
5285,0,1878371,3,0,0.00000000,0
5286,0,1878373,1,0,0.00000000,0
5287,0,1878374,2,0,0.00000000,0
5288,0,1878376,1,0,0.00000000,0
5289,0,1878377,1,0,0.00000000,0
5290,0,1878378,2,0,0.00000000,0
5291,0,1878381,3,0,0.00000000,0
5292,0,1878382,2,0,0.00000000,0
5293,0,1878383,2,0,0.00000000,0
5294,0,1878384,1,0,0.00000000,0
5295,0,1878387,1,0,0.00000000,0
5296,0,1878388,1,0,0.00000000,0
5297,0,1878389,1,0,0.00000000,0
5298,0,1878390,1452,0,0.00000000,0
5299,0,1878391,367,0,0.00000000,0
5300,0,1878392,211,0,0.00000000,0
5301,0,1878393,29,0,0.00000000,0
5302,0,1878394,1,0,0.00000000,0
5303,0,1878395,2,0,0.00000000,0
5304,0,1878398,1,0,0.00000000,0
5305,0,1878399,2,0,0.00000000,0
5306,0,1878400,1,0,0.00000000,0
5307,0,1878408,1,0,0.00000000,0
5308,0,1878409,2,0,0.00000000,0
5309,0,1878410,1,0,0.00000000,0
5310,0,1878411,1,0,0.00000000,0
5311,0,1878412,1,0,0.00000000,0
5312,0,1878413,1,0,0.00000000,0
5313,0,1878418,2,0,0.00000000,0
5314,0,1878421,2,0,0.00000000,0
5315,0,1878422,1,0,0.00000000,0
5316,0,1878423,1,0,0.00000000,0
5317,0,1878424,1,0,0.00000000,0
5318,0,1878425,1,0,0.00000000,0
5319,0,1878430,1,0,0.00000000,0
5320,0,1878434,2,0,0.00000000,0
5321,0,1878436,1,0,0.00000000,0
5322,0,1878437,1,0,0.00000000,0
5323,0,1878440,2,0,0.00000000,0
5324,0,1878443,1,0,0.00000000,0
5325,0,1878445,2,0,0.00000000,0
5326,0,1878447,1,0,0.00000000,0
5327,0,1878448,2,0,0.00000000,0
5328,0,1878453,1,0,0.00000000,0
5329,0,1878458,1,0,0.00000000,0
5330,0,1878460,2,0,0.00000000,0
5331,0,1878463,1481,0,0.00000000,0
5332,0,1878464,1082,0,0.00000000,0
5333,0,1878465,179,0,0.00000000,0
5334,0,1878514,768,0,0.00000000,0
5335,0,1878515,8,0,0.00000000,0
5336,0,1878516,4,0,0.00000000,0
5337,0,1878517,21,0,0.00000000,0
5338,0,1878518,8,0,0.00000000,0
5339,0,1878520,5,0,0.00000000,0
5340,0,1878559,2,1,0.50000000,1
5341,0,1878560,23,0,0.00000000,0
5342,0,1878566,38,0,0.00000000,0
5343,0,1878570,37,0,0.00000000,0
5344,0,1878573,21,0,0.00000000,0
5345,0,1878574,23,0,0.00000000,0
5346,0,1878579,1024,0,0.00000000,0
5347,0,1878580,27,0,0.00000000,0
5348,0,1878583,2,0,0.00000000,0
5349,0,1878590,136,0,0.00000000,0
5350,0,1878593,2,0,0.00000000,0
5351,0,1878596,65,1,0.01538462,1
5352,0,1878598,67,0,0.00000000,0
5353,0,1878599,19,1,0.05263158,1
5354,0,1878600,52,16,0.30769231,1
5355,0,1878601,31,0,0.00000000,0
5356,0,1878602,9,0,0.00000000,0
5357,0,1878603,3,0,0.00000000,0
5358,0,1878604,2,0,0.00000000,0
5359,0,1878605,1057,0,0.00000000,0
5360,0,1878606,672,0,0.00000000,0
5361,0,1878607,3,1,0.33333333,1
5362,0,1878608,92,0,0.00000000,0
5363,0,1878609,5,0,0.00000000,0
5364,0,1878611,2,0,0.00000000,0
5365,0,1878612,16,0,0.00000000,0
5366,0,1878620,8,0,0.00000000,0
5367,0,1878621,23,0,0.00000000,0
5368,0,1878623,1,0,0.00000000,0
5369,0,1878626,46,1,0.02173913,1
5370,0,1878633,22,0,0.00000000,0
5371,0,1878635,7,0,0.00000000,0
5372,0,1878636,12,0,0.00000000,0
5373,0,1878637,11,0,0.00000000,0
5374,0,1878638,2,0,0.00000000,0
5375,0,1878640,1,0,0.00000000,0
5376,0,1878641,19,0,0.00000000,0
5377,0,1878643,65,0,0.00000000,0
5378,0,1878644,1,0,0.00000000,0
5379,0,1878646,11,0,0.00000000,0
5380,0,1878657,19,0,0.00000000,0
5381,0,1878662,16,0,0.00000000,0
5382,0,1878691,16,16,1.00000000,1
5383,0,1878692,33,0,0.00000000,0
5384,0,1878693,35,0,0.00000000,0
5385,0,1878694,3,0,0.00000000,0
5386,0,1878701,122,0,0.00000000,0
5387,0,1878716,6,0,0.00000000,0
5388,0,1878717,3,0,0.00000000,0
5389,0,1878718,20,0,0.00000000,0
5390,0,1878719,12,0,0.00000000,0
5391,0,1878722,1,1,1.00000000,1
5392,0,1878723,710,0,0.00000000,0
5393,0,1878729,4,0,0.00000000,0
5394,0,1878733,63,0,0.00000000,0
5395,0,1878734,21,0,0.00000000,0
5396,0,1878737,509,0,0.00000000,0
5397,0,1878738,42272,0,0.00000000,0
5398,0,1878739,25079,0,0.00000000,0
5399,0,1878740,2467,0,0.00000000,0
5400,0,1878741,909,0,0.00000000,0
5401,0,1878742,1609,0,0.00000000,0
5402,0,1878747,8,1,0.12500000,1
5403,0,1878748,1381,0,0.00000000,0
5404,0,1878749,77,6,0.07792208,1
5405,0,1878750,5,0,0.00000000,0
5406,0,1878751,279,0,0.00000000,0
5407,0,1878752,84,0,0.00000000,0
5408,0,1878755,36,0,0.00000000,0
5409,0,1878762,39,0,0.00000000,0
5410,0,1878763,12,0,0.00000000,0
5411,0,1878764,22,0,0.00000000,0
5412,0,1878765,20,0,0.00000000,0
5413,0,1878766,10,0,0.00000000,0
5414,0,1878767,61,2,0.03278689,1
5415,0,1878769,14,0,0.00000000,0
5416,0,1878773,4517,0,0.00000000,0
5417,0,1878774,7190,512,0.07121001,1
5418,0,1878775,9046,0,0.00000000,0
5419,0,1878776,2718,2,0.00073584,1
5420,0,1878777,332,0,0.00000000,0
5421,0,1878778,13,0,0.00000000,0
5422,0,1878779,3,0,0.00000000,0
5423,0,1878781,9,0,0.00000000,0
5424,0,1878782,5,0,0.00000000,0
5425,0,1878783,3,0,0.00000000,0
5426,0,1878784,7,0,0.00000000,0
5427,0,1878785,3,0,0.00000000,0
5428,0,1878786,16,0,0.00000000,0
5429,0,1878787,27,0,0.00000000,0
5430,0,1878788,19,0,0.00000000,0
5431,0,1878789,18,0,0.00000000,0
5432,0,1878790,21,0,0.00000000,0
5433,0,1878791,20,0,0.00000000,0
5434,0,1878792,19,0,0.00000000,0
5435,0,1878793,16,0,0.00000000,0
5436,0,1878794,12,0,0.00000000,0
5437,0,1878795,18,0,0.00000000,0
5438,0,1878796,18,0,0.00000000,0
5439,0,1878797,9,0,0.00000000,0
5440,0,1878800,10,0,0.00000000,0
5441,0,1878804,3,0,0.00000000,0
5442,0,1878806,8,0,0.00000000,0
5443,0,1878807,10,0,0.00000000,0
5444,0,1878809,10,0,0.00000000,0
5445,0,1878811,14,0,0.00000000,0
5446,0,1878816,26,0,0.00000000,0
5447,0,1878817,25,0,0.00000000,0
5448,0,1878818,28,0,0.00000000,0
5449,0,1878819,25,0,0.00000000,0
5450,0,1878820,19,0,0.00000000,0
5451,0,1878822,23,0,0.00000000,0
5452,0,1878823,18,0,0.00000000,0
5453,0,1878824,15,0,0.00000000,0
5454,0,1878825,22,0,0.00000000,0
5455,0,1878826,16,0,0.00000000,0
5456,0,1878827,11,0,0.00000000,0
5457,0,1878828,9,0,0.00000000,0
5458,0,1878829,19,0,0.00000000,0
5459,0,1878830,24,0,0.00000000,0
5460,0,1878831,10,0,0.00000000,0
5461,0,1878832,24,0,0.00000000,0
5462,0,1878835,9,0,0.00000000,0
5463,0,1878837,40,0,0.00000000,0
5464,0,1878849,29,0,0.00000000,0
5465,0,1878850,21,0,0.00000000,0
5466,0,1878856,14,0,0.00000000,0
5467,0,1878857,5,0,0.00000000,0
5468,0,1878858,7,0,0.00000000,0
5469,0,1878859,477,2,0.00419287,1
5470,0,1878860,30,0,0.00000000,0
5471,0,1878861,10,0,0.00000000,0
5472,0,1878862,2,0,0.00000000,0
5473,0,1878863,331,0,0.00000000,0
5474,0,1878864,12,0,0.00000000,0
5475,0,1878865,2,0,0.00000000,0
5476,0,1878866,332,0,0.00000000,0
5477,0,1878898,20,0,0.00000000,0
5478,0,1878900,30,0,0.00000000,0
5479,0,1878908,3,0,0.00000000,0
5480,0,1878910,7,0,0.00000000,0
5481,0,1878911,513,0,0.00000000,0
5482,0,1878921,2,0,0.00000000,0
5483,0,1878922,4,0,0.00000000,0
5484,0,1878923,3,0,0.00000000,0
5485,0,1878924,2,0,0.00000000,0
5486,0,1878925,4,0,0.00000000,0
5487,0,1878926,960,0,0.00000000,0
5488,0,1878967,58,0,0.00000000,0
5489,0,1879000,2,0,0.00000000,0
5490,0,1879012,24,0,0.00000000,0
5491,0,1879014,1,0,0.00000000,0
5492,0,1879017,8,0,0.00000000,0
5493,0,1879019,3,0,0.00000000,0
5494,0,1879020,12,0,0.00000000,0
5495,0,1879021,12,0,0.00000000,0
5496,0,1879022,19,0,0.00000000,0
5497,0,1879056,27,0,0.00000000,0
5498,0,1879059,1,0,0.00000000,0
5499,0,1879060,2,0,0.00000000,0
5500,0,1879066,1,0,0.00000000,0
5501,0,1879067,2,0,0.00000000,0
5502,0,1879071,1,0,0.00000000,0
5503,0,1879073,806,0,0.00000000,0
5504,0,1879074,11,0,0.00000000,0
5505,0,1879075,3,0,0.00000000,0
5506,0,1879076,1,0,0.00000000,0
5507,0,1879077,1,0,0.00000000,0
5508,0,1879078,1,0,0.00000000,0
5509,0,1879081,1,0,0.00000000,0
5510,0,1879082,1,0,0.00000000,0
5511,0,1879084,1,0,0.00000000,0
5512,0,1879090,1,0,0.00000000,0
5513,0,1879094,517,1,0.00193424,1
5514,0,1879097,1,0,0.00000000,0
5515,0,1879098,146,0,0.00000000,0
5516,0,1879099,45,0,0.00000000,0
5517,0,1879104,135,2,0.01481481,1
5518,0,1879106,1,0,0.00000000,0
5519,0,1879107,2,0,0.00000000,0
5520,0,1879108,282,0,0.00000000,0
5521,0,1879110,1,0,0.00000000,0
5522,0,1879111,1,0,0.00000000,0
5523,0,1879121,1,0,0.00000000,0
5524,0,1879130,1,0,0.00000000,0
5525,0,1879132,409,0,0.00000000,0
5526,0,1879136,1,0,0.00000000,0
5527,0,1879137,1,0,0.00000000,0
5528,0,1879138,1,0,0.00000000,0
5529,0,1879139,2,0,0.00000000,0
5530,0,1879143,3,2,0.66666667,1
5531,0,1879144,1,0,0.00000000,0
5532,0,1879147,1,0,0.00000000,0
5533,0,1879150,276,1,0.00362319,1
5534,0,1879152,57,2,0.03508772,1
5535,0,1879155,1,0,0.00000000,0
5536,0,1879156,1,0,0.00000000,0
5537,0,1879157,1,0,0.00000000,0
5538,0,1879159,1,0,0.00000000,0
5539,0,1879160,76,1,0.01315789,1
5540,0,1879170,125,2,0.01600000,1
5541,0,1879177,1,0,0.00000000,0
5542,0,1879182,1,0,0.00000000,0
5543,0,1879188,1,0,0.00000000,0
5544,0,1879193,602,1,0.00166113,1
5545,0,1879199,12,0,0.00000000,0
5546,0,1879200,1,0,0.00000000,0
5547,0,1879201,63,0,0.00000000,0
5548,0,1879203,12,0,0.00000000,0
5549,0,1879207,184,0,0.00000000,0
5550,0,1879208,15,0,0.00000000,0
5551,0,1879209,9,0,0.00000000,0
5552,0,1879220,1,0,0.00000000,0
5553,0,1879229,80,1,0.01250000,1
5554,0,1879231,5,0,0.00000000,0
5555,0,1879232,7,0,0.00000000,0
5556,0,1879233,4,0,0.00000000,0
5557,0,1879234,2,0,0.00000000,0
5558,0,1879235,5,0,0.00000000,0
5559,0,1879236,2,0,0.00000000,0
5560,0,1879237,8,0,0.00000000,0
5561,0,1879238,3,0,0.00000000,0
5562,0,1879239,1,0,0.00000000,0
5563,0,1879240,2,0,0.00000000,0
5564,0,1879241,445,1,0.00224719,1
5565,0,1879243,4,0,0.00000000,0
5566,0,1879254,1,0,0.00000000,0
5567,0,1879264,1,0,0.00000000,0
5568,0,1879275,1,0,0.00000000,0
5569,0,1879277,332,0,0.00000000,0
5570,0,1879278,47,1,0.02127660,1
5571,0,1879279,2,0,0.00000000,0
5572,0,1879280,1,0,0.00000000,0
5573,0,1879281,168,0,0.00000000,0
5574,0,1879287,16,0,0.00000000,0
5575,0,1879289,81,2,0.02469136,1
5576,0,1879296,2,0,0.00000000,0
5577,0,1879298,1,0,0.00000000,0
5578,0,1879299,365,2,0.00547945,1
5579,0,1879302,3,0,0.00000000,0
5580,0,1879305,2,0,0.00000000,0
5581,0,1879307,1,0,0.00000000,0
5582,0,1879308,2,0,0.00000000,0
5583,0,1879320,361,0,0.00000000,0
5584,0,1879324,2,0,0.00000000,0
5585,0,1879330,1,0,0.00000000,0
5586,0,1879332,1,0,0.00000000,0
5587,0,1879334,1,0,0.00000000,0
5588,0,1879335,1,0,0.00000000,0
5589,0,1879336,1,0,0.00000000,0
5590,0,1879339,1,0,0.00000000,0
5591,0,1879340,1,0,0.00000000,0
5592,0,1879341,1,0,0.00000000,0
5593,0,1879342,1,0,0.00000000,0
5594,0,1879344,1,0,0.00000000,0
5595,0,1879346,1,0,0.00000000,0
5596,0,1879349,538,1,0.00185874,1
5597,0,1879350,132,0,0.00000000,0
5598,0,1879353,2,0,0.00000000,0
5599,0,1879355,146,1,0.00684932,1
5600,0,1879356,74,1,0.01351351,1
5601,0,1879360,1,0,0.00000000,0
5602,0,1879363,1,0,0.00000000,0
5603,0,1879364,1,0,0.00000000,0
5604,0,1879367,1,0,0.00000000,0
5605,0,1879369,3,0,0.00000000,0
5606,0,1879372,1,0,0.00000000,0
5607,0,1879374,1,0,0.00000000,0
5608,0,1879375,1,0,0.00000000,0
5609,0,1879377,3,0,0.00000000,0
5610,0,1879378,1,0,0.00000000,0
5611,0,1879379,1,0,0.00000000,0
5612,0,1879381,1,0,0.00000000,0
5613,0,1879383,1,0,0.00000000,0
5614,0,1879384,1,0,0.00000000,0
5615,0,1879386,1,0,0.00000000,0
5616,0,1879391,2,0,0.00000000,0
5617,0,1879392,1,0,0.00000000,0
5618,0,1879393,1,0,0.00000000,0
5619,0,1879395,1,0,0.00000000,0
5620,0,1879396,1,0,0.00000000,0
5621,0,1879400,718,2,0.00278552,1
5622,0,1879423,2,0,0.00000000,0
5623,0,1879424,1,0,0.00000000,0
5624,0,1879430,53,0,0.00000000,0
5625,0,1879431,7,0,0.00000000,0
5626,0,1879432,3,0,0.00000000,0
5627,0,1879433,4,0,0.00000000,0
5628,0,1879434,3,0,0.00000000,0
5629,0,1879435,1,0,0.00000000,0
5630,0,1879436,5,0,0.00000000,0
5631,0,1879437,5,0,0.00000000,0
5632,0,1879438,3,0,0.00000000,0
5633,0,1879439,2,0,0.00000000,0
5634,0,1879440,1,0,0.00000000,0
5635,0,1879441,3,0,0.00000000,0
5636,0,1879442,2,0,0.00000000,0
5637,0,1879443,3,0,0.00000000,0
5638,0,1879444,4,0,0.00000000,0
5639,0,1879445,2,0,0.00000000,0
5640,0,1879446,2,0,0.00000000,0
5641,0,1879447,811,0,0.00000000,0
5642,0,1879461,3,0,0.00000000,0
5643,0,1879462,2,0,0.00000000,0
5644,0,1879468,1,0,0.00000000,0
5645,0,1879469,1,0,0.00000000,0
5646,0,1879472,1,0,0.00000000,0
5647,0,1879476,1,0,0.00000000,0
5648,0,1879477,1,0,0.00000000,0
5649,0,1879479,1,0,0.00000000,0
5650,0,1879481,847,0,0.00000000,0
5651,0,1879486,1,0,0.00000000,0
5652,0,1879487,1,0,0.00000000,0
5653,0,1879489,1,0,0.00000000,0
5654,0,1879502,1,0,0.00000000,0
5655,0,1879503,320,2,0.00625000,1
5656,0,1879504,299,2,0.00668896,1
5657,0,1879506,1,0,0.00000000,0
5658,0,1879507,1,0,0.00000000,0
5659,0,1879508,1,0,0.00000000,0
5660,0,1879511,110,2,0.01818182,1
5661,0,1879512,3,0,0.00000000,0
5662,0,1879513,3,0,0.00000000,0
5663,0,1879514,11,0,0.00000000,0
5664,0,1879517,1,0,0.00000000,0
5665,0,1879519,2,0,0.00000000,0
5666,0,1879531,1,0,0.00000000,0
5667,0,1879532,1,0,0.00000000,0
5668,0,1879540,163,0,0.00000000,0
5669,0,1879542,1,0,0.00000000,0
5670,0,1879547,1,0,0.00000000,0
5671,0,1879552,1,0,0.00000000,0
5672,0,1879553,1,0,0.00000000,0
5673,0,1879562,1,0,0.00000000,0
5674,0,1879571,1,0,0.00000000,0
5675,0,1879586,1,0,0.00000000,0
5676,0,1879593,272,2,0.00735294,1
5677,0,1879594,308,0,0.00000000,0
5678,0,1879595,18,0,0.00000000,0
5679,0,1879597,16,0,0.00000000,0
5680,0,1879601,1,0,0.00000000,0
5681,0,1879602,1,0,0.00000000,0
5682,0,1879605,1,0,0.00000000,0
5683,0,1879614,1,0,0.00000000,0
5684,0,1879616,1,0,0.00000000,0
5685,0,1879620,172,0,0.00000000,0
5686,0,1879621,1,0,0.00000000,0
5687,0,1879625,1,0,0.00000000,0
5688,0,1879627,1,0,0.00000000,0
5689,0,1879628,72,0,0.00000000,0
5690,0,1879634,454,410,0.90308370,1
5691,0,1879635,6,0,0.00000000,0
5692,0,1879636,515,0,0.00000000,0
5693,0,1879639,75,0,0.00000000,0
5694,0,1879640,1,0,0.00000000,0
5695,0,1879641,7,0,0.00000000,0
5696,0,1879645,72,2,0.02777778,1
5697,0,1879704,140,0,0.00000000,0
5698,0,1879705,3,0,0.00000000,0
5699,0,1879706,5,0,0.00000000,0
5700,0,1879708,5,0,0.00000000,0
5701,0,1879710,5,0,0.00000000,0
5702,0,1879711,36,0,0.00000000,0
5703,0,1879712,2,0,0.00000000,0
5704,0,1879713,2,0,0.00000000,0
5705,0,1879714,5,0,0.00000000,0
5706,0,1879715,4,0,0.00000000,0
5707,0,1879716,6,0,0.00000000,0
5708,0,1879717,5,0,0.00000000,0
5709,0,1879718,4,0,0.00000000,0
5710,0,1879719,1,0,0.00000000,0
5711,0,1879720,5,0,0.00000000,0
5712,0,1879721,7,0,0.00000000,0
5713,0,1879722,4,0,0.00000000,0
5714,0,1879723,10,2,0.20000000,1
5715,0,1879727,6,0,0.00000000,0
5716,0,1879728,2,0,0.00000000,0
5717,0,1879729,1,0,0.00000000,0
5718,0,1879730,1,0,0.00000000,0
5719,0,1879735,1,0,0.00000000,0
5720,0,1879741,270,0,0.00000000,0
5721,0,1879743,22,0,0.00000000,0
5722,0,1879748,4,0,0.00000000,0
5723,0,1879749,35,0,0.00000000,0
5724,0,1879750,494,0,0.00000000,0
5725,0,1879751,190,0,0.00000000,0
5726,0,1879752,250,0,0.00000000,0
5727,0,1879753,12,0,0.00000000,0
5728,0,1879754,139,0,0.00000000,0
5729,0,1879755,26,0,0.00000000,0
5730,0,1879756,28,0,0.00000000,0
5731,0,1879757,17,0,0.00000000,0
5732,0,1879758,22,0,0.00000000,0
5733,0,1879759,13,0,0.00000000,0
5734,0,1879760,710,0,0.00000000,0
5735,0,1879762,1024,0,0.00000000,0
5736,0,1879763,20,0,0.00000000,0
5737,0,1879764,135,0,0.00000000,0
5738,0,1879765,48,0,0.00000000,0
5739,0,1879766,30,0,0.00000000,0
5740,0,1879767,21,0,0.00000000,0
5741,0,1879768,15,0,0.00000000,0
5742,0,1879769,28,0,0.00000000,0
5743,0,1879770,9,0,0.00000000,0
5744,0,1879771,10,0,0.00000000,0
5745,0,1879772,5,0,0.00000000,0
5746,0,1879773,7,0,0.00000000,0
5747,0,1879774,7,0,0.00000000,0
5748,0,1879775,8,0,0.00000000,0
5749,0,1879776,8,0,0.00000000,0
5750,0,1879777,5,0,0.00000000,0
5751,0,1879778,3,0,0.00000000,0
5752,0,1879779,3,0,0.00000000,0
5753,0,1879780,13,0,0.00000000,0
5754,0,1879781,18,0,0.00000000,0
5755,0,1879782,6,0,0.00000000,0
5756,0,1879783,7,0,0.00000000,0
5757,0,1879784,21,0,0.00000000,0
5758,0,1879785,43,0,0.00000000,0
5759,0,1879786,1073,0,0.00000000,0
5760,0,1879787,35,0,0.00000000,0
5761,0,1879793,1,0,0.00000000,0
5762,0,1879794,1,0,0.00000000,0
5763,0,1879796,1,0,0.00000000,0
5764,0,1879803,1,0,0.00000000,0
5765,0,1879804,1,0,0.00000000,0
5766,0,1879805,1,0,0.00000000,0
5767,0,1879807,126,2,0.01587302,1
5768,0,1879808,124,4,0.03225806,1
5769,0,1879810,13,0,0.00000000,0
5770,0,1879811,155,0,0.00000000,0
5771,0,1879862,5,0,0.00000000,0
5772,0,1879863,1,0,0.00000000,0
5773,0,1879870,1,0,0.00000000,0
5774,0,1879875,1,0,0.00000000,0
5775,0,1879876,1,0,0.00000000,0
5776,0,1879879,1,0,0.00000000,0
5777,0,1879889,1,0,0.00000000,0
5778,0,1879895,1,0,0.00000000,0
5779,0,1879897,253,2,0.00790514,1
5780,0,1879914,172,0,0.00000000,0
5781,0,1879915,11,0,0.00000000,0
5782,0,1879916,30,0,0.00000000,0
5783,0,1879917,26,0,0.00000000,0
5784,0,1879918,18,0,0.00000000,0
5785,0,1879919,2,0,0.00000000,0
5786,0,1879920,9,0,0.00000000,0
5787,0,1879921,264,0,0.00000000,0
5788,0,1879922,44,0,0.00000000,0
5789,0,1879923,18,0,0.00000000,0
5790,0,1879924,15,0,0.00000000,0
5791,0,1879925,16,0,0.00000000,0
5792,0,1879926,30,0,0.00000000,0
5793,0,1879927,138,0,0.00000000,0
5794,0,1879928,32,0,0.00000000,0
5795,0,1879929,4,0,0.00000000,0
5796,0,1879930,32,0,0.00000000,0
5797,0,1879932,20,0,0.00000000,0
5798,0,1879934,1076,0,0.00000000,0
5799,0,1879935,51,0,0.00000000,0
5800,0,1879936,15,0,0.00000000,0
5801,0,1879937,8,0,0.00000000,0
5802,0,1879938,14,0,0.00000000,0
5803,0,1879939,14,0,0.00000000,0
5804,0,1879940,163,0,0.00000000,0
5805,0,1879941,105,0,0.00000000,0
5806,0,1879942,4,0,0.00000000,0
5807,0,1879944,1024,0,0.00000000,0
5808,0,1879978,37,37,1.00000000,1
5809,0,1879979,105,105,1.00000000,1
5810,0,1879980,1908,1900,0.99580713,1
5811,0,1879981,2,0,0.00000000,0
5812,0,1879983,53,2,0.03773585,1
5813,0,1880009,5,1,0.20000000,1
5814,0,1880020,49,0,0.00000000,0
5815,0,1880021,4,0,0.00000000,0
5816,0,1880022,960,0,0.00000000,0
5817,0,1880023,67,0,0.00000000,0
5818,0,1880032,15,0,0.00000000,0
5819,0,1880037,48,37,0.77083333,1
5820,0,1880038,860,857,0.99651163,1
5821,0,1880041,432,0,0.00000000,0
5822,0,1880042,549,0,0.00000000,0
5823,0,1880043,274,0,0.00000000,0
5824,0,1880044,77,0,0.00000000,0
5825,0,1880045,165,2,0.01212121,1
5826,0,1880046,256,0,0.00000000,0
5827,0,1880047,38,0,0.00000000,0
5828,0,1880048,26,0,0.00000000,0
5829,0,1880049,8,0,0.00000000,0
5830,0,1880050,11,0,0.00000000,0
5831,0,1880051,6,0,0.00000000,0
5832,0,1880052,8,0,0.00000000,0
5833,0,1880053,5,0,0.00000000,0
5834,0,1880054,2,0,0.00000000,0
5835,0,1880055,3,0,0.00000000,0
5836,0,1880057,403,0,0.00000000,0
5837,0,1880059,404,0,0.00000000,0
5838,0,1880061,313,0,0.00000000,0
5839,0,1880062,200,0,0.00000000,0
5840,0,1880063,1,0,0.00000000,0
5841,0,1880064,1,0,0.00000000,0
5842,0,1880069,1,0,0.00000000,0
5843,0,1880072,1,0,0.00000000,0
5844,0,1880074,1,0,0.00000000,0
5845,0,1880075,3,0,0.00000000,0
5846,0,1880077,1,0,0.00000000,0
5847,0,1880079,368,0,0.00000000,0
5848,0,1880080,2,0,0.00000000,0
5849,0,1880085,1,0,0.00000000,0
5850,0,1880092,443,0,0.00000000,0
5851,0,1880096,1,0,0.00000000,0
5852,0,1880098,1,0,0.00000000,0
5853,0,1880100,1,0,0.00000000,0
5854,0,1880101,1,0,0.00000000,0
5855,0,1880124,1288,132,0.10248447,1
5856,0,1880125,256,0,0.00000000,0
5857,0,1880135,34,0,0.00000000,0
5858,0,1880137,2,0,0.00000000,0
5859,0,1880138,1,0,0.00000000,0
5860,0,1880139,1,0,0.00000000,0
5861,0,1880145,1,0,0.00000000,0
5862,0,1880146,1,0,0.00000000,0
5863,0,1880147,1,0,0.00000000,0
5864,0,1880151,920,0,0.00000000,0
5865,0,1880153,3,0,0.00000000,0
5866,0,1880154,3,0,0.00000000,0
5867,0,1880155,6,0,0.00000000,0
5868,0,1880156,1,0,0.00000000,0
5869,0,1880157,15,0,0.00000000,0
5870,0,1880162,1,0,0.00000000,0
5871,0,1880164,251,0,0.00000000,0
5872,0,1880174,20,0,0.00000000,0
5873,0,1880176,894,890,0.99552573,1
5874,0,1880177,20,0,0.00000000,0
5875,0,1880178,181,0,0.00000000,0
5876,0,1880179,42,0,0.00000000,0
5877,0,1880180,37,0,0.00000000,0
5878,0,1880181,37,0,0.00000000,0
5879,0,1880182,35,0,0.00000000,0
5880,0,1880183,18,0,0.00000000,0
5881,0,1880184,20,0,0.00000000,0
5882,0,1880185,12,0,0.00000000,0
5883,0,1880186,9,0,0.00000000,0
5884,0,1880187,17,0,0.00000000,0
5885,0,1880188,706,1,0.00141643,1
5886,0,1880190,46,0,0.00000000,0
5887,0,1880191,143,1,0.00699301,1
5888,0,1880196,49,0,0.00000000,0
5889,0,1880197,4,0,0.00000000,0
5890,0,1880207,43,0,0.00000000,0
5891,0,1880243,14,0,0.00000000,0
5892,0,1880281,38,0,0.00000000,0
5893,0,1880282,1,0,0.00000000,0
5894,0,1880283,1024,0,0.00000000,0
5895,0,1880284,2,0,0.00000000,0
5896,0,1880316,176,3,0.01704545,1
5897,0,1880334,1,0,0.00000000,0
5898,0,1880335,1,0,0.00000000,0
5899,0,1880336,1,0,0.00000000,0
5900,0,1880337,3,0,0.00000000,0
5901,0,1880338,6,0,0.00000000,0
5902,0,1880339,3,0,0.00000000,0
5903,0,1880340,2,0,0.00000000,0
5904,0,1880341,5,0,0.00000000,0
5905,0,1880342,9,0,0.00000000,0
5906,0,1880343,3,0,0.00000000,0
5907,0,1880344,10,0,0.00000000,0
5908,0,1880345,8,0,0.00000000,0
5909,0,1880346,5,0,0.00000000,0
5910,0,1880367,12,0,0.00000000,0
5911,0,1880368,15,0,0.00000000,0
5912,0,1880369,8,0,0.00000000,0
5913,0,1880370,25,0,0.00000000,0
5914,0,1880438,62,0,0.00000000,0
5915,0,1880439,674,0,0.00000000,0
5916,0,1880445,1054,498,0.47248577,1
5917,0,1880449,298,195,0.65436242,1
5918,0,1880450,42,0,0.00000000,0
5919,0,1880451,15,0,0.00000000,0
5920,0,1880452,66,0,0.00000000,0
5921,0,1880453,32,0,0.00000000,0
5922,0,1880454,24,0,0.00000000,0
5923,0,1880455,21,0,0.00000000,0
5924,0,1880456,33,0,0.00000000,0
5925,0,1880457,37,0,0.00000000,0
5926,0,1880458,51,0,0.00000000,0
5927,0,1880459,28,0,0.00000000,0
5928,0,1880460,23,0,0.00000000,0
5929,0,1880461,34,0,0.00000000,0
5930,0,1880462,38,0,0.00000000,0
5931,0,1880463,47,0,0.00000000,0
5932,0,1880464,15,0,0.00000000,0
5933,0,1880465,6,0,0.00000000,0
5934,0,1880466,1,0,0.00000000,0
5935,0,1880468,134,4,0.02985075,1
5936,0,1880477,1,0,0.00000000,0
5937,0,1880478,1,0,0.00000000,0
5938,0,1880480,1,0,0.00000000,0
5939,0,1880485,3,0,0.00000000,0
5940,0,1880492,1,0,0.00000000,0
5941,0,1880498,1,0,0.00000000,0
5942,0,1880507,1,0,0.00000000,0
5943,0,1880508,1,0,0.00000000,0
5944,0,1880509,1,0,0.00000000,0
5945,0,1880513,1,0,0.00000000,0
5946,0,1880514,1,0,0.00000000,0
5947,0,1880517,1,0,0.00000000,0
5948,0,1880518,1,0,0.00000000,0
5949,0,1880520,1,0,0.00000000,0
5950,0,1880521,2,0,0.00000000,0
5951,0,1880523,1,0,0.00000000,0
5952,0,1880525,1,0,0.00000000,0
5953,0,1880527,1,0,0.00000000,0
5954,0,1880530,1,0,0.00000000,0
5955,0,1880532,1,0,0.00000000,0
5956,0,1880534,1,0,0.00000000,0
5957,0,1880538,1,0,0.00000000,0
5958,0,1880539,1,0,0.00000000,0
5959,0,1880542,1,0,0.00000000,0
5960,0,1880546,1,0,0.00000000,0
5961,0,1880547,1,0,0.00000000,0
5962,0,1880549,1,0,0.00000000,0
5963,0,1880550,1,0,0.00000000,0
5964,0,1880551,2,0,0.00000000,0
5965,0,1880552,2,0,0.00000000,0
5966,0,1880556,2,0,0.00000000,0
5967,0,1880557,1,0,0.00000000,0
5968,0,1880558,1,0,0.00000000,0
5969,0,1880561,1,0,0.00000000,0
5970,0,1880562,1,0,0.00000000,0
5971,0,1880565,1,0,0.00000000,0
5972,0,1880567,1,0,0.00000000,0
5973,0,1880568,2,0,0.00000000,0
5974,0,1880569,1,0,0.00000000,0
5975,0,1880571,2,0,0.00000000,0
5976,0,1880572,1,0,0.00000000,0
5977,0,1880577,1,0,0.00000000,0
5978,0,1880578,1,0,0.00000000,0
5979,0,1880580,117,73,0.62393162,1
5980,0,1880583,7,0,0.00000000,0
5981,0,1880584,2,0,0.00000000,0
5982,0,1880585,2,0,0.00000000,0
5983,0,1880586,7,0,0.00000000,0
5984,0,1880587,2,0,0.00000000,0
5985,0,1880588,1,0,0.00000000,0
5986,0,1880589,1,0,0.00000000,0
5987,0,1880590,1,0,0.00000000,0
5988,0,1880591,2,0,0.00000000,0
5989,0,1880592,4,0,0.00000000,0
5990,0,1880593,5,0,0.00000000,0
5991,0,1880594,6,0,0.00000000,0
5992,0,1880595,3,0,0.00000000,0
5993,0,1880596,517,0,0.00000000,0
5994,0,1880597,561,483,0.86096257,1
5995,0,1880599,53,0,0.00000000,0
5996,0,1880602,15,0,0.00000000,0
5997,0,1880603,25,0,0.00000000,0
5998,0,1880604,6,0,0.00000000,0
5999,0,1880606,1,0,0.00000000,0
6000,0,1880607,15,0,0.00000000,0
6001,0,1880609,66,0,0.00000000,0
6002,0,1880610,114,0,0.00000000,0
6003,0,1880611,788,0,0.00000000,0
6004,0,1880612,60,0,0.00000000,0
6005,0,1880613,44,0,0.00000000,0
6006,0,1880614,106,0,0.00000000,0
6007,0,1880615,7,0,0.00000000,0
6008,0,1880616,49,0,0.00000000,0
6009,0,1880617,40,0,0.00000000,0
6010,0,1880618,513,0,0.00000000,0
6011,0,1880619,70,0,0.00000000,0
6012,0,1880620,40,0,0.00000000,0
6013,0,1880621,1,0,0.00000000,0
6014,0,1880623,2,0,0.00000000,0
6015,0,1880625,722,0,0.00000000,0
6016,0,1880626,16,0,0.00000000,0
6017,0,1880627,26,0,0.00000000,0
6018,0,1880628,29,0,0.00000000,0
6019,0,1880630,381,0,0.00000000,0
6020,0,1880633,8,0,0.00000000,0
6021,0,1880634,45,0,0.00000000,0
6022,0,1880636,523,0,0.00000000,0
6023,0,1880637,17,0,0.00000000,0
6024,0,1880638,22,0,0.00000000,0
6025,0,1880642,2,0,0.00000000,0
6026,0,1880643,3,0,0.00000000,0
6027,0,1880645,11,0,0.00000000,0
6028,0,1880646,6,0,0.00000000,0
6029,0,1880647,12,0,0.00000000,0
6030,0,1880648,5,0,0.00000000,0
6031,0,1880649,3,0,0.00000000,0
6032,0,1880650,77,0,0.00000000,0
6033,0,1880651,439,0,0.00000000,0
6034,0,1880654,1,0,0.00000000,0
6035,0,1880655,1,0,0.00000000,0
6036,0,1880656,1,0,0.00000000,0
6037,0,1880657,1,0,0.00000000,0
6038,0,1880706,7,0,0.00000000,0
6039,0,1880707,5,0,0.00000000,0
6040,0,1880710,3,0,0.00000000,0
6041,0,1880711,2,0,0.00000000,0
6042,0,1880713,6,0,0.00000000,0
6043,0,1880714,3,0,0.00000000,0
6044,0,1880715,516,0,0.00000000,0
6045,0,1880716,15,0,0.00000000,0
6046,0,1880718,3,0,0.00000000,0
6047,0,1880719,3,0,0.00000000,0
6048,0,1880721,3,0,0.00000000,0
6049,0,1880722,3,0,0.00000000,0
6050,0,1880723,517,0,0.00000000,0
6051,0,1880725,1,0,0.00000000,0
6052,0,1880728,1,0,0.00000000,0
6053,0,1880730,238,0,0.00000000,0
6054,0,1880731,1,0,0.00000000,0
6055,0,1880734,143,0,0.00000000,0
6056,0,1880735,200,37,0.18500000,1
6057,0,1880739,1,0,0.00000000,0
6058,0,1880740,1,0,0.00000000,0
6059,0,1880742,5,0,0.00000000,0
6060,0,1880743,63,0,0.00000000,0
6061,0,1880744,4,1,0.25000000,1
6062,0,1880745,1,0,0.00000000,0
6063,0,1880746,677,0,0.00000000,0
6064,0,1880747,53,0,0.00000000,0
6065,0,1880748,6,0,0.00000000,0
6066,0,1880750,89,0,0.00000000,0
6067,0,1880754,94,0,0.00000000,0
6068,0,1880755,2,0,0.00000000,0
6069,0,1880756,1,0,0.00000000,0
6070,0,1880758,1,0,0.00000000,0
6071,0,1880759,1,0,0.00000000,0
6072,0,1880762,128,0,0.00000000,0
6073,0,1880763,601,0,0.00000000,0
6074,0,1880766,2,0,0.00000000,0
6075,0,1880767,3,0,0.00000000,0
6076,0,1880769,140,0,0.00000000,0
6077,0,1880771,2,0,0.00000000,0
6078,0,1880772,2,0,0.00000000,0
6079,0,1880773,98,2,0.02040816,1
6080,0,1880774,2,0,0.00000000,0
6081,0,1880778,1,0,0.00000000,0
6082,0,1880779,1,0,0.00000000,0
6083,0,1880781,167,0,0.00000000,0
6084,0,1880846,658,0,0.00000000,0
6085,0,1880847,299,0,0.00000000,0
6086,0,1880848,3797,0,0.00000000,0
6087,0,1880850,1033,0,0.00000000,0
6088,0,1880852,67,0,0.00000000,0
6089,0,1880853,157,0,0.00000000,0
6090,0,1880854,3,0,0.00000000,0
6091,0,1880855,3,0,0.00000000,0
6092,0,1880858,1,0,0.00000000,0
6093,0,1880859,3,0,0.00000000,0
6094,0,1880878,911,0,0.00000000,0
6095,0,1880879,1,0,0.00000000,0
6096,0,1880888,53,0,0.00000000,0
6097,0,1880890,11,1,0.09090909,1
6098,0,1880893,8,0,0.00000000,0
6099,0,1880894,5,0,0.00000000,0
6100,0,1880895,1,0,0.00000000,0
6101,0,1880896,1,0,0.00000000,0
6102,0,1880900,312,1,0.00320513,1
6103,0,1880904,8,0,0.00000000,0
6104,0,1880906,5,0,0.00000000,0
6105,0,1880907,96,1,0.01041667,1
6106,0,1880908,1,0,0.00000000,0
6107,0,1880909,2,0,0.00000000,0
6108,0,1880914,2,0,0.00000000,0
6109,0,1880915,57,0,0.00000000,0
6110,0,1880917,621,0,0.00000000,0
6111,0,1880918,403,0,0.00000000,0
6112,0,1880996,347,301,0.86743516,1
6113,0,1880998,35,0,0.00000000,0
6114,0,1880999,94,0,0.00000000,0
6115,0,1881006,26,0,0.00000000,0
6116,0,1881007,29,1,0.03448276,1
6117,0,1881009,23,0,0.00000000,0
6118,0,1881012,3,0,0.00000000,0
6119,0,1881013,322,0,0.00000000,0
6120,0,1881014,89,0,0.00000000,0
6121,0,1881015,30,0,0.00000000,0
6122,0,1881016,48,0,0.00000000,0
6123,0,1881017,14,0,0.00000000,0
6124,0,1881018,16,0,0.00000000,0
6125,0,1881019,14,0,0.00000000,0
6126,0,1881020,14,0,0.00000000,0
6127,0,1881021,11,0,0.00000000,0
6128,0,1881022,34,0,0.00000000,0
6129,0,1881023,19,0,0.00000000,0
6130,0,1881024,17,0,0.00000000,0
6131,0,1881025,20,0,0.00000000,0
6132,0,1881026,19,0,0.00000000,0
6133,0,1881027,20,0,0.00000000,0
6134,0,1881028,50,0,0.00000000,0
6135,0,1881029,44,0,0.00000000,0
6136,0,1881030,1,0,0.00000000,0
6137,0,1881032,1013,0,0.00000000,0
6138,0,1881034,36,0,0.00000000,0
6139,0,1881035,146,128,0.87671233,1
6140,0,1881036,12,0,0.00000000,0
6141,0,1881037,8,0,0.00000000,0
6142,0,1881038,10,0,0.00000000,0
6143,0,1881040,2,0,0.00000000,0
6144,0,1881041,10,0,0.00000000,0
6145,0,1881042,6,0,0.00000000,0
6146,0,1881043,143,0,0.00000000,0
6147,0,1881047,21,0,0.00000000,0
6148,0,1881048,1,0,0.00000000,0
6149,0,1881052,15,0,0.00000000,0
6150,0,1881068,1001,1001,1.00000000,1
6151,0,1881069,23,23,1.00000000,1
6152,0,1881077,11,0,0.00000000,0
6153,0,1881079,13,0,0.00000000,0
6154,0,1881083,19,0,0.00000000,0
6155,0,1881085,21,0,0.00000000,0
6156,0,1881087,1,0,0.00000000,0
6157,0,1881136,86,0,0.00000000,0
6158,0,1881137,1,0,0.00000000,0
6159,0,1881139,1,0,0.00000000,0
6160,0,1881144,118,0,0.00000000,0
6161,0,1881148,3,0,0.00000000,0
6162,0,1881150,592,0,0.00000000,0
6163,0,1881151,62,0,0.00000000,0
6164,0,1881152,1,0,0.00000000,0
6165,0,1881154,19,0,0.00000000,0
6166,0,1881156,1,0,0.00000000,0
6167,0,1881158,2,0,0.00000000,0
6168,0,1881159,1,0,0.00000000,0
6169,0,1881160,1,0,0.00000000,0
6170,0,1881161,1,0,0.00000000,0
6171,0,1881162,1,0,0.00000000,0
6172,0,1881165,1,0,0.00000000,0
6173,0,1881166,1,0,0.00000000,0
6174,0,1881168,1,0,0.00000000,0
6175,0,1881169,1,0,0.00000000,0
6176,0,1881170,418,1,0.00239234,1
6177,0,1881175,1,0,0.00000000,0
6178,0,1881176,2,0,0.00000000,0
6179,0,1881182,44,0,0.00000000,0
6180,0,1881183,13,2,0.15384615,1
6181,0,1881184,48,0,0.00000000,0
6182,0,1881185,112,0,0.00000000,0
6183,0,1881187,1,0,0.00000000,0
6184,0,1881189,1,0,0.00000000,0
6185,0,1881193,1,0,0.00000000,0
6186,0,1881195,1,0,0.00000000,0
6187,0,1881197,1,0,0.00000000,0
6188,0,1881198,411,1,0.00243309,1
6189,0,1881200,30,0,0.00000000,0
6190,0,1881205,4,0,0.00000000,0
6191,0,1881208,3,0,0.00000000,0
6192,0,1881210,3,0,0.00000000,0
6193,0,1881211,4,0,0.00000000,0
6194,0,1881216,1024,0,0.00000000,0
6195,0,1881237,1,0,0.00000000,0
6196,0,1881240,1,0,0.00000000,0
6197,0,1881246,386,1,0.00259067,1
6198,0,1881278,3,0,0.00000000,0
6199,0,1881279,1,0,0.00000000,0
6200,0,1881281,1,0,0.00000000,0
6201,0,1881282,1,0,0.00000000,0
6202,0,1881283,1,0,0.00000000,0
6203,0,1881286,1,0,0.00000000,0
6204,0,1881289,1,0,0.00000000,0
6205,0,1881293,1,0,0.00000000,0
6206,0,1881296,1,0,0.00000000,0
6207,0,1881299,1,0,0.00000000,0
6208,0,1881300,1,0,0.00000000,0
6209,0,1881305,2,0,0.00000000,0
6210,0,1881309,1,0,0.00000000,0
6211,0,1881312,2,0,0.00000000,0
6212,0,1881317,1,0,0.00000000,0
6213,0,1881320,1,0,0.00000000,0
6214,0,1881323,21,1,0.04761905,1
6215,0,1881324,508,0,0.00000000,0
6216,0,1881326,1,0,0.00000000,0
6217,0,1881328,1,0,0.00000000,0
6218,0,1881329,1,0,0.00000000,0
6219,0,1881334,348,1,0.00287356,1
6220,0,1881336,23,1,0.04347826,1
6221,0,1881340,1,0,0.00000000,0
6222,0,1881344,1,0,0.00000000,0
6223,0,1881347,1,0,0.00000000,0
6224,0,1881349,1,0,0.00000000,0
6225,0,1881353,1,0,0.00000000,0
6226,0,1881356,1,0,0.00000000,0
6227,0,1881357,1,0,0.00000000,0
6228,0,1881362,1,0,0.00000000,0
6229,0,1881363,1,0,0.00000000,0
6230,0,1881367,1,0,0.00000000,0
6231,0,1881369,1,0,0.00000000,0
6232,0,1881372,1,0,0.00000000,0
6233,0,1881381,1,0,0.00000000,0
6234,0,1881387,1537,0,0.00000000,0
6235,0,1881388,166,0,0.00000000,0
6236,0,1881397,1,0,0.00000000,0
6237,0,1881398,1,0,0.00000000,0
6238,0,1881402,1,0,0.00000000,0
6239,0,1881403,1,0,0.00000000,0
6240,0,1881406,339,1,0.00294985,1
6241,0,1881407,56,0,0.00000000,0
6242,0,1881411,1,0,0.00000000,0
6243,0,1881416,1,0,0.00000000,0
6244,0,1881419,1,0,0.00000000,0
6245,0,1881424,412,1,0.00242718,1
6246,0,1881428,1,0,0.00000000,0
6247,0,1881429,1,0,0.00000000,0
6248,0,1881430,1,0,0.00000000,0
6249,0,1881440,2,0,0.00000000,0
6250,0,1881441,3,0,0.00000000,0
6251,0,1881446,449,1,0.00222717,1
6252,0,1881447,1,1,1.00000000,1
6253,0,1881460,2,0,0.00000000,0
6254,0,1881461,56,0,0.00000000,0
6255,0,1881473,1,0,0.00000000,0
6256,0,1881474,1,0,0.00000000,0
6257,0,1881477,1,0,0.00000000,0
6258,0,1881478,1,0,0.00000000,0
6259,0,1881479,1,0,0.00000000,0
6260,0,1881482,1,0,0.00000000,0
6261,0,1881491,471,1,0.00212314,1
6262,0,1881505,1,0,0.00000000,0
6263,0,1881506,1,0,0.00000000,0
6264,0,1881508,1,0,0.00000000,0
6265,0,1881517,1,0,0.00000000,0
6266,0,1881530,1,0,0.00000000,0
6267,0,1881541,425,1,0.00235294,1
6268,0,1881542,118,0,0.00000000,0
6269,0,1881545,1,0,0.00000000,0
6270,0,1881551,373,16,0.04289544,1
6271,0,1881571,64,48,0.75000000,1
6272,0,1881572,1,0,0.00000000,0
6273,0,1881573,31,1,0.03225806,1
6274,0,1881574,401,0,0.00000000,0
6275,0,1881575,272,0,0.00000000,0
6276,0,1881576,276,0,0.00000000,0
6277,0,1881577,230,0,0.00000000,0
6278,0,1881578,275,0,0.00000000,0
6279,0,1881579,276,0,0.00000000,0
6280,0,1881580,230,0,0.00000000,0
6281,0,1881581,307,0,0.00000000,0
6282,0,1881582,184,0,0.00000000,0
6283,0,1881583,1,0,0.00000000,0
6284,0,1881584,176,0,0.00000000,0
6285,0,1881585,36,0,0.00000000,0
6286,0,1881586,3,0,0.00000000,0
6287,0,1881587,5,0,0.00000000,0
6288,0,1881590,4,0,0.00000000,0
6289,0,1881591,1,0,0.00000000,0
6290,0,1881592,6,0,0.00000000,0
6291,0,1881593,4,0,0.00000000,0
6292,0,1881600,26,0,0.00000000,0
6293,0,1881601,146,0,0.00000000,0
6294,0,1881603,1,0,0.00000000,0
6295,0,1881604,4,0,0.00000000,0
6296,0,1881608,16,0,0.00000000,0
6297,0,1881617,930,910,0.97849462,1
6298,0,1881618,105,104,0.99047619,1
6299,0,1881626,2,0,0.00000000,0
6300,0,1881638,19,0,0.00000000,0
6301,0,1881644,8,0,0.00000000,0
6302,0,1881695,7,0,0.00000000,0
6303,0,1881697,11,0,0.00000000,0
6304,0,1881698,3,0,0.00000000,0
6305,0,1881722,10,0,0.00000000,0
6306,0,1881724,6,0,0.00000000,0
6307,0,1881725,6,0,0.00000000,0
6308,0,1881726,6,0,0.00000000,0
6309,0,1881728,3,0,0.00000000,0
6310,0,1881733,10,0,0.00000000,0
6311,0,1881739,6,0,0.00000000,0
6312,0,1881743,2,0,0.00000000,0
6313,0,1881747,9,0,0.00000000,0
6314,0,1881751,4,0,0.00000000,0
6315,0,1881753,166,0,0.00000000,0
6316,0,1881755,10,0,0.00000000,0
6317,0,1881759,148,0,0.00000000,0
6318,0,1881776,25,0,0.00000000,0
6319,0,1881781,16,0,0.00000000,0
6320,0,1881784,42,0,0.00000000,0
6321,0,1881786,2,0,0.00000000,0
6322,0,1881787,62,0,0.00000000,0
6323,0,1881788,15,0,0.00000000,0
6324,0,1881789,168,0,0.00000000,0
6325,0,1881791,188,0,0.00000000,0
6326,0,1881792,75,0,0.00000000,0
6327,0,1881793,22,0,0.00000000,0
6328,0,1881794,14,0,0.00000000,0
6329,0,1881795,19,0,0.00000000,0
6330,0,1881796,6,0,0.00000000,0
6331,0,1881797,12,0,0.00000000,0
6332,0,1881798,16,0,0.00000000,0
6333,0,1881799,6,0,0.00000000,0
6334,0,1881800,10,0,0.00000000,0
6335,0,1881801,9,0,0.00000000,0
6336,0,1881802,8,0,0.00000000,0
6337,0,1881803,9,0,0.00000000,0
6338,0,1881804,10,0,0.00000000,0
6339,0,1881806,5,0,0.00000000,0
6340,0,1881807,9,0,0.00000000,0
6341,0,1881808,5,0,0.00000000,0
6342,0,1881809,2,0,0.00000000,0
6343,0,1881811,2,0,0.00000000,0
6344,0,1881812,4,0,0.00000000,0
6345,0,1881813,2,0,0.00000000,0
6346,0,1881814,2,0,0.00000000,0
6347,0,1881815,6,0,0.00000000,0
6348,0,1881816,1,0,0.00000000,0
6349,0,1881817,4,0,0.00000000,0
6350,0,1881818,3,0,0.00000000,0
6351,0,1881819,5,0,0.00000000,0
6352,0,1881820,6,0,0.00000000,0
6353,0,1881823,3,0,0.00000000,0
6354,0,1881824,2,0,0.00000000,0
6355,0,1881825,7,0,0.00000000,0
6356,0,1881826,3,0,0.00000000,0
6357,0,1881827,8,0,0.00000000,0
6358,0,1881828,4,0,0.00000000,0
6359,0,1881829,386,1,0.00259067,1
6360,0,1881830,1,1,1.00000000,1
6361,0,1881874,64,0,0.00000000,0
6362,0,1881878,147,0,0.00000000,0
6363,0,1881882,59,0,0.00000000,0
6364,0,1881886,2,0,0.00000000,0
6365,0,1881887,4,0,0.00000000,0
6366,0,1881893,136,0,0.00000000,0
6367,0,1881897,36,0,0.00000000,0
6368,0,1881916,12,0,0.00000000,0
6369,0,1881918,57,2,0.03508772,1
6370,0,1881925,383,0,0.00000000,0
6371,0,1881926,180,0,0.00000000,0
6372,0,1881927,83,0,0.00000000,0
6373,0,1881928,87,0,0.00000000,0
6374,0,1881929,826,0,0.00000000,0
6375,0,1881930,506,0,0.00000000,0
6376,0,1881931,159,0,0.00000000,0
6377,0,1881932,74,0,0.00000000,0
6378,0,1881933,68,0,0.00000000,0
6379,0,1881934,740,0,0.00000000,0
6380,0,1881937,446,0,0.00000000,0
6381,0,1881938,90,0,0.00000000,0
6382,0,1881939,56,0,0.00000000,0
6383,0,1881940,40,0,0.00000000,0
6384,0,1881941,706,0,0.00000000,0
6385,0,1881943,1024,0,0.00000000,0
6386,0,1881944,1024,0,0.00000000,0
6387,0,1881945,76,0,0.00000000,0
6388,0,1881949,1,0,0.00000000,0
6389,0,1881953,3,0,0.00000000,0
6390,0,1881954,1,0,0.00000000,0
6391,0,1881957,1,0,0.00000000,0
6392,0,1881958,1,0,0.00000000,0
6393,0,1881959,1,0,0.00000000,0
6394,0,1881963,1,0,0.00000000,0
6395,0,1881966,1,0,0.00000000,0
6396,0,1881971,1,0,0.00000000,0
6397,0,1881972,1,0,0.00000000,0
6398,0,1881982,1,0,0.00000000,0
6399,0,1881983,494,1,0.00202429,1
6400,0,1882002,8,0,0.00000000,0
6401,0,1882003,4,0,0.00000000,0
6402,0,1882005,4,0,0.00000000,0
6403,0,1882007,44,0,0.00000000,0
6404,0,1882008,1027,0,0.00000000,0
6405,0,1882009,6,0,0.00000000,0
6406,0,1882011,13,0,0.00000000,0
6407,0,1882013,2042,0,0.00000000,0
6408,0,1882014,6,0,0.00000000,0
6409,0,1882015,7,0,0.00000000,0
6410,0,1882017,7,0,0.00000000,0
6411,0,1882018,8,0,0.00000000,0
6412,0,1882022,36,0,0.00000000,0
6413,0,1882023,25,0,0.00000000,0
6414,0,1882024,6,0,0.00000000,0
6415,0,1882025,10,1,0.10000000,1
6416,0,1882028,4,0,0.00000000,0
6417,0,1882031,3,0,0.00000000,0
6418,0,1882038,5,1,0.20000000,1
6419,0,1882039,1,1,1.00000000,1
6420,0,1882042,15,0,0.00000000,0
6421,0,1882047,8,0,0.00000000,0
6422,0,1882051,19,0,0.00000000,0
6423,0,1882055,14,0,0.00000000,0
6424,0,1882066,20,0,0.00000000,0
6425,0,1882068,25,0,0.00000000,0
6426,0,1882070,30,0,0.00000000,0
6427,0,1882072,2,0,0.00000000,0
6428,0,1882073,3,0,0.00000000,0
6429,0,1882074,3,0,0.00000000,0
6430,0,1882075,376,1,0.00265957,1
6431,0,1882077,132,2,0.01515152,1
6432,0,1882080,1,0,0.00000000,0
6433,0,1882081,2,0,0.00000000,0
6434,0,1882082,1,0,0.00000000,0
6435,0,1882083,1,0,0.00000000,0
6436,0,1882084,7,0,0.00000000,0
6437,0,1882085,3,0,0.00000000,0
6438,0,1882087,1,0,0.00000000,0
6439,0,1882088,1,0,0.00000000,0
6440,0,1882090,1,0,0.00000000,0
6441,0,1882092,1,0,0.00000000,0
6442,0,1882095,1,0,0.00000000,0
6443,0,1882096,1,0,0.00000000,0
6444,0,1882097,3,0,0.00000000,0
6445,0,1882098,1,0,0.00000000,0
6446,0,1882099,1,0,0.00000000,0
6447,0,1882101,2,0,0.00000000,0
6448,0,1882102,2,0,0.00000000,0
6449,0,1882103,1,0,0.00000000,0
6450,0,1882104,2,0,0.00000000,0
6451,0,1882105,2,0,0.00000000,0
6452,0,1882107,1,0,0.00000000,0
6453,0,1882109,4,0,0.00000000,0
6454,0,1882110,2,0,0.00000000,0
6455,0,1882111,1,0,0.00000000,0
6456,0,1882112,1,0,0.00000000,0
6457,0,1882113,1,0,0.00000000,0
6458,0,1882114,2,0,0.00000000,0
6459,0,1882117,1422,0,0.00000000,0
6460,0,1882118,1403,0,0.00000000,0
6461,0,1882119,312,0,0.00000000,0
6462,0,1882120,65,0,0.00000000,0
6463,0,1882121,32,0,0.00000000,0
6464,0,1882122,778,0,0.00000000,0
6465,0,1882146,91,0,0.00000000,0
6466,0,1882147,4,0,0.00000000,0
6467,0,1882148,4,0,0.00000000,0
6468,0,1882149,866,866,1.00000000,1
6469,0,1882153,513,0,0.00000000,0
6470,0,1882154,4,0,0.00000000,0
6471,0,1882156,15,0,0.00000000,0
6472,0,1882158,3,0,0.00000000,0
6473,0,1882159,1,1,1.00000000,1
6474,0,1882160,1,1,1.00000000,1
6475,0,1882162,7,1,0.14285714,1
6476,0,1882163,2,1,0.50000000,1
6477,0,1882166,2,1,0.50000000,1
6478,0,1882167,6,1,0.16666667,1
6479,0,1882168,55,1,0.01818182,1
6480,0,1882169,2,0,0.00000000,0
6481,0,1882170,3,0,0.00000000,0
6482,0,1882171,47,0,0.00000000,0
6483,0,1882173,8,0,0.00000000,0
6484,0,1882175,14,0,0.00000000,0
6485,0,1882177,2,0,0.00000000,0
6486,0,1882179,304,0,0.00000000,0
6487,0,1882188,4,0,0.00000000,0
6488,0,1882191,4,0,0.00000000,0
6489,0,1882193,4,0,0.00000000,0
6490,0,1882194,4,0,0.00000000,0
6491,0,1882197,72,0,0.00000000,0
6492,0,1882198,2,0,0.00000000,0
6493,0,1882199,2,0,0.00000000,0
6494,0,1882200,2,0,0.00000000,0
6495,0,1882202,1,0,0.00000000,0
6496,0,1882206,1,0,0.00000000,0
6497,0,1882208,1,0,0.00000000,0
6498,0,1882215,1,0,0.00000000,0
6499,0,1882221,2,0,0.00000000,0
6500,0,1882224,1,0,0.00000000,0
6501,0,1882229,1,0,0.00000000,0
6502,0,1882230,1,0,0.00000000,0
6503,0,1882237,1,0,0.00000000,0
6504,0,1882253,1,0,0.00000000,0
6505,0,1882254,351,0,0.00000000,0
6506,0,1882255,1493,0,0.00000000,0
6507,0,1882288,3,0,0.00000000,0
6508,0,1882289,1,0,0.00000000,0
6509,0,1882290,1,0,0.00000000,0
6510,0,1882291,2,0,0.00000000,0
6511,0,1882295,1,0,0.00000000,0
6512,0,1882305,2,0,0.00000000,0
6513,0,1882306,3,0,0.00000000,0
6514,0,1882310,741,0,0.00000000,0
6515,0,1882311,97,0,0.00000000,0
6516,0,1882312,1058,0,0.00000000,0
6517,0,1882319,1861,0,0.00000000,0
6518,0,1882320,191,0,0.00000000,0
6519,0,1882321,2,0,0.00000000,0
6520,0,1882324,1,0,0.00000000,0
6521,0,1882326,6,0,0.00000000,0
6522,0,1882327,1,0,0.00000000,0
6523,0,1882329,35,0,0.00000000,0
6524,0,1882330,28,0,0.00000000,0
6525,0,1882338,26,0,0.00000000,0
6526,0,1882339,1,0,0.00000000,0
6527,0,1882342,128,0,0.00000000,0
6528,0,1882343,14,0,0.00000000,0
6529,0,1882345,64,0,0.00000000,0
6530,0,1882347,9,0,0.00000000,0
6531,0,1882360,256,0,0.00000000,0
6532,0,1882362,15,0,0.00000000,0
6533,0,1882363,1,0,0.00000000,0
6534,0,1882364,515,0,0.00000000,0
6535,0,1882368,6,0,0.00000000,0
6536,0,1882386,8,0,0.00000000,0
6537,0,1882387,5,0,0.00000000,0
6538,0,1882388,1,0,0.00000000,0
6539,0,1882389,6,0,0.00000000,0
6540,0,1882390,2,0,0.00000000,0
6541,0,1882393,3,0,0.00000000,0
6542,0,1882396,1024,0,0.00000000,0
6543,0,1882399,110,0,0.00000000,0
6544,0,1882400,326,0,0.00000000,0
6545,0,1882401,66,0,0.00000000,0
6546,0,1882402,36,0,0.00000000,0
6547,0,1882403,42,0,0.00000000,0
6548,0,1882404,536,0,0.00000000,0
6549,0,1882419,27,0,0.00000000,0
6550,0,1882420,6,0,0.00000000,0
6551,0,1882421,3,0,0.00000000,0
6552,0,1882422,6,0,0.00000000,0
6553,0,1882423,6,0,0.00000000,0
6554,0,1882427,6,0,0.00000000,0
6555,0,1882428,1024,0,0.00000000,0
6556,0,1882436,4,0,0.00000000,0
6557,0,1882437,4,0,0.00000000,0
6558,0,1882440,13,0,0.00000000,0
6559,0,1882443,18,0,0.00000000,0
6560,0,1882445,9,0,0.00000000,0
6561,0,1882447,11,0,0.00000000,0
6562,0,1882448,31,0,0.00000000,0
6563,0,1882449,12,0,0.00000000,0
6564,0,1882450,3,0,0.00000000,0
6565,0,1882451,9,0,0.00000000,0
6566,0,1882452,6,0,0.00000000,0
6567,0,1882453,6,0,0.00000000,0
6568,0,1882455,5,0,0.00000000,0
6569,0,1882456,5,0,0.00000000,0
6570,0,1882457,4,0,0.00000000,0
6571,0,1882458,7,0,0.00000000,0
6572,0,1882459,1,0,0.00000000,0
6573,0,1882460,7,0,0.00000000,0
6574,0,1882462,9,0,0.00000000,0
6575,0,1882463,15,0,0.00000000,0
6576,0,1882464,6,0,0.00000000,0
6577,0,1882466,236,0,0.00000000,0
6578,0,1882467,674,0,0.00000000,0
6579,0,1882468,33,0,0.00000000,0
6580,0,1882469,2,0,0.00000000,0
6581,0,1882471,3,0,0.00000000,0
6582,0,1882473,1,0,0.00000000,0
6583,0,1882474,1,0,0.00000000,0
6584,0,1882475,1,0,0.00000000,0
6585,0,1882476,1,0,0.00000000,0
6586,0,1882477,2,0,0.00000000,0
6587,0,1882478,2,0,0.00000000,0
6588,0,1882479,1,0,0.00000000,0
6589,0,1882481,1,0,0.00000000,0
6590,0,1882483,3,0,0.00000000,0
6591,0,1882484,4,0,0.00000000,0
6592,0,1882486,1,0,0.00000000,0
6593,0,1882487,3,0,0.00000000,0
6594,0,1882488,1,0,0.00000000,0
6595,0,1882489,631,0,0.00000000,0
6596,0,1882490,21,0,0.00000000,0
6597,0,1882491,14,0,0.00000000,0
6598,0,1882492,1030,0,0.00000000,0
6599,0,1882495,19,0,0.00000000,0
6600,0,1882496,4,0,0.00000000,0
6601,0,1882497,2,0,0.00000000,0
6602,0,1882500,176,1,0.00568182,1
6603,0,1882502,867,849,0.97923875,1
6604,0,1882506,50,1,0.02000000,1
6605,0,1882507,24,0,0.00000000,0
6606,0,1882510,12,1,0.08333333,1
6607,0,1882511,153,0,0.00000000,0
6608,0,1882515,1,0,0.00000000,0
6609,0,1882521,1,0,0.00000000,0
6610,0,1882523,3,0,0.00000000,0
6611,0,1882526,8,0,0.00000000,0
6612,0,1882531,1,0,0.00000000,0
6613,0,1882538,3,0,0.00000000,0
6614,0,1882549,3,0,0.00000000,0
6615,0,1882551,2,0,0.00000000,0
6616,0,1882552,1024,0,0.00000000,0
6617,0,1882577,53,53,1.00000000,1
6618,0,1882578,174,0,0.00000000,0
6619,0,1882579,889,0,0.00000000,0
6620,0,1882580,19,0,0.00000000,0
6621,0,1882581,16,0,0.00000000,0
6622,0,1882582,1774,0,0.00000000,0
6623,0,1882583,2365,0,0.00000000,0
6624,0,1882584,2366,0,0.00000000,0
6625,0,1882585,2369,0,0.00000000,0
6626,0,1882586,1894,0,0.00000000,0
6627,0,1882587,1418,0,0.00000000,0
6628,0,1882588,1392,0,0.00000000,0
6629,0,1882590,30,0,0.00000000,0
6630,0,1882593,41,0,0.00000000,0
6631,0,1882599,396,0,0.00000000,0
6632,0,1882604,2,0,0.00000000,0
6633,0,1882606,3,0,0.00000000,0
6634,0,1882607,59,0,0.00000000,0
6635,0,1882613,14,0,0.00000000,0
6636,0,1882616,16,0,0.00000000,0
6637,0,1882620,10,0,0.00000000,0
6638,0,1882623,7,0,0.00000000,0
6639,0,1882630,18,0,0.00000000,0
6640,0,1882632,7,0,0.00000000,0
6641,0,1882634,6,0,0.00000000,0
6642,0,1882636,3,0,0.00000000,0
6643,0,1882642,8,0,0.00000000,0
6644,0,1882645,8,0,0.00000000,0
6645,0,1882647,6,0,0.00000000,0
6646,0,1882649,11,0,0.00000000,0
6647,0,1882653,232,0,0.00000000,0
6648,0,1882655,1,0,0.00000000,0
6649,0,1882657,25,0,0.00000000,0
6650,0,1882660,98,0,0.00000000,0
6651,0,1882665,45,0,0.00000000,0
6652,0,1882671,228,0,0.00000000,0
6653,0,1882672,2,0,0.00000000,0
6654,0,1882673,4,0,0.00000000,0
6655,0,1882674,2,0,0.00000000,0
6656,0,1882678,207,0,0.00000000,0
6657,0,1882680,1,0,0.00000000,0
6658,0,1882684,148,0,0.00000000,0
6659,0,1882686,1,0,0.00000000,0
6660,0,1882688,1,0,0.00000000,0
6661,0,1882689,2,0,0.00000000,0
6662,0,1882691,628,0,0.00000000,0
6663,0,1882697,5,0,0.00000000,0
6664,0,1882698,1,0,0.00000000,0
6665,0,1882700,1,0,0.00000000,0
6666,0,1882701,1,0,0.00000000,0
6667,0,1882702,103,2,0.01941748,1
6668,0,1882721,13,0,0.00000000,0
6669,0,1882722,1,0,0.00000000,0
6670,0,1882725,2,0,0.00000000,0
6671,0,1882727,1,0,0.00000000,0
6672,0,1882728,30,1,0.03333333,1
6673,0,1882729,50,0,0.00000000,0
6674,0,1882733,3,0,0.00000000,0
6675,0,1882734,3,0,0.00000000,0
6676,0,1882735,5,0,0.00000000,0
6677,0,1882736,4,0,0.00000000,0
6678,0,1882737,2,1,0.50000000,1
6679,0,1882738,4,0,0.00000000,0
6680,0,1882739,1,0,0.00000000,0
6681,0,1882740,4,0,0.00000000,0
6682,0,1882742,113,3,0.02654867,1
6683,0,1882743,20,1,0.05000000,1
6684,0,1882744,3,0,0.00000000,0
6685,0,1882745,2,0,0.00000000,0
6686,0,1882747,134,0,0.00000000,0
6687,0,1882751,90,0,0.00000000,0
6688,0,1882752,163,0,0.00000000,0
6689,0,1882756,46,0,0.00000000,0
6690,0,1882760,37,0,0.00000000,0
6691,0,1882763,140,0,0.00000000,0
6692,0,1882764,157,0,0.00000000,0
6693,0,1882767,205,0,0.00000000,0
6694,0,1882768,90,0,0.00000000,0
6695,0,1882770,8,0,0.00000000,0
6696,0,1882774,281,0,0.00000000,0
6697,0,1882775,95,0,0.00000000,0
6698,0,1882777,3,0,0.00000000,0
6699,0,1882778,3,0,0.00000000,0
6700,0,1882779,3,0,0.00000000,0
6701,0,1882780,3,0,0.00000000,0
6702,0,1882783,1,0,0.00000000,0
6703,0,1882786,1,0,0.00000000,0
6704,0,1882788,2,0,0.00000000,0
6705,0,1882798,1,0,0.00000000,0
6706,0,1882801,343,0,0.00000000,0
6707,0,1882803,16,0,0.00000000,0
6708,0,1882804,516,0,0.00000000,0
6709,0,1882805,9,0,0.00000000,0
6710,0,1882806,4,0,0.00000000,0
6711,0,1882807,105,0,0.00000000,0
6712,0,1882808,1,0,0.00000000,0
6713,0,1882820,1,0,0.00000000,0
6714,0,1882825,15,0,0.00000000,0
6715,0,1882826,1,0,0.00000000,0
6716,0,1882828,1,0,0.00000000,0
6717,0,1882830,1,0,0.00000000,0
6718,0,1882836,218,0,0.00000000,0
6719,0,1882838,4,0,0.00000000,0
6720,0,1882846,1,0,0.00000000,0
6721,0,1882848,73,0,0.00000000,0
6722,0,1882849,4,0,0.00000000,0
6723,0,1882850,1,0,0.00000000,0
6724,0,1882862,1,0,0.00000000,0
6725,0,1882873,286,0,0.00000000,0
6726,0,1882877,2,0,0.00000000,0
6727,0,1882878,143,0,0.00000000,0
6728,0,1882881,2,0,0.00000000,0
6729,0,1882882,1,0,0.00000000,0
6730,0,1882883,183,0,0.00000000,0
6731,0,1882884,13,0,0.00000000,0
6732,0,1882885,13,0,0.00000000,0
6733,0,1882886,16,0,0.00000000,0
6734,0,1882887,3,0,0.00000000,0
6735,0,1882888,11,1,0.09090909,1
6736,0,1882889,4,4,1.00000000,1
6737,0,1882890,49,1,0.02040816,1
6738,0,1882895,18,0,0.00000000,0
6739,0,1882896,1,0,0.00000000,0
6740,0,1882897,46,2,0.04347826,1
6741,0,1882901,9,0,0.00000000,0
6742,0,1882902,3,0,0.00000000,0
6743,0,1882903,3,0,0.00000000,0
6744,0,1882904,3,1,0.33333333,1
6745,0,1882905,1,0,0.00000000,0
6746,0,1882910,14,0,0.00000000,0
6747,0,1882911,1,0,0.00000000,0
6748,0,1882915,48,2,0.04166667,1
6749,0,1882917,512,0,0.00000000,0
6750,0,1882918,5,0,0.00000000,0
6751,0,1882919,10,0,0.00000000,0
6752,0,1882922,1,0,0.00000000,0
6753,0,1882923,1,0,0.00000000,0
6754,0,1882925,6,0,0.00000000,0
6755,0,1882926,1,0,0.00000000,0
6756,0,1882927,3,0,0.00000000,0
6757,0,1882928,521,0,0.00000000,0
6758,0,1882937,3,0,0.00000000,0
6759,0,1882940,1,0,0.00000000,0
6760,0,1882941,1,0,0.00000000,0
6761,0,1882942,2,0,0.00000000,0
6762,0,1882943,1,0,0.00000000,0
6763,0,1882948,1,0,0.00000000,0
6764,0,1882954,3,0,0.00000000,0
6765,0,1882959,202,1,0.00495050,1
6766,0,1882969,1,0,0.00000000,0
6767,0,1882970,1,0,0.00000000,0
6768,0,1882972,1,0,0.00000000,0
6769,0,1882973,1,0,0.00000000,0
6770,0,1882978,164,0,0.00000000,0
6771,0,1882982,2,0,0.00000000,0
6772,0,1882991,1,0,0.00000000,0
6773,0,1883000,1,0,0.00000000,0
6774,0,1883004,1,0,0.00000000,0
6775,0,1883007,1,0,0.00000000,0
6776,0,1883010,391,0,0.00000000,0
6777,0,1883011,6,0,0.00000000,0
6778,0,1883012,1,0,0.00000000,0
6779,0,1883014,3,0,0.00000000,0
6780,0,1883016,12,0,0.00000000,0
6781,0,1883017,1,0,0.00000000,0
6782,0,1883018,11,0,0.00000000,0
6783,0,1883019,27,0,0.00000000,0
6784,0,1883027,2,0,0.00000000,0
6785,0,1883028,2,0,0.00000000,0
6786,0,1883029,27,0,0.00000000,0
6787,0,1883031,6,0,0.00000000,0
6788,0,1883033,11,0,0.00000000,0
6789,0,1883034,1072,0,0.00000000,0
6790,0,1883043,11,0,0.00000000,0
6791,0,1883049,6,0,0.00000000,0
6792,0,1883050,1,0,0.00000000,0
6793,0,1883053,2,0,0.00000000,0
6794,0,1883056,1,0,0.00000000,0
6795,0,1883073,14,0,0.00000000,0
6796,0,1883077,1,0,0.00000000,0
6797,0,1883082,6,0,0.00000000,0
6798,0,1883085,1,0,0.00000000,0
6799,0,1883086,56,0,0.00000000,0
6800,0,1883087,1,0,0.00000000,0
6801,0,1883089,512,0,0.00000000,0
6802,0,1883091,5,0,0.00000000,0
6803,0,1883092,515,0,0.00000000,0
6804,0,1883101,1,0,0.00000000,0
6805,0,1883102,17,0,0.00000000,0
6806,0,1883103,515,0,0.00000000,0
6807,0,1883104,6,0,0.00000000,0
6808,0,1883106,1,0,0.00000000,0
6809,0,1883107,413,0,0.00000000,0
6810,0,1883108,115,0,0.00000000,0
6811,0,1883109,2,0,0.00000000,0
6812,0,1883110,13,0,0.00000000,0
6813,0,1883111,518,0,0.00000000,0
6814,0,1883112,522,0,0.00000000,0
6815,0,1883113,1,0,0.00000000,0
6816,0,1883114,3,0,0.00000000,0
6817,0,1883115,4,0,0.00000000,0
6818,0,1883119,1,0,0.00000000,0
6819,0,1883121,4,0,0.00000000,0
6820,0,1883122,1,0,0.00000000,0
6821,0,1883123,1,0,0.00000000,0
6822,0,1883124,1,0,0.00000000,0
6823,0,1883126,7,0,0.00000000,0
6824,0,1883131,462,0,0.00000000,0
6825,0,1883137,1,0,0.00000000,0
6826,0,1883138,5,0,0.00000000,0
6827,0,1883145,1,0,0.00000000,0
6828,0,1883146,3,0,0.00000000,0
6829,0,1883147,1,0,0.00000000,0
6830,0,1883148,635,0,0.00000000,0
6831,0,1883150,21,0,0.00000000,0
6832,0,1883154,2,0,0.00000000,0
6833,0,1883155,4,0,0.00000000,0
6834,0,1883156,469,0,0.00000000,0
6835,0,1883159,493,0,0.00000000,0
6836,0,1883160,557,0,0.00000000,0
6837,0,1883161,159,0,0.00000000,0
6838,0,1883165,19,0,0.00000000,0
6839,0,1883166,50,0,0.00000000,0
6840,0,1883167,104,0,0.00000000,0
6841,0,1883170,12,0,0.00000000,0
6842,0,1883171,11,0,0.00000000,0
6843,0,1883172,1024,0,0.00000000,0
6844,0,1883173,1,0,0.00000000,0
6845,0,1883174,10,0,0.00000000,0
6846,0,1883176,30,0,0.00000000,0
6847,0,1883177,76,0,0.00000000,0
6848,0,1883178,4,0,0.00000000,0
6849,0,1883179,119,0,0.00000000,0
6850,0,1883180,77,0,0.00000000,0
6851,0,1883181,1,0,0.00000000,0
6852,0,1883182,2,0,0.00000000,0
6853,0,1883183,3,0,0.00000000,0
6854,0,1883184,78,0,0.00000000,0
6855,0,1883185,120,0,0.00000000,0
6856,0,1883186,33,0,0.00000000,0
6857,0,1883187,15,0,0.00000000,0
6858,0,1883188,151,0,0.00000000,0
6859,0,1883189,52,0,0.00000000,0
6860,0,1883191,8,0,0.00000000,0
6861,0,1883195,12,0,0.00000000,0
6862,0,1883196,5,0,0.00000000,0
6863,0,1883197,2,0,0.00000000,0
6864,0,1883199,19,0,0.00000000,0
6865,0,1883200,266,0,0.00000000,0
6866,0,1883201,8,0,0.00000000,0
6867,0,1883203,36,0,0.00000000,0
6868,0,1883204,409,0,0.00000000,0
6869,0,1883205,384,0,0.00000000,0
6870,0,1883209,216,0,0.00000000,0
6871,0,1883210,168,0,0.00000000,0
6872,0,1883212,8,0,0.00000000,0
6873,0,1883214,18,0,0.00000000,0
6874,0,1883217,16,0,0.00000000,0
6875,0,1883218,6,0,0.00000000,0
6876,0,1883219,54,0,0.00000000,0
6877,0,1883220,15,0,0.00000000,0
6878,0,1883221,1,0,0.00000000,0
6879,0,1883222,3,0,0.00000000,0
6880,0,1883223,7,0,0.00000000,0
6881,0,1883224,2,0,0.00000000,0
6882,0,1883234,29,0,0.00000000,0
6883,0,1883239,31,0,0.00000000,0
6884,0,1883240,7,0,0.00000000,0
6885,0,1883241,16,0,0.00000000,0
6886,0,1883242,3,0,0.00000000,0
6887,0,1883268,1,0,0.00000000,0
6888,0,1883273,1,0,0.00000000,0
6889,0,1883286,1,0,0.00000000,0
6890,0,1883298,16,0,0.00000000,0
6891,0,1883299,16,0,0.00000000,0
6892,0,1883301,232,2,0.00862069,1
6893,0,1883302,3,0,0.00000000,0
6894,0,1883308,51,0,0.00000000,0
6895,0,1883309,54,0,0.00000000,0
6896,0,1883310,8,0,0.00000000,0
6897,0,1883311,3,0,0.00000000,0
6898,0,1883312,12,0,0.00000000,0
6899,0,1883314,59,0,0.00000000,0
6900,0,1883315,4,0,0.00000000,0
6901,0,1883316,443,2,0.00451467,1
6902,0,1883318,32,0,0.00000000,0
6903,0,1883320,26,0,0.00000000,0
6904,0,1883322,61,0,0.00000000,0
6905,0,1883323,16,0,0.00000000,0
6906,0,1883324,16,0,0.00000000,0
6907,0,1883325,80,0,0.00000000,0
6908,0,1883327,1,0,0.00000000,0
6909,0,1883329,1,0,0.00000000,0
6910,0,1883330,32,0,0.00000000,0
6911,0,1883331,15,0,0.00000000,0
6912,0,1883339,115,2,0.01739130,1
6913,0,1883346,1,0,0.00000000,0
6914,0,1883356,1,0,0.00000000,0
6915,0,1883359,1,0,0.00000000,0
6916,0,1883360,1,0,0.00000000,0
6917,0,1883361,1,0,0.00000000,0
6918,0,1883362,662,0,0.00000000,0
6919,0,1883363,26,0,0.00000000,0
6920,0,1883364,1,0,0.00000000,0
6921,0,1883371,8,0,0.00000000,0
6922,0,1883372,22,0,0.00000000,0
6923,0,1883373,78,0,0.00000000,0
6924,0,1883374,24,0,0.00000000,0
6925,0,1883375,31,0,0.00000000,0
6926,0,1883376,17,0,0.00000000,0
6927,0,1883378,96,0,0.00000000,0
6928,0,1883379,2,0,0.00000000,0
6929,0,1883380,6,0,0.00000000,0
6930,0,1883381,1,0,0.00000000,0
6931,0,1883382,166,0,0.00000000,0
6932,0,1883383,3,0,0.00000000,0
6933,0,1883385,3,0,0.00000000,0
6934,0,1883387,8,0,0.00000000,0
6935,0,1883388,61,0,0.00000000,0
6936,0,1883401,1,0,0.00000000,0
6937,0,1883402,1,0,0.00000000,0
6938,0,1883404,1,0,0.00000000,0
6939,0,1883407,445,0,0.00000000,0
6940,0,1883420,78,1,0.01282051,1
6941,0,1883421,28,1,0.03571429,1
6942,0,1883428,8,0,0.00000000,0
6943,0,1883429,24,0,0.00000000,0
6944,0,1883430,8,0,0.00000000,0
6945,0,1883431,32,0,0.00000000,0
6946,0,1883432,8,0,0.00000000,0
6947,0,1883434,1,0,0.00000000,0
6948,0,1883436,1,0,0.00000000,0
6949,0,1883440,534,0,0.00000000,0
6950,0,1883445,43,0,0.00000000,0
6951,0,1883449,48,0,0.00000000,0
6952,0,1883451,1,0,0.00000000,0
6953,0,1883456,1,0,0.00000000,0
6954,0,1883457,96,1,0.01041667,1
6955,0,1883458,85,1,0.01176471,1
6956,0,1883463,2048,0,0.00000000,0
6957,0,1883464,29,0,0.00000000,0
6958,0,1883465,59,0,0.00000000,0
6959,0,1883468,33,0,0.00000000,0
6960,0,1883470,94,0,0.00000000,0
6961,0,1883473,31,0,0.00000000,0
6962,0,1883474,1,0,0.00000000,0
6963,0,1883475,1,0,0.00000000,0
6964,0,1883476,9,0,0.00000000,0
6965,0,1883477,15,0,0.00000000,0
6966,0,1883478,8,0,0.00000000,0
6967,0,1883479,4,0,0.00000000,0
6968,0,1883480,284,6,0.02112676,1
6969,0,1883484,51,0,0.00000000,0
6970,0,1883485,96,1,0.01041667,1
6971,0,1883488,1,1,1.00000000,1
6972,0,1883502,2,0,0.00000000,0
6973,0,1883504,2,0,0.00000000,0
6974,0,1883512,97,0,0.00000000,0
6975,0,1883516,13,0,0.00000000,0
6976,0,1883521,7,0,0.00000000,0
6977,0,1883522,4,0,0.00000000,0
6978,0,1883524,1,0,0.00000000,0
6979,0,1883525,5,0,0.00000000,0
6980,0,1883526,1,0,0.00000000,0
6981,0,1883527,2,0,0.00000000,0
6982,0,1883529,208,0,0.00000000,0
6983,0,1883530,34,0,0.00000000,0
6984,0,1883531,50,0,0.00000000,0
6985,0,1883532,47,0,0.00000000,0
6986,0,1883533,36,0,0.00000000,0
6987,0,1883534,23,0,0.00000000,0
6988,0,1883535,24,0,0.00000000,0
6989,0,1883536,9,0,0.00000000,0
6990,0,1883537,11,0,0.00000000,0
6991,0,1883538,16,0,0.00000000,0
6992,0,1883539,1026,0,0.00000000,0
6993,0,1883541,1,0,0.00000000,0
6994,0,1883542,1,0,0.00000000,0
6995,0,1883544,1,0,0.00000000,0
6996,0,1883546,1,0,0.00000000,0
6997,0,1883547,3,0,0.00000000,0
6998,0,1883549,3,0,0.00000000,0
6999,0,1883550,1,0,0.00000000,0
7000,0,1883552,1,0,0.00000000,0
7001,0,1883557,1,0,0.00000000,0
7002,0,1883561,183,6,0.03278689,1
7003,0,1883565,3,0,0.00000000,0
7004,0,1883567,518,0,0.00000000,0
7005,0,1883568,3,0,0.00000000,0
7006,0,1883573,1,0,0.00000000,0
7007,0,1883580,1,0,0.00000000,0
7008,0,1883584,156,0,0.00000000,0
7009,0,1883586,5,0,0.00000000,0
7010,0,1883587,3,0,0.00000000,0
7011,0,1883589,3,0,0.00000000,0
7012,0,1883590,8,0,0.00000000,0
7013,0,1883592,42,0,0.00000000,0
7014,0,1883593,52,0,0.00000000,0
7015,0,1883594,33,0,0.00000000,0
7016,0,1883595,1024,0,0.00000000,0
7017,0,1883597,131,0,0.00000000,0
7018,0,1883599,151,0,0.00000000,0
7019,0,1883602,148,0,0.00000000,0
7020,0,1883603,1,0,0.00000000,0
7021,0,1883604,140,0,0.00000000,0
7022,0,1883605,4,0,0.00000000,0
7023,0,1883606,3,0,0.00000000,0
7024,0,1883607,5,0,0.00000000,0
7025,0,1883608,3,0,0.00000000,0
7026,0,1883609,5,0,0.00000000,0
7027,0,1883632,6,0,0.00000000,0
7028,0,1883646,8,0,0.00000000,0
7029,0,1883650,1,0,0.00000000,0
7030,0,1883653,3,0,0.00000000,0
7031,0,1883654,141,0,0.00000000,0
7032,0,1883655,147,0,0.00000000,0
7033,0,1883656,48,0,0.00000000,0
7034,0,1883659,11,1,0.09090909,1
7035,0,1883660,32,0,0.00000000,0
7036,0,1883661,67,0,0.00000000,0
7037,0,1883662,15,0,0.00000000,0
7038,0,1883663,5,1,0.20000000,1
7039,0,1883664,1,0,0.00000000,0
7040,0,1883665,44,0,0.00000000,0
7041,0,1883666,8,0,0.00000000,0
7042,0,1883681,2,0,0.00000000,0
7043,0,1883686,284,0,0.00000000,0
7044,0,1883687,29,1,0.03448276,1
7045,0,1883693,2,0,0.00000000,0
7046,0,1883695,1,0,0.00000000,0
7047,0,1883696,1,0,0.00000000,0
7048,0,1883698,1,0,0.00000000,0
7049,0,1883699,209,0,0.00000000,0
7050,0,1883701,7,0,0.00000000,0
7051,0,1883702,1,0,0.00000000,0
7052,0,1883703,2,0,0.00000000,0
7053,0,1883705,1,0,0.00000000,0
7054,0,1883709,1,0,0.00000000,0
7055,0,1883714,102,0,0.00000000,0
7056,0,1883730,173,0,0.00000000,0
7057,0,1883734,4,0,0.00000000,0
7058,0,1883735,249,0,0.00000000,0
7059,0,1883736,5,0,0.00000000,0
7060,0,1883737,248,0,0.00000000,0
7061,0,1883740,11,0,0.00000000,0
7062,0,1883742,1,0,0.00000000,0
7063,0,1883746,2,0,0.00000000,0
7064,0,1883747,1,0,0.00000000,0
7065,0,1883748,2,0,0.00000000,0
7066,0,1883749,433,0,0.00000000,0
7067,0,1883751,6,0,0.00000000,0
7068,0,1883752,2048,0,0.00000000,0
7069,0,1883753,1,0,0.00000000,0
7070,0,1883756,1,0,0.00000000,0
7071,0,1883759,135,1,0.00740741,1
7072,0,1883761,1,0,0.00000000,0
7073,0,1883762,1,0,0.00000000,0
7074,0,1883763,1,0,0.00000000,0
7075,0,1883765,45,0,0.00000000,0
7076,0,1883767,1,0,0.00000000,0
7077,0,1883770,144,0,0.00000000,0
7078,0,1883771,139,0,0.00000000,0
7079,0,1883775,344,0,0.00000000,0
7080,0,1883779,264,0,0.00000000,0
7081,0,1883783,260,0,0.00000000,0
7082,0,1883784,108,0,0.00000000,0
7083,0,1883789,87,1,0.01149425,1
7084,0,1883791,75,0,0.00000000,0
7085,0,1883796,1,0,0.00000000,0
7086,0,1883797,2,0,0.00000000,0
7087,0,1883798,1,0,0.00000000,0
7088,0,1883800,1,0,0.00000000,0
7089,0,1883803,1,0,0.00000000,0
7090,0,1883804,1,0,0.00000000,0
7091,0,1883806,1,0,0.00000000,0
7092,0,1883807,1,0,0.00000000,0
7093,0,1883812,1,0,0.00000000,0
7094,0,1883813,1,0,0.00000000,0
7095,0,1883817,1,0,0.00000000,0
7096,0,1883819,1,0,0.00000000,0
7097,0,1883821,2,0,0.00000000,0
7098,0,1883824,2,0,0.00000000,0
7099,0,1883825,2,0,0.00000000,0
7100,0,1883826,1,0,0.00000000,0
7101,0,1883827,1,0,0.00000000,0
7102,0,1883830,1,0,0.00000000,0
7103,0,1883831,1,0,0.00000000,0
7104,0,1883847,1,0,0.00000000,0
7105,0,1883848,1,0,0.00000000,0
7106,0,1883850,546,0,0.00000000,0
7107,0,1883863,54,0,0.00000000,0
7108,0,1883865,1,0,0.00000000,0
7109,0,1883900,54,0,0.00000000,0
7110,0,1883901,8,0,0.00000000,0
7111,0,1883906,1,0,0.00000000,0
7112,0,1883910,53,0,0.00000000,0
7113,0,1883911,1,0,0.00000000,0
7114,0,1883914,1,0,0.00000000,0
7115,0,1883930,3,0,0.00000000,0
7116,0,1883931,1,0,0.00000000,0
7117,0,1883933,1,0,0.00000000,0
7118,0,1883937,1,0,0.00000000,0
7119,0,1883939,189,0,0.00000000,0
7120,0,1883946,1,0,0.00000000,0
7121,0,1883947,1,0,0.00000000,0
7122,0,1883958,1,0,0.00000000,0
7123,0,1883960,1,0,0.00000000,0
7124,0,1883961,53,2,0.03773585,1
7125,0,1883964,1,0,0.00000000,0
7126,0,1883965,1,0,0.00000000,0
7127,0,1883971,1,0,0.00000000,0
7128,0,1883972,1,0,0.00000000,0
7129,0,1883973,1,0,0.00000000,0
7130,0,1883981,2,0,0.00000000,0
7131,0,1883985,2,0,0.00000000,0
7132,0,1883988,1,0,0.00000000,0
7133,0,1883993,1,0,0.00000000,0
7134,0,1883998,1,0,0.00000000,0
7135,0,1884013,1,0,0.00000000,0
7136,0,1884016,1,0,0.00000000,0
7137,0,1884017,2,0,0.00000000,0
7138,0,1884020,1,0,0.00000000,0
7139,0,1884021,424,0,0.00000000,0
7140,0,1884024,283,3,0.01060071,1
7141,0,1884025,4,0,0.00000000,0
7142,0,1884027,45,0,0.00000000,0
7143,0,1884030,139,0,0.00000000,0
7144,0,1884043,15,1,0.06666667,1
7145,0,1884044,4,0,0.00000000,0
7146,0,1884045,1,0,0.00000000,0
7147,0,1884046,216,0,0.00000000,0
7148,0,1884052,8,0,0.00000000,0
7149,0,1884059,18,0,0.00000000,0
7150,0,1884060,8,0,0.00000000,0
7151,0,1884062,5,0,0.00000000,0
7152,0,1884063,1,0,0.00000000,0
7153,0,1884070,27,0,0.00000000,0
7154,0,1884072,282,282,1.00000000,1
7155,0,1884073,391,391,1.00000000,1
7156,0,1884076,6,0,0.00000000,0
7157,0,1884082,6,0,0.00000000,0
7158,0,1884084,15,0,0.00000000,0
7159,0,1884087,1,0,0.00000000,0
7160,0,1884088,140,0,0.00000000,0
7161,0,1884089,37,0,0.00000000,0
7162,0,1884090,17,0,0.00000000,0
7163,0,1884091,14,0,0.00000000,0
7164,0,1884092,16,0,0.00000000,0
7165,0,1884093,1,0,0.00000000,0
7166,0,1884094,10,0,0.00000000,0
7167,0,1884095,6,0,0.00000000,0
7168,0,1884096,6,0,0.00000000,0
7169,0,1884097,313,0,0.00000000,0
7170,0,1884098,81,0,0.00000000,0
7171,0,1884099,86,0,0.00000000,0
7172,0,1884100,24,0,0.00000000,0
7173,0,1884101,12,0,0.00000000,0
7174,0,1884102,12,0,0.00000000,0
7175,0,1884103,4,0,0.00000000,0
7176,0,1884104,4,0,0.00000000,0
7177,0,1884105,4,0,0.00000000,0
7178,0,1884107,16,0,0.00000000,0
7179,0,1884108,2,0,0.00000000,0
7180,0,1884109,2,0,0.00000000,0
7181,0,1884111,5,0,0.00000000,0
7182,0,1884112,4,0,0.00000000,0
7183,0,1884113,18,0,0.00000000,0
7184,0,1884114,4,0,0.00000000,0
7185,0,1884115,5,0,0.00000000,0
7186,0,1884117,7,0,0.00000000,0
7187,0,1884120,2,0,0.00000000,0
7188,0,1884122,2,0,0.00000000,0
7189,0,1884123,2,0,0.00000000,0
7190,0,1884125,4,0,0.00000000,0
7191,0,1884126,2,0,0.00000000,0
7192,0,1884127,2,0,0.00000000,0
7193,0,1884130,8,0,0.00000000,0
7194,0,1884131,4,0,0.00000000,0
7195,0,1884132,61,2,0.03278689,1
7196,0,1884133,2,0,0.00000000,0
7197,0,1884134,339,0,0.00000000,0
7198,0,1884136,1,0,0.00000000,0
7199,0,1884144,1,0,0.00000000,0
7200,0,1884162,24,0,0.00000000,0
7201,0,1884165,198,0,0.00000000,0
7202,0,1884168,2,0,0.00000000,0
7203,0,1884169,258,0,0.00000000,0
7204,0,1884170,1,0,0.00000000,0
7205,0,1884171,245,0,0.00000000,0
7206,0,1884175,1,0,0.00000000,0
7207,0,1884176,3,0,0.00000000,0
7208,0,1884177,4,0,0.00000000,0
7209,0,1884178,570,0,0.00000000,0
7210,0,1884184,9,0,0.00000000,0
7211,0,1884185,4,0,0.00000000,0
7212,0,1884186,87,0,0.00000000,0
7213,0,1884195,1,0,0.00000000,0
7214,0,1884200,18,3,0.16666667,1
7215,0,1884201,4,0,0.00000000,0
7216,0,1884207,24,0,0.00000000,0
7217,0,1884208,28,0,0.00000000,0
7218,0,1884209,12,0,0.00000000,0
7219,0,1884210,16,0,0.00000000,0
7220,0,1884215,844,844,1.00000000,1
7221,0,1884216,1205,1204,0.99917012,1
7222,0,1884217,16,0,0.00000000,0
7223,0,1884218,4,0,0.00000000,0
7224,0,1884220,58,2,0.03448276,1
7225,0,1884222,3,0,0.00000000,0
7226,0,1884223,1,0,0.00000000,0
7227,0,1884225,2,0,0.00000000,0
7228,0,1884230,3,0,0.00000000,0
7229,0,1884233,17,0,0.00000000,0
7230,0,1884235,71,2,0.02816901,1
7231,0,1884237,1,0,0.00000000,0
7232,0,1884242,2,0,0.00000000,0
7233,0,1884243,1,0,0.00000000,0
7234,0,1884246,59,0,0.00000000,0
7235,0,1884268,1,0,0.00000000,0
7236,0,1884269,4,0,0.00000000,0
7237,0,1884272,1,0,0.00000000,0
7238,0,1884276,13,0,0.00000000,0
7239,0,1884278,7,0,0.00000000,0
7240,0,1884279,29,0,0.00000000,0
7241,0,1884281,9,0,0.00000000,0
7242,0,1884284,425,2,0.00470588,1
7243,0,1884287,1,0,0.00000000,0
7244,0,1884288,1,0,0.00000000,0
7245,0,1884296,243,2,0.00823045,1
7246,0,1884320,1,0,0.00000000,0
7247,0,1884324,1,0,0.00000000,0
7248,0,1884325,104,0,0.00000000,0
7249,0,1884337,48,0,0.00000000,0
7250,0,1884338,8,0,0.00000000,0
7251,0,1884339,8,0,0.00000000,0
7252,0,1884341,3,0,0.00000000,0
7253,0,1884344,1,0,0.00000000,0
7254,0,1884345,35,0,0.00000000,0
7255,0,1884346,128,0,0.00000000,0
7256,0,1884353,347,0,0.00000000,0
7257,0,1884354,488,0,0.00000000,0
7258,0,1884355,448,0,0.00000000,0
7259,0,1884356,448,0,0.00000000,0
7260,0,1884357,1,0,0.00000000,0
7261,0,1884362,3,0,0.00000000,0
7262,0,1884363,49,0,0.00000000,0
7263,0,1884364,18,0,0.00000000,0
7264,0,1884365,17,0,0.00000000,0
7265,0,1884366,18,0,0.00000000,0
7266,0,1884367,12,0,0.00000000,0
7267,0,1884368,288,0,0.00000000,0
7268,0,1884369,26,0,0.00000000,0
7269,0,1884370,22,0,0.00000000,0
7270,0,1884371,21,0,0.00000000,0
7271,0,1884372,26,0,0.00000000,0
7272,0,1884373,20,0,0.00000000,0
7273,0,1884374,31,0,0.00000000,0
7274,0,1884375,44,0,0.00000000,0
7275,0,1884376,102,0,0.00000000,0
7276,0,1884377,22,0,0.00000000,0
7277,0,1884378,24,0,0.00000000,0
7278,0,1884379,23,0,0.00000000,0
7279,0,1884380,30,0,0.00000000,0
7280,0,1884381,23,0,0.00000000,0
7281,0,1884382,36,0,0.00000000,0
7282,0,1884383,85,2,0.02352941,1
7283,0,1884384,298,0,0.00000000,0
7284,0,1884397,3,0,0.00000000,0
7285,0,1884401,2,0,0.00000000,0
7286,0,1884402,1,0,0.00000000,0
7287,0,1884404,1,0,0.00000000,0
7288,0,1884406,1,0,0.00000000,0
7289,0,1884409,555,0,0.00000000,0
7290,0,1884410,6,0,0.00000000,0
7291,0,1884411,8,0,0.00000000,0
7292,0,1884412,10,0,0.00000000,0
7293,0,1884413,9,0,0.00000000,0
7294,0,1884414,4,0,0.00000000,0
7295,0,1884415,11,0,0.00000000,0
7296,0,1884416,8,0,0.00000000,0
7297,0,1884417,8,0,0.00000000,0
7298,0,1884418,233,0,0.00000000,0
7299,0,1884419,242,0,0.00000000,0
7300,0,1884420,5,0,0.00000000,0
7301,0,1884421,8,0,0.00000000,0
7302,0,1884422,5,0,0.00000000,0
7303,0,1884423,7,0,0.00000000,0
7304,0,1884424,5,0,0.00000000,0
7305,0,1884425,10,0,0.00000000,0
7306,0,1884426,12,0,0.00000000,0
7307,0,1884427,8,0,0.00000000,0
7308,0,1884428,12,0,0.00000000,0
7309,0,1884429,434,0,0.00000000,0
7310,0,1884430,1,0,0.00000000,0
7311,0,1884431,5,0,0.00000000,0
7312,0,1884432,5,0,0.00000000,0
7313,0,1884433,6,0,0.00000000,0
7314,0,1884440,14,0,0.00000000,0
7315,0,1884441,5,0,0.00000000,0
7316,0,1884442,9,0,0.00000000,0
7317,0,1884443,10,0,0.00000000,0
7318,0,1884444,5,0,0.00000000,0
7319,0,1884445,3,0,0.00000000,0
7320,0,1884446,6,0,0.00000000,0
7321,0,1884447,5,0,0.00000000,0
7322,0,1884448,5,0,0.00000000,0
7323,0,1884449,2,0,0.00000000,0
7324,0,1884450,3,0,0.00000000,0
7325,0,1884452,3,0,0.00000000,0
7326,0,1884453,1,0,0.00000000,0
7327,0,1884454,7,0,0.00000000,0
7328,0,1884455,5,0,0.00000000,0
7329,0,1884456,7,0,0.00000000,0
7330,0,1884457,5,0,0.00000000,0
7331,0,1884458,6,0,0.00000000,0
7332,0,1884459,595,0,0.00000000,0
7333,0,1884466,502,0,0.00000000,0
7334,0,1884467,2,0,0.00000000,0
7335,0,1884468,4,0,0.00000000,0
7336,0,1884469,8,0,0.00000000,0
7337,0,1884470,9,0,0.00000000,0
7338,0,1884471,8,0,0.00000000,0
7339,0,1884472,5,0,0.00000000,0
7340,0,1884473,8,0,0.00000000,0
7341,0,1884474,6,0,0.00000000,0
7342,0,1884475,5,0,0.00000000,0
7343,0,1884476,3,0,0.00000000,0
7344,0,1884477,646,0,0.00000000,0
7345,0,1884480,1024,0,0.00000000,0
7346,0,1884481,75,0,0.00000000,0
7347,0,1884482,346,0,0.00000000,0
7348,0,1884483,84,0,0.00000000,0
7349,0,1884484,31,0,0.00000000,0
7350,0,1884485,53,0,0.00000000,0
7351,0,1884486,41,0,0.00000000,0
7352,0,1884487,78,0,0.00000000,0
7353,0,1884489,854,0,0.00000000,0
7354,0,1884491,242,0,0.00000000,0
7355,0,1884492,1024,0,0.00000000,0
7356,0,1884498,1,0,0.00000000,0
7357,0,1884499,86,1,0.01162791,1
7358,0,1884502,2,0,0.00000000,0
7359,0,1884505,36,0,0.00000000,0
7360,0,1884506,50,1,0.02000000,1
7361,0,1884510,2,0,0.00000000,0
7362,0,1884524,101,0,0.00000000,0
7363,0,1884529,11,0,0.00000000,0
7364,0,1884530,8,0,0.00000000,0
7365,0,1884531,2,0,0.00000000,0
7366,0,1884532,4,0,0.00000000,0
7367,0,1884533,9,0,0.00000000,0
7368,0,1884534,10,0,0.00000000,0
7369,0,1884535,5,0,0.00000000,0
7370,0,1884536,8,0,0.00000000,0
7371,0,1884537,5,0,0.00000000,0
7372,0,1884538,6,0,0.00000000,0
7373,0,1884539,11,0,0.00000000,0
7374,0,1884540,5,0,0.00000000,0
7375,0,1884541,8,0,0.00000000,0
7376,0,1884542,6,0,0.00000000,0
7377,0,1884543,6,0,0.00000000,0
7378,0,1884544,1,0,0.00000000,0
7379,0,1884545,11,0,0.00000000,0
7380,0,1884546,2,0,0.00000000,0
7381,0,1884547,10,0,0.00000000,0
7382,0,1884548,10,0,0.00000000,0
7383,0,1884549,6,0,0.00000000,0
7384,0,1884550,6,0,0.00000000,0
7385,0,1884551,7,0,0.00000000,0
7386,0,1884552,11,0,0.00000000,0
7387,0,1884553,8,0,0.00000000,0
7388,0,1884554,8,0,0.00000000,0
7389,0,1884555,7,0,0.00000000,0
7390,0,1884556,10,0,0.00000000,0
7391,0,1884557,5,0,0.00000000,0
7392,0,1884558,7,0,0.00000000,0
7393,0,1884559,6,0,0.00000000,0
7394,0,1884560,12,0,0.00000000,0
7395,0,1884561,11,0,0.00000000,0
7396,0,1884562,9,0,0.00000000,0
7397,0,1884563,9,0,0.00000000,0
7398,0,1884564,3,0,0.00000000,0
7399,0,1884565,8,0,0.00000000,0
7400,0,1884566,3,0,0.00000000,0
7401,0,1884567,8,0,0.00000000,0
7402,0,1884568,3,0,0.00000000,0
7403,0,1884569,7,0,0.00000000,0
7404,0,1884570,10,0,0.00000000,0
7405,0,1884571,2,0,0.00000000,0
7406,0,1884572,9,0,0.00000000,0
7407,0,1884573,2,0,0.00000000,0
7408,0,1884574,7,0,0.00000000,0
7409,0,1884575,7,0,0.00000000,0
7410,0,1884576,8,0,0.00000000,0
7411,0,1884577,9,0,0.00000000,0
7412,0,1884578,6,0,0.00000000,0
7413,0,1884579,5,0,0.00000000,0
7414,0,1884580,5,0,0.00000000,0
7415,0,1884581,2,0,0.00000000,0
7416,0,1884582,6,0,0.00000000,0
7417,0,1884583,9,0,0.00000000,0
7418,0,1884584,3,0,0.00000000,0
7419,0,1884585,6,0,0.00000000,0
7420,0,1884586,8,0,0.00000000,0
7421,0,1884587,7,0,0.00000000,0
7422,0,1884588,9,0,0.00000000,0
7423,0,1884589,7,0,0.00000000,0
7424,0,1884590,7,0,0.00000000,0
7425,0,1884591,5,0,0.00000000,0
7426,0,1884592,5,0,0.00000000,0
7427,0,1884593,9,0,0.00000000,0
7428,0,1884594,6,0,0.00000000,0
7429,0,1884595,4,0,0.00000000,0
7430,0,1884596,4,0,0.00000000,0
7431,0,1884597,4,0,0.00000000,0
7432,0,1884598,4,0,0.00000000,0
7433,0,1884599,4,0,0.00000000,0
7434,0,1884600,865,0,0.00000000,0
7435,0,1884602,8,0,0.00000000,0
7436,0,1884603,4,0,0.00000000,0
7437,0,1884604,184,0,0.00000000,0
7438,0,1884605,15,0,0.00000000,0
7439,0,1884606,6,0,0.00000000,0
7440,0,1884607,1064,0,0.00000000,0
7441,0,1884608,8,0,0.00000000,0
7442,0,1884609,8,0,0.00000000,0
7443,0,1884610,5,0,0.00000000,0
7444,0,1884611,1383,0,0.00000000,0
7445,0,1884612,20,0,0.00000000,0
7446,0,1884613,3,0,0.00000000,0
7447,0,1884614,5,0,0.00000000,0
7448,0,1884615,5,0,0.00000000,0
7449,0,1884616,6,0,0.00000000,0
7450,0,1884617,1859,0,0.00000000,0
7451,0,1884618,122,0,0.00000000,0
7452,0,1884619,36,0,0.00000000,0
7453,0,1884620,28,0,0.00000000,0
7454,0,1884621,41,0,0.00000000,0
7455,0,1884622,22,0,0.00000000,0
7456,0,1884623,14,0,0.00000000,0
7457,0,1884624,2377,0,0.00000000,0
7458,0,1884633,9,0,0.00000000,0
7459,0,1884637,16,0,0.00000000,0
7460,0,1884640,8,0,0.00000000,0
7461,0,1884642,11,0,0.00000000,0
7462,0,1884644,9,0,0.00000000,0
7463,0,1884647,13,0,0.00000000,0
7464,0,1884651,13,0,0.00000000,0
7465,0,1884653,11,0,0.00000000,0
7466,0,1884655,10,0,0.00000000,0
7467,0,1884660,2,0,0.00000000,0
7468,0,1884662,17,0,0.00000000,0
7469,0,1884663,2,0,0.00000000,0
7470,0,1884664,15,0,0.00000000,0
7471,0,1884667,46,2,0.04347826,1
7472,0,1884671,23,0,0.00000000,0
7473,0,1884672,6,0,0.00000000,0
7474,0,1884673,16,0,0.00000000,0
7475,0,1884674,14,0,0.00000000,0
7476,0,1884675,15,0,0.00000000,0
7477,0,1884676,12,0,0.00000000,0
7478,0,1884677,7,0,0.00000000,0
7479,0,1884678,20,0,0.00000000,0
7480,0,1884679,12,0,0.00000000,0
7481,0,1884680,14,0,0.00000000,0
7482,0,1884681,13,0,0.00000000,0
7483,0,1884682,19,0,0.00000000,0
7484,0,1884683,16,0,0.00000000,0
7485,0,1884684,72,2,0.02777778,1
7486,0,1884687,21,0,0.00000000,0
7487,0,1884688,8,0,0.00000000,0
7488,0,1884689,8,0,0.00000000,0
7489,0,1884690,4,0,0.00000000,0
7490,0,1884691,11,0,0.00000000,0
7491,0,1884692,15,0,0.00000000,0
7492,0,1884693,18,0,0.00000000,0
7493,0,1884694,17,0,0.00000000,0
7494,0,1884695,17,0,0.00000000,0
7495,0,1884696,14,0,0.00000000,0
7496,0,1884697,17,0,0.00000000,0
7497,0,1884698,10,0,0.00000000,0
7498,0,1884699,16,0,0.00000000,0
7499,0,1884700,68,2,0.02941176,1
7500,0,1884702,1,0,0.00000000,0
7501,0,1884703,1,0,0.00000000,0
7502,0,1884704,18,0,0.00000000,0
7503,0,1884705,12,0,0.00000000,0
7504,0,1884706,11,0,0.00000000,0
7505,0,1884707,12,0,0.00000000,0
7506,0,1884708,14,0,0.00000000,0
7507,0,1884709,16,0,0.00000000,0
7508,0,1884710,14,0,0.00000000,0
7509,0,1884711,15,0,0.00000000,0
7510,0,1884712,9,0,0.00000000,0
7511,0,1884713,21,0,0.00000000,0
7512,0,1884714,21,0,0.00000000,0
7513,0,1884715,17,0,0.00000000,0
7514,0,1884716,23,0,0.00000000,0
7515,0,1884717,18,0,0.00000000,0
7516,0,1884718,17,0,0.00000000,0
7517,0,1884719,13,0,0.00000000,0
7518,0,1884720,15,0,0.00000000,0
7519,0,1884721,16,0,0.00000000,0
7520,0,1884722,16,0,0.00000000,0
7521,0,1884723,325,2,0.00615385,1
7522,0,1884724,79,2,0.02531646,1
7523,0,1884725,22,0,0.00000000,0
7524,0,1884726,8,0,0.00000000,0
7525,0,1884727,12,0,0.00000000,0
7526,0,1884728,16,0,0.00000000,0
7527,0,1884729,15,0,0.00000000,0
7528,0,1884730,12,0,0.00000000,0
7529,0,1884731,24,0,0.00000000,0
7530,0,1884732,15,0,0.00000000,0
7531,0,1884733,16,0,0.00000000,0
7532,0,1884734,11,0,0.00000000,0
7533,0,1884735,15,0,0.00000000,0
7534,0,1884736,18,0,0.00000000,0
7535,0,1884737,14,0,0.00000000,0
7536,0,1884738,20,0,0.00000000,0
7537,0,1884739,24,0,0.00000000,0
7538,0,1884740,19,0,0.00000000,0
7539,0,1884741,10,0,0.00000000,0
7540,0,1884742,12,0,0.00000000,0
7541,0,1884743,19,0,0.00000000,0
7542,0,1884744,89,0,0.00000000,0
7543,0,1884745,2,0,0.00000000,0
7544,0,1884746,4,0,0.00000000,0
7545,0,1884747,3,0,0.00000000,0
7546,0,1884748,1,0,0.00000000,0
7547,0,1884749,580,0,0.00000000,0
7548,0,1884751,28,0,0.00000000,0
7549,0,1884752,8,0,0.00000000,0
7550,0,1884753,4,0,0.00000000,0
7551,0,1884754,1,0,0.00000000,0
7552,0,1884755,5,0,0.00000000,0
7553,0,1884756,2,0,0.00000000,0
7554,0,1884757,3,0,0.00000000,0
7555,0,1884758,2,0,0.00000000,0
7556,0,1884759,6,0,0.00000000,0
7557,0,1884760,1,0,0.00000000,0
7558,0,1884761,3,0,0.00000000,0
7559,0,1884762,2,0,0.00000000,0
7560,0,1884763,3,0,0.00000000,0
7561,0,1884764,3,0,0.00000000,0
7562,0,1884765,3,0,0.00000000,0
7563,0,1884766,1,0,0.00000000,0
7564,0,1884768,2326,0,0.00000000,0
7565,0,1884780,8,1,0.12500000,1
7566,0,1884794,5,0,0.00000000,0
7567,0,1884795,1,0,0.00000000,0
7568,0,1884796,1,0,0.00000000,0
7569,0,1884797,3,0,0.00000000,0
7570,0,1884798,3,0,0.00000000,0
7571,0,1884799,2,0,0.00000000,0
7572,0,1884800,2,0,0.00000000,0
7573,0,1884801,3,0,0.00000000,0
7574,0,1884802,1,0,0.00000000,0
7575,0,1884803,3,0,0.00000000,0
7576,0,1884804,3,0,0.00000000,0
7577,0,1884805,2,0,0.00000000,0
7578,0,1884806,127,0,0.00000000,0
7579,0,1884807,18,0,0.00000000,0
7580,0,1884811,4,0,0.00000000,0
7581,0,1884812,4,0,0.00000000,0
7582,0,1884813,10,0,0.00000000,0
7583,0,1884814,5,0,0.00000000,0
7584,0,1884815,10,0,0.00000000,0
7585,0,1884816,9,0,0.00000000,0
7586,0,1884817,7,0,0.00000000,0
7587,0,1884818,3,0,0.00000000,0
7588,0,1884819,8,0,0.00000000,0
7589,0,1884820,15,0,0.00000000,0
7590,0,1884821,3,0,0.00000000,0
7591,0,1884822,4,0,0.00000000,0
7592,0,1884823,2,0,0.00000000,0
7593,0,1884824,12,0,0.00000000,0
7594,0,1884825,4,0,0.00000000,0
7595,0,1884826,4,0,0.00000000,0
7596,0,1884827,9,0,0.00000000,0
7597,0,1884828,8,0,0.00000000,0
7598,0,1884829,7,0,0.00000000,0
7599,0,1884830,8,0,0.00000000,0
7600,0,1884831,8,0,0.00000000,0
7601,0,1884832,10,0,0.00000000,0
7602,0,1884833,3,0,0.00000000,0
7603,0,1884834,3,0,0.00000000,0
7604,0,1884835,5,0,0.00000000,0
7605,0,1884836,7,0,0.00000000,0
7606,0,1884837,10,0,0.00000000,0
7607,0,1884839,4,0,0.00000000,0
7608,0,1884840,6,0,0.00000000,0
7609,0,1884841,10,0,0.00000000,0
7610,0,1884842,6,0,0.00000000,0
7611,0,1884843,6,0,0.00000000,0
7612,0,1884844,3,0,0.00000000,0
7613,0,1884845,13,0,0.00000000,0
7614,0,1884846,6,0,0.00000000,0
7615,0,1884847,4,0,0.00000000,0
7616,0,1884848,7,0,0.00000000,0
7617,0,1884849,5,0,0.00000000,0
7618,0,1884850,9,0,0.00000000,0
7619,0,1884851,5,0,0.00000000,0
7620,0,1884852,2,0,0.00000000,0
7621,0,1884853,5,0,0.00000000,0
7622,0,1884854,6,0,0.00000000,0
7623,0,1884855,1,0,0.00000000,0
7624,0,1884856,7,0,0.00000000,0
7625,0,1884857,4,0,0.00000000,0
7626,0,1884858,9,0,0.00000000,0
7627,0,1884859,4,0,0.00000000,0
7628,0,1884860,4,0,0.00000000,0
7629,0,1884861,5,0,0.00000000,0
7630,0,1884862,7,0,0.00000000,0
7631,0,1884863,8,0,0.00000000,0
7632,0,1884864,6,0,0.00000000,0
7633,0,1884865,6,0,0.00000000,0
7634,0,1884866,4,0,0.00000000,0
7635,0,1884867,2,0,0.00000000,0
7636,0,1884868,5,0,0.00000000,0
7637,0,1884869,7,0,0.00000000,0
7638,0,1884870,9,0,0.00000000,0
7639,0,1884871,9,0,0.00000000,0
7640,0,1884872,6,0,0.00000000,0
7641,0,1884873,6,0,0.00000000,0
7642,0,1884874,7,0,0.00000000,0
7643,0,1884875,3,0,0.00000000,0
7644,0,1884876,7,0,0.00000000,0
7645,0,1884878,6,0,0.00000000,0
7646,0,1884879,7,0,0.00000000,0
7647,0,1884880,5,0,0.00000000,0
7648,0,1884881,5,0,0.00000000,0
7649,0,1884882,8,0,0.00000000,0
7650,0,1884883,5,0,0.00000000,0
7651,0,1884884,8,0,0.00000000,0
7652,0,1884885,9,0,0.00000000,0
7653,0,1884886,6,0,0.00000000,0
7654,0,1884887,7,0,0.00000000,0
7655,0,1884888,9,0,0.00000000,0
7656,0,1884889,4,0,0.00000000,0
7657,0,1884890,3,0,0.00000000,0
7658,0,1884891,9,0,0.00000000,0
7659,0,1884892,6,0,0.00000000,0
7660,0,1884893,6,0,0.00000000,0
7661,0,1884894,10,0,0.00000000,0
7662,0,1884895,6,0,0.00000000,0
7663,0,1884896,7,0,0.00000000,0
7664,0,1884897,4,0,0.00000000,0
7665,0,1884898,6,0,0.00000000,0
7666,0,1884899,3,0,0.00000000,0
7667,0,1884900,8,0,0.00000000,0
7668,0,1884901,7,0,0.00000000,0
7669,0,1884902,4,0,0.00000000,0
7670,0,1884903,8,0,0.00000000,0
7671,0,1884904,7,0,0.00000000,0
7672,0,1884905,10,0,0.00000000,0
7673,0,1884906,5,0,0.00000000,0
7674,0,1884907,9,0,0.00000000,0
7675,0,1884908,8,0,0.00000000,0
7676,0,1884909,12,0,0.00000000,0
7677,0,1884910,9,0,0.00000000,0
7678,0,1884911,3,0,0.00000000,0
7679,0,1884912,7,0,0.00000000,0
7680,0,1884913,9,0,0.00000000,0
7681,0,1884914,9,0,0.00000000,0
7682,0,1884915,11,0,0.00000000,0
7683,0,1884916,13,0,0.00000000,0
7684,0,1884917,5,0,0.00000000,0
7685,0,1884918,6,0,0.00000000,0
7686,0,1884919,1,0,0.00000000,0
7687,0,1884920,6,0,0.00000000,0
7688,0,1884921,4,0,0.00000000,0
7689,0,1884923,2,0,0.00000000,0
7690,0,1884924,6,0,0.00000000,0
7691,0,1884925,3,0,0.00000000,0
7692,0,1884926,2,0,0.00000000,0
7693,0,1884927,7,0,0.00000000,0
7694,0,1884928,6,0,0.00000000,0
7695,0,1884929,5,0,0.00000000,0
7696,0,1884930,8,0,0.00000000,0
7697,0,1884931,7,0,0.00000000,0
7698,0,1884932,5,0,0.00000000,0
7699,0,1884933,4,0,0.00000000,0
7700,0,1884934,9,0,0.00000000,0
7701,0,1884935,7,0,0.00000000,0
7702,0,1884936,5,0,0.00000000,0
7703,0,1884937,6,0,0.00000000,0
7704,0,1884938,4,0,0.00000000,0
7705,0,1884939,7,0,0.00000000,0
7706,0,1884940,6,0,0.00000000,0
7707,0,1884941,6,0,0.00000000,0
7708,0,1884942,5,0,0.00000000,0
7709,0,1884943,5,0,0.00000000,0
7710,0,1884944,1462,0,0.00000000,0
7711,0,1884945,1,0,0.00000000,0
7712,0,1884946,5,0,0.00000000,0
7713,0,1884947,7,0,0.00000000,0
7714,0,1884948,5,0,0.00000000,0
7715,0,1884949,10,0,0.00000000,0
7716,0,1884950,10,0,0.00000000,0
7717,0,1884951,1,0,0.00000000,0
7718,0,1884952,5,0,0.00000000,0
7719,0,1884953,6,0,0.00000000,0
7720,0,1884954,5,0,0.00000000,0
7721,0,1884955,8,0,0.00000000,0
7722,0,1884956,9,0,0.00000000,0
7723,0,1884957,6,0,0.00000000,0
7724,0,1884958,5,0,0.00000000,0
7725,0,1884959,13,0,0.00000000,0
7726,0,1884960,16,0,0.00000000,0
7727,0,1884961,8,0,0.00000000,0
7728,0,1884962,9,0,0.00000000,0
7729,0,1884963,1,0,0.00000000,0
7730,0,1884964,10,0,0.00000000,0
7731,0,1884965,4,0,0.00000000,0
7732,0,1884966,10,0,0.00000000,0
7733,0,1884967,9,0,0.00000000,0
7734,0,1884968,7,0,0.00000000,0
7735,0,1884969,6,0,0.00000000,0
7736,0,1884970,11,0,0.00000000,0
7737,0,1884971,8,0,0.00000000,0
7738,0,1884972,9,0,0.00000000,0
7739,0,1884973,2,0,0.00000000,0
7740,0,1884974,12,0,0.00000000,0
7741,0,1884975,11,0,0.00000000,0
7742,0,1884976,3,0,0.00000000,0
7743,0,1884977,14,0,0.00000000,0
7744,0,1884978,8,0,0.00000000,0
7745,0,1884979,11,0,0.00000000,0
7746,0,1884980,14,0,0.00000000,0
7747,0,1884981,9,0,0.00000000,0
7748,0,1884982,5,0,0.00000000,0
7749,0,1884983,6,0,0.00000000,0
7750,0,1884984,9,0,0.00000000,0
7751,0,1884985,6,0,0.00000000,0
7752,0,1884986,12,0,0.00000000,0
7753,0,1884987,6,0,0.00000000,0
7754,0,1884988,10,0,0.00000000,0
7755,0,1884989,10,0,0.00000000,0
7756,0,1884990,8,0,0.00000000,0
7757,0,1884991,9,0,0.00000000,0
7758,0,1884992,15,0,0.00000000,0
7759,0,1884993,11,0,0.00000000,0
7760,0,1884994,3,0,0.00000000,0
7761,0,1884995,11,0,0.00000000,0
7762,0,1884996,7,0,0.00000000,0
7763,0,1884997,7,0,0.00000000,0
7764,0,1884998,12,0,0.00000000,0
7765,0,1884999,5,0,0.00000000,0
7766,0,1885000,7,0,0.00000000,0
7767,0,1885001,10,0,0.00000000,0
7768,0,1885002,8,0,0.00000000,0
7769,0,1885003,5,0,0.00000000,0
7770,0,1885004,7,0,0.00000000,0
7771,0,1885005,10,0,0.00000000,0
7772,0,1885006,6,0,0.00000000,0
7773,0,1885007,8,0,0.00000000,0
7774,0,1885008,13,0,0.00000000,0
7775,0,1885009,9,0,0.00000000,0
7776,0,1885010,7,0,0.00000000,0
7777,0,1885011,9,0,0.00000000,0
7778,0,1885012,10,0,0.00000000,0
7779,0,1885013,13,0,0.00000000,0
7780,0,1885014,6,0,0.00000000,0
7781,0,1885015,7,0,0.00000000,0
7782,0,1885016,7,0,0.00000000,0
7783,0,1885017,3,0,0.00000000,0
7784,0,1885018,6,0,0.00000000,0
7785,0,1885019,6,0,0.00000000,0
7786,0,1885020,7,0,0.00000000,0
7787,0,1885021,9,0,0.00000000,0
7788,0,1885022,5,0,0.00000000,0
7789,0,1885023,12,0,0.00000000,0
7790,0,1885024,8,0,0.00000000,0
7791,0,1885025,11,0,0.00000000,0
7792,0,1885026,5,0,0.00000000,0
7793,0,1885027,1,0,0.00000000,0
7794,0,1885028,1,0,0.00000000,0
7795,0,1885029,12,0,0.00000000,0
7796,0,1885030,11,0,0.00000000,0
7797,0,1885031,1197,0,0.00000000,0
7798,0,1885035,1031,1,0.00096993,1
7799,0,1885037,2,0,0.00000000,0
7800,0,1885038,287,0,0.00000000,0
7801,0,1885039,4,0,0.00000000,0
7802,0,1885040,3,0,0.00000000,0
7803,0,1885041,4,0,0.00000000,0
7804,0,1885042,4,0,0.00000000,0
7805,0,1885043,1,0,0.00000000,0
7806,0,1885046,308,0,0.00000000,0
7807,0,1885047,355,0,0.00000000,0
7808,0,1885048,25,0,0.00000000,0
7809,0,1885050,2054,0,0.00000000,0
7810,0,1885051,6,0,0.00000000,0
7811,0,1885052,1,0,0.00000000,0
7812,0,1885053,6,0,0.00000000,0
7813,0,1885058,1,0,0.00000000,0
7814,0,1885059,131,0,0.00000000,0
7815,0,1885060,1024,0,0.00000000,0
7816,0,1885061,512,0,0.00000000,0
7817,0,1885064,66,0,0.00000000,0
7818,0,1885065,9,0,0.00000000,0
7819,0,1885066,258,0,0.00000000,0
7820,0,1885067,44,0,0.00000000,0
7821,0,1885068,525,0,0.00000000,0
7822,0,1885072,1,0,0.00000000,0
7823,0,1885075,16,0,0.00000000,0
7824,0,1885080,1,0,0.00000000,0
7825,0,1885081,16,0,0.00000000,0
7826,0,1885084,56,0,0.00000000,0
7827,0,1885088,1,0,0.00000000,0
7828,0,1885093,694,0,0.00000000,0
7829,0,1885094,649,0,0.00000000,0
7830,0,1885095,5129,0,0.00000000,0
7831,0,1885096,22496,0,0.00000000,0
7832,0,1885097,24775,0,0.00000000,0
7833,0,1885098,14231,0,0.00000000,0
7834,0,1885099,22518,0,0.00000000,0
7835,0,1885100,26355,0,0.00000000,0
7836,0,1885101,12673,0,0.00000000,0
7837,0,1885102,16351,0,0.00000000,0
7838,0,1885103,8292,0,0.00000000,0
7839,0,1885104,1167,0,0.00000000,0
7840,0,1885105,1452,0,0.00000000,0
7841,0,1885106,8380,0,0.00000000,0
7842,0,1885107,5678,0,0.00000000,0
7843,0,1885108,5524,0,0.00000000,0
7844,0,1885109,858,0,0.00000000,0
7845,0,1885111,4907,0,0.00000000,0
7846,0,1885112,5546,0,0.00000000,0
7847,0,1885113,4869,0,0.00000000,0
7848,0,1885120,72,0,0.00000000,0
7849,0,1885129,64,0,0.00000000,0
7850,0,1885130,64,0,0.00000000,0
7851,0,1885132,64,0,0.00000000,0
7852,0,1885134,1,0,0.00000000,0
7853,0,1885142,1,0,0.00000000,0
7854,0,1885152,8,0,0.00000000,0
7855,0,1885157,1,0,0.00000000,0
7856,0,1885167,1,0,0.00000000,0
7857,0,1885168,1,0,0.00000000,0
7858,0,1885174,1,0,0.00000000,0
7859,0,1885178,409,0,0.00000000,0
7860,0,1885179,86,0,0.00000000,0
7861,0,1885180,9,0,0.00000000,0
7862,0,1885188,1,1,1.00000000,1
7863,0,1885190,3,0,0.00000000,0
7864,0,1885191,9,0,0.00000000,0
7865,0,1885194,93,0,0.00000000,0
7866,0,1885198,6,0,0.00000000,0
7867,0,1885200,42,0,0.00000000,0
7868,0,1885201,3,0,0.00000000,0
7869,0,1885205,6009,0,0.00000000,0
7870,0,1885206,4239,0,0.00000000,0
7871,0,1885209,15112,0,0.00000000,0
7872,0,1885210,15640,0,0.00000000,0
7873,0,1885211,11464,0,0.00000000,0
7874,0,1885212,19264,0,0.00000000,0
7875,0,1885213,10248,0,0.00000000,0
7876,0,1885214,8,0,0.00000000,0
7877,0,1885216,5120,0,0.00000000,0
7878,0,1885217,5120,0,0.00000000,0
7879,0,1885219,5120,0,0.00000000,0
7880,0,1885220,1,0,0.00000000,0
7881,0,1885221,640,0,0.00000000,0
7882,0,1885222,1284,0,0.00000000,0
7883,0,1885223,642,0,0.00000000,0
7884,0,1885224,1280,0,0.00000000,0
7885,0,1885225,1329,0,0.00000000,0
7886,0,1885226,1,0,0.00000000,0
7887,0,1885229,3,0,0.00000000,0
7888,0,1885230,8,0,0.00000000,0
7889,0,1885231,647,0,0.00000000,0
7890,0,1885232,8,0,0.00000000,0
7891,0,1885233,5128,0,0.00000000,0
7892,0,1885235,5120,0,0.00000000,0
7893,0,1885236,5200,0,0.00000000,0
7894,0,1885237,8398,0,0.00000000,0
7895,0,1885238,1858,0,0.00000000,0
7896,0,1885239,224,2,0.00892857,1
7897,0,1885242,9,0,0.00000000,0
7898,0,1885243,110,2,0.01818182,1
7899,0,1885244,745,0,0.00000000,0
7900,0,1885245,9516,0,0.00000000,0
7901,0,1885246,17,0,0.00000000,0
7902,0,1885247,10252,0,0.00000000,0
7903,0,1885248,8,0,0.00000000,0
7904,0,1885254,65,0,0.00000000,0
7905,0,1885256,37,1,0.02702703,1
7906,0,1885260,147,0,0.00000000,0
7907,0,1885261,5,0,0.00000000,0
7908,0,1885262,4,0,0.00000000,0
7909,0,1885263,9,0,0.00000000,0
7910,0,1885264,5,0,0.00000000,0
7911,0,1885265,4,0,0.00000000,0
7912,0,1885266,8,0,0.00000000,0
7913,0,1885267,11,0,0.00000000,0
7914,0,1885268,7,0,0.00000000,0
7915,0,1885269,9,0,0.00000000,0
7916,0,1885270,7,0,0.00000000,0
7917,0,1885271,8,0,0.00000000,0
7918,0,1885272,3,0,0.00000000,0
7919,0,1885273,7,0,0.00000000,0
7920,0,1885274,9,0,0.00000000,0
7921,0,1885275,12,0,0.00000000,0
7922,0,1885276,9,0,0.00000000,0
7923,0,1885277,8,0,0.00000000,0
7924,0,1885278,7,0,0.00000000,0
7925,0,1885279,10,0,0.00000000,0
7926,0,1885280,2,0,0.00000000,0
7927,0,1885281,7,0,0.00000000,0
7928,0,1885282,10,0,0.00000000,0
7929,0,1885283,9,0,0.00000000,0
7930,0,1885284,7,0,0.00000000,0
7931,0,1885285,7,0,0.00000000,0
7932,0,1885286,9,0,0.00000000,0
7933,0,1885287,9,0,0.00000000,0
7934,0,1885288,6,0,0.00000000,0
7935,0,1885289,3,0,0.00000000,0
7936,0,1885290,5,0,0.00000000,0
7937,0,1885291,8,0,0.00000000,0
7938,0,1885292,5,0,0.00000000,0
7939,0,1885293,11,0,0.00000000,0
7940,0,1885294,13,0,0.00000000,0
7941,0,1885295,10,0,0.00000000,0
7942,0,1885296,6,0,0.00000000,0
7943,0,1885297,5,0,0.00000000,0
7944,0,1885298,3,0,0.00000000,0
7945,0,1885299,5,0,0.00000000,0
7946,0,1885300,675,0,0.00000000,0
7947,0,1885301,2,0,0.00000000,0
7948,0,1885302,4,0,0.00000000,0
7949,0,1885303,5,0,0.00000000,0
7950,0,1885304,3,0,0.00000000,0
7951,0,1885305,7,0,0.00000000,0
7952,0,1885306,2,0,0.00000000,0
7953,0,1885307,10,0,0.00000000,0
7954,0,1885308,2,0,0.00000000,0
7955,0,1885309,10,0,0.00000000,0
7956,0,1885310,7,0,0.00000000,0
7957,0,1885311,7,0,0.00000000,0
7958,0,1885312,5,0,0.00000000,0
7959,0,1885313,7,0,0.00000000,0
7960,0,1885314,6,0,0.00000000,0
7961,0,1885315,7,0,0.00000000,0
7962,0,1885316,5,0,0.00000000,0
7963,0,1885317,5,0,0.00000000,0
7964,0,1885318,6,0,0.00000000,0
7965,0,1885319,3,0,0.00000000,0
7966,0,1885320,7,0,0.00000000,0
7967,0,1885321,7,0,0.00000000,0
7968,0,1885323,8,0,0.00000000,0
7969,0,1885324,6,0,0.00000000,0
7970,0,1885325,7,0,0.00000000,0
7971,0,1885326,3,0,0.00000000,0
7972,0,1885327,8,0,0.00000000,0
7973,0,1885328,7,0,0.00000000,0
7974,0,1885329,5,0,0.00000000,0
7975,0,1885330,3,0,0.00000000,0
7976,0,1885331,4,0,0.00000000,0
7977,0,1885332,4,0,0.00000000,0
7978,0,1885333,10,0,0.00000000,0
7979,0,1885335,6,0,0.00000000,0
7980,0,1885336,6,0,0.00000000,0
7981,0,1885337,7,0,0.00000000,0
7982,0,1885338,8,0,0.00000000,0
7983,0,1885339,7,0,0.00000000,0
7984,0,1885340,4,0,0.00000000,0
7985,0,1885341,6,0,0.00000000,0
7986,0,1885342,4,0,0.00000000,0
7987,0,1885343,682,0,0.00000000,0
7988,0,1885344,55,1,0.01818182,1
7989,0,1885347,242,0,0.00000000,0
7990,0,1885348,106,0,0.00000000,0
7991,0,1885349,596,0,0.00000000,0
7992,0,1885350,10,0,0.00000000,0
7993,0,1885351,3,0,0.00000000,0
7994,0,1885352,2,0,0.00000000,0
7995,0,1885353,7,0,0.00000000,0
7996,0,1885354,7,0,0.00000000,0
7997,0,1885355,4,0,0.00000000,0
7998,0,1885356,77,1,0.01298701,1
7999,0,1885359,126,0,0.00000000,0
8000,0,1885361,25,0,0.00000000,0
8001,0,1885362,2,0,0.00000000,0
8002,0,1885364,452,0,0.00000000,0
8003,0,1885365,14,0,0.00000000,0
8004,0,1885366,36,0,0.00000000,0
8005,0,1885368,69,0,0.00000000,0
8006,0,1885369,6,0,0.00000000,0
8007,0,1885370,6,0,0.00000000,0
8008,0,1885371,4,0,0.00000000,0
8009,0,1885372,2,0,0.00000000,0
8010,0,1885373,7,0,0.00000000,0
8011,0,1885374,6,0,0.00000000,0
8012,0,1885375,7,0,0.00000000,0
8013,0,1885376,6,0,0.00000000,0
8014,0,1885377,6,0,0.00000000,0
8015,0,1885378,6,0,0.00000000,0
8016,0,1885379,9,0,0.00000000,0
8017,0,1885380,15,0,0.00000000,0
8018,0,1885381,10,0,0.00000000,0
8019,0,1885382,6,0,0.00000000,0
8020,0,1885383,8,0,0.00000000,0
8021,0,1885384,4,0,0.00000000,0
8022,0,1885385,6,0,0.00000000,0
8023,0,1885386,4,0,0.00000000,0
8024,0,1885387,9,0,0.00000000,0
8025,0,1885388,6,0,0.00000000,0
8026,0,1885389,11,0,0.00000000,0
8027,0,1885390,4,0,0.00000000,0
8028,0,1885391,6,0,0.00000000,0
8029,0,1885392,7,0,0.00000000,0
8030,0,1885393,5,0,0.00000000,0
8031,0,1885394,7,0,0.00000000,0
8032,0,1885395,5,0,0.00000000,0
8033,0,1885396,5,0,0.00000000,0
8034,0,1885397,69,0,0.00000000,0
8035,0,1885399,375,0,0.00000000,0
8036,0,1885401,22,0,0.00000000,0
8037,0,1885402,1,0,0.00000000,0
8038,0,1885404,2,0,0.00000000,0
8039,0,1885405,4,0,0.00000000,0
8040,0,1885406,3,0,0.00000000,0
8041,0,1885407,1,0,0.00000000,0
8042,0,1885408,2,0,0.00000000,0
8043,0,1885409,3,0,0.00000000,0
8044,0,1885411,1,0,0.00000000,0
8045,0,1885412,3,0,0.00000000,0
8046,0,1885413,6,0,0.00000000,0
8047,0,1885414,9,0,0.00000000,0
8048,0,1885415,1,0,0.00000000,0
8049,0,1885416,1,0,0.00000000,0
8050,0,1885417,9,0,0.00000000,0
8051,0,1885418,6,0,0.00000000,0
8052,0,1885419,4,0,0.00000000,0
8053,0,1885420,1,0,0.00000000,0
8054,0,1885421,4,0,0.00000000,0
8055,0,1885423,1,0,0.00000000,0
8056,0,1885424,2,0,0.00000000,0
8057,0,1885425,5,0,0.00000000,0
8058,0,1885426,2,0,0.00000000,0
8059,0,1885427,5,0,0.00000000,0
8060,0,1885428,3,0,0.00000000,0
8061,0,1885429,2,0,0.00000000,0
8062,0,1885430,6,0,0.00000000,0
8063,0,1885431,6,0,0.00000000,0
8064,0,1885432,3,0,0.00000000,0
8065,0,1885433,3,0,0.00000000,0
8066,0,1885434,6,0,0.00000000,0
8067,0,1885435,6,0,0.00000000,0
8068,0,1885436,1,0,0.00000000,0
8069,0,1885437,4,0,0.00000000,0
8070,0,1885439,5,0,0.00000000,0
8071,0,1885440,2,0,0.00000000,0
8072,0,1885441,2,0,0.00000000,0
8073,0,1885442,1,0,0.00000000,0
8074,0,1885443,3,0,0.00000000,0
8075,0,1885444,2,0,0.00000000,0
8076,0,1885445,3,0,0.00000000,0
8077,0,1885446,8,0,0.00000000,0
8078,0,1885447,3,0,0.00000000,0
8079,0,1885448,2,0,0.00000000,0
8080,0,1885449,5,0,0.00000000,0
8081,0,1885450,7,0,0.00000000,0
8082,0,1885452,2,0,0.00000000,0
8083,0,1885453,8,0,0.00000000,0
8084,0,1885454,3,0,0.00000000,0
8085,0,1885455,2,0,0.00000000,0
8086,0,1885456,5,0,0.00000000,0
8087,0,1885457,3,0,0.00000000,0
8088,0,1885458,3,0,0.00000000,0
8089,0,1885459,6,0,0.00000000,0
8090,0,1885460,4,0,0.00000000,0
8091,0,1885461,3,0,0.00000000,0
8092,0,1885462,3,0,0.00000000,0
8093,0,1885463,9,0,0.00000000,0
8094,0,1885464,4,0,0.00000000,0
8095,0,1885465,1,0,0.00000000,0
8096,0,1885466,6,0,0.00000000,0
8097,0,1885467,233,1,0.00429185,1
8098,0,1885470,3,0,0.00000000,0
8099,0,1885471,2,0,0.00000000,0
8100,0,1885472,5,0,0.00000000,0
8101,0,1885473,3,0,0.00000000,0
8102,0,1885474,2,0,0.00000000,0
8103,0,1885475,5,0,0.00000000,0
8104,0,1885476,4,0,0.00000000,0
8105,0,1885477,1,0,0.00000000,0
8106,0,1885478,2,0,0.00000000,0
8107,0,1885479,6,0,0.00000000,0
8108,0,1885480,1,0,0.00000000,0
8109,0,1885481,4,0,0.00000000,0
8110,0,1885482,3,0,0.00000000,0
8111,0,1885483,3,0,0.00000000,0
8112,0,1885484,5,0,0.00000000,0
8113,0,1885486,4,0,0.00000000,0
8114,0,1885487,4,0,0.00000000,0
8115,0,1885488,6,0,0.00000000,0
8116,0,1885489,4,0,0.00000000,0
8117,0,1885490,3,0,0.00000000,0
8118,0,1885491,1,0,0.00000000,0
8119,0,1885493,1,0,0.00000000,0
8120,0,1885494,5,0,0.00000000,0
8121,0,1885495,5,0,0.00000000,0
8122,0,1885496,4,0,0.00000000,0
8123,0,1885497,7,0,0.00000000,0
8124,0,1885498,6,0,0.00000000,0
8125,0,1885499,2,0,0.00000000,0
8126,0,1885500,2,0,0.00000000,0
8127,0,1885501,2,0,0.00000000,0
8128,0,1885503,1,0,0.00000000,0
8129,0,1885504,2,0,0.00000000,0
8130,0,1885505,2,0,0.00000000,0
8131,0,1885507,2,0,0.00000000,0
8132,0,1885508,2,0,0.00000000,0
8133,0,1885510,2,0,0.00000000,0
8134,0,1885511,1,0,0.00000000,0
8135,0,1885512,3,0,0.00000000,0
8136,0,1885513,1,0,0.00000000,0
8137,0,1885514,3,0,0.00000000,0
8138,0,1885515,1,0,0.00000000,0
8139,0,1885516,1,0,0.00000000,0
8140,0,1885517,1,0,0.00000000,0
8141,0,1885518,3,0,0.00000000,0
8142,0,1885519,2,0,0.00000000,0
8143,0,1885520,2,0,0.00000000,0
8144,0,1885523,2,0,0.00000000,0
8145,0,1885525,3,0,0.00000000,0
8146,0,1885526,2,0,0.00000000,0
8147,0,1885527,1,0,0.00000000,0
8148,0,1885528,1,0,0.00000000,0
8149,0,1885529,1,0,0.00000000,0
8150,0,1885530,1,0,0.00000000,0
8151,0,1885531,3,0,0.00000000,0
8152,0,1885532,2,0,0.00000000,0
8153,0,1885533,4,0,0.00000000,0
8154,0,1885534,3,0,0.00000000,0
8155,0,1885535,2,0,0.00000000,0
8156,0,1885536,1,0,0.00000000,0
8157,0,1885537,1,0,0.00000000,0
8158,0,1885538,3,0,0.00000000,0
8159,0,1885540,1,0,0.00000000,0
8160,0,1885541,4,0,0.00000000,0
8161,0,1885542,3,0,0.00000000,0
8162,0,1885544,2,0,0.00000000,0
8163,0,1885545,3,0,0.00000000,0
8164,0,1885546,4,0,0.00000000,0
8165,0,1885547,2,0,0.00000000,0
8166,0,1885548,2,0,0.00000000,0
8167,0,1885549,1,0,0.00000000,0
8168,0,1885550,3,0,0.00000000,0
8169,0,1885551,4,0,0.00000000,0
8170,0,1885552,1,0,0.00000000,0
8171,0,1885553,3,0,0.00000000,0
8172,0,1885554,3,0,0.00000000,0
8173,0,1885555,7,0,0.00000000,0
8174,0,1885556,1,0,0.00000000,0
8175,0,1885557,2,0,0.00000000,0
8176,0,1885558,3,0,0.00000000,0
8177,0,1885559,3,0,0.00000000,0
8178,0,1885560,3,0,0.00000000,0
8179,0,1885561,1,0,0.00000000,0
8180,0,1885562,2,0,0.00000000,0
8181,0,1885563,1,0,0.00000000,0
8182,0,1885564,1,0,0.00000000,0
8183,0,1885567,2,0,0.00000000,0
8184,0,1885568,3,0,0.00000000,0
8185,0,1885569,3,0,0.00000000,0
8186,0,1885570,3,0,0.00000000,0
8187,0,1885571,1,0,0.00000000,0
8188,0,1885573,2,0,0.00000000,0
8189,0,1885574,2,0,0.00000000,0
8190,0,1885576,3,0,0.00000000,0
8191,0,1885577,2,0,0.00000000,0
8192,0,1885578,2,0,0.00000000,0
8193,0,1885579,2,0,0.00000000,0
8194,0,1885580,3,0,0.00000000,0
8195,0,1885581,3,0,0.00000000,0
8196,0,1885582,2,0,0.00000000,0
8197,0,1885583,5,0,0.00000000,0
8198,0,1885584,1,0,0.00000000,0
8199,0,1885585,1,0,0.00000000,0
8200,0,1885586,3,0,0.00000000,0
8201,0,1885587,1,0,0.00000000,0
8202,0,1885588,1,0,0.00000000,0
8203,0,1885589,2,0,0.00000000,0
8204,0,1885590,3,0,0.00000000,0
8205,0,1885591,4,0,0.00000000,0
8206,0,1885592,1,0,0.00000000,0
8207,0,1885593,1,0,0.00000000,0
8208,0,1885594,4,0,0.00000000,0
8209,0,1885595,5,0,0.00000000,0
8210,0,1885596,3,0,0.00000000,0
8211,0,1885597,2,0,0.00000000,0
8212,0,1885598,3,0,0.00000000,0
8213,0,1885599,1,0,0.00000000,0
8214,0,1885600,2,0,0.00000000,0
8215,0,1885601,4,0,0.00000000,0
8216,0,1885602,2,0,0.00000000,0
8217,0,1885603,2,0,0.00000000,0
8218,0,1885604,1,0,0.00000000,0
8219,0,1885605,822,0,0.00000000,0
8220,0,1885606,5,0,0.00000000,0
8221,0,1885607,8,0,0.00000000,0
8222,0,1885608,85,0,0.00000000,0
8223,0,1885610,392,0,0.00000000,0
8224,0,1885611,2160,0,0.00000000,0
8225,0,1885612,407,0,0.00000000,0
8226,0,1885614,22,0,0.00000000,0
8227,0,1885615,38,0,0.00000000,0
8228,0,1885616,26,0,0.00000000,0
8229,0,1885619,162,0,0.00000000,0
8230,0,1885620,233,0,0.00000000,0
8231,0,1885621,227,0,0.00000000,0
8232,0,1885622,22,0,0.00000000,0
8233,0,1885623,133,0,0.00000000,0
8234,0,1885624,4,0,0.00000000,0
8235,0,1885625,8,0,0.00000000,0
8236,0,1885626,1371,0,0.00000000,0
8237,0,1885628,3,0,0.00000000,0
8238,0,1885629,780,0,0.00000000,0
8239,0,1885630,2,0,0.00000000,0
8240,0,1885632,959,0,0.00000000,0
8241,0,1885636,119,0,0.00000000,0
8242,0,1885654,2,0,0.00000000,0
8243,0,1885658,48,2,0.04166667,1
8244,0,1885659,306,1,0.00326797,1
8245,0,1885660,4,0,0.00000000,0
8246,0,1885661,1,0,0.00000000,0
8247,0,1885662,1,0,0.00000000,0
8248,0,1885669,10,1,0.10000000,1
8249,0,1885671,93,1,0.01075269,1
8250,0,1885674,1,0,0.00000000,0
8251,0,1885676,35,0,0.00000000,0
8252,0,1885678,8,0,0.00000000,0
8253,0,1885679,32,0,0.00000000,0
8254,0,1885680,5128,0,0.00000000,0
8255,0,1885681,10240,0,0.00000000,0
8256,0,1885682,8,0,0.00000000,0
8257,0,1885688,16,0,0.00000000,0
8258,0,1885693,1,0,0.00000000,0
8259,0,1885696,2,0,0.00000000,0
8260,0,1885700,16,0,0.00000000,0
8261,0,1885701,37,0,0.00000000,0
8262,0,1885702,3,0,0.00000000,0
8263,0,1885708,3,0,0.00000000,0
8264,0,1885710,91,0,0.00000000,0
8265,0,1885711,3,0,0.00000000,0
8266,0,1885713,1,0,0.00000000,0
8267,0,1885716,13,0,0.00000000,0
8268,0,1885720,3,0,0.00000000,0
8269,0,1885722,3,0,0.00000000,0
8270,0,1885723,1,0,0.00000000,0
8271,0,1885727,64,0,0.00000000,0
8272,0,1885732,12,0,0.00000000,0
8273,0,1885736,3,0,0.00000000,0
8274,0,1885755,176,0,0.00000000,0
8275,0,1885758,6,0,0.00000000,0
8276,0,1885759,214,2,0.00934579,1
8277,0,1885763,1,0,0.00000000,0
8278,0,1885764,392,0,0.00000000,0
8279,0,1885766,2,0,0.00000000,0
8280,0,1885767,304,0,0.00000000,0
8281,0,1885769,432,0,0.00000000,0
8282,0,1885771,1,0,0.00000000,0
8283,0,1885772,284,0,0.00000000,0
8284,0,1885773,244,0,0.00000000,0
8285,0,1885775,5,0,0.00000000,0
8286,0,1885776,1,0,0.00000000,0
8287,0,1885777,3,0,0.00000000,0
8288,0,1885778,1,0,0.00000000,0
8289,0,1885779,8,0,0.00000000,0
8290,0,1885780,3,0,0.00000000,0
8291,0,1885783,513,0,0.00000000,0
8292,0,1885784,8,0,0.00000000,0
8293,0,1885786,8,0,0.00000000,0
8294,0,1885788,3703,0,0.00000000,0
8295,0,1885789,6548,0,0.00000000,0
8296,0,1885790,5120,0,0.00000000,0
8297,0,1885793,8,0,0.00000000,0
8298,0,1885795,5136,0,0.00000000,0
8299,0,1885796,5129,0,0.00000000,0
8300,0,1885797,8,0,0.00000000,0
8301,0,1885799,8,0,0.00000000,0
8302,0,1885802,1,0,0.00000000,0
8303,0,1885805,1338,1024,0.76532138,1
8304,0,1885806,1,0,0.00000000,0
8305,0,1885807,3648,0,0.00000000,0
8306,0,1885809,1,0,0.00000000,0
8307,0,1885810,1033,1024,0.99128751,1
8308,0,1885811,1,0,0.00000000,0
8309,0,1885812,1,0,0.00000000,0
8310,0,1885813,13,0,0.00000000,0
8311,0,1885814,1,0,0.00000000,0
8312,0,1885815,5136,0,0.00000000,0
8313,0,1885816,5120,0,0.00000000,0
8314,0,1885818,16,0,0.00000000,0
8315,0,1885819,24,0,0.00000000,0
8316,0,1885820,3,0,0.00000000,0
8317,0,1885821,8,0,0.00000000,0
8318,0,1885822,8,0,0.00000000,0
8319,0,1885823,1,0,0.00000000,0
8320,0,1885824,8,0,0.00000000,0
8321,0,1885825,1,0,0.00000000,0
8322,0,1885827,15,0,0.00000000,0
8323,0,1885829,1,0,0.00000000,0
8324,0,1885832,1024,1024,1.00000000,1
8325,0,1885833,1,0,0.00000000,0
8326,0,1885834,1,0,0.00000000,0
8327,0,1885838,3,0,0.00000000,0
8328,0,1885839,2,0,0.00000000,0
8329,0,1885840,1,0,0.00000000,0
8330,0,1885841,10,0,0.00000000,0
8331,0,1885842,352,0,0.00000000,0
8332,0,1885843,51,0,0.00000000,0
8333,0,1885844,57,0,0.00000000,0
8334,0,1885846,1,0,0.00000000,0
8335,0,1885852,1,0,0.00000000,0
8336,0,1885856,32,0,0.00000000,0
8337,0,1885859,1,0,0.00000000,0
8338,0,1885860,1,0,0.00000000,0
8339,0,1885861,1,0,0.00000000,0
8340,0,1885865,3,0,0.00000000,0
8341,0,1885866,1,0,0.00000000,0
8342,0,1885871,1,0,0.00000000,0
8343,0,1885876,54,2,0.03703704,1
8344,0,1885879,1,0,0.00000000,0
8345,0,1885892,3,0,0.00000000,0
8346,0,1885901,2,0,0.00000000,0
8347,0,1885916,8,0,0.00000000,0
8348,0,1885921,8,0,0.00000000,0
8349,0,1885923,32,0,0.00000000,0
8350,0,1885924,8,0,0.00000000,0
8351,0,1885925,1,0,0.00000000,0
8352,0,1885926,1,0,0.00000000,0
8353,0,1885928,8,0,0.00000000,0
8354,0,1885929,8,0,0.00000000,0
8355,0,1885930,60,0,0.00000000,0
8356,0,1885932,57,0,0.00000000,0
8357,0,1885934,1,0,0.00000000,0
8358,0,1885935,1,0,0.00000000,0
8359,0,1885936,7,0,0.00000000,0
8360,0,1885937,1,0,0.00000000,0
8361,0,1885939,2,0,0.00000000,0
8362,0,1885946,1,0,0.00000000,0
8363,0,1885949,1,0,0.00000000,0
8364,0,1885951,1,0,0.00000000,0
8365,0,1885953,17,0,0.00000000,0
8366,0,1885957,3,0,0.00000000,0
8367,0,1885959,6,0,0.00000000,0
8368,0,1885960,8,0,0.00000000,0
8369,0,1885962,8,0,0.00000000,0
8370,0,1885963,8,0,0.00000000,0
8371,0,1885965,5120,0,0.00000000,0
8372,0,1885966,5120,0,0.00000000,0
8373,0,1885967,37,0,0.00000000,0
8374,0,1885968,946,0,0.00000000,0
8375,0,1885969,4215,0,0.00000000,0
8376,0,1885970,10695,0,0.00000000,0
8377,0,1885971,5120,0,0.00000000,0
8378,0,1885973,5178,0,0.00000000,0
8379,0,1885974,3,0,0.00000000,0
8380,0,1885981,2,0,0.00000000,0
8381,0,1885984,10240,0,0.00000000,0
8382,0,1885987,1,0,0.00000000,0
8383,0,1886002,1139,0,0.00000000,0
8384,0,1886016,35,0,0.00000000,0
8385,0,1886017,64,0,0.00000000,0
8386,0,1886029,2,0,0.00000000,0
8387,0,1886040,1069,0,0.00000000,0
8388,0,1886042,1,0,0.00000000,0
8389,0,1886043,1,0,0.00000000,0
8390,0,1886044,2,0,0.00000000,0
8391,0,1886045,1,0,0.00000000,0
8392,0,1886047,1132,0,0.00000000,0
8393,0,1886048,208,0,0.00000000,0
8394,0,1886051,2,0,0.00000000,0
8395,0,1886052,390,0,0.00000000,0
8396,0,1886053,2,0,0.00000000,0
8397,0,1886054,310,0,0.00000000,0
8398,0,1886056,5,0,0.00000000,0
8399,0,1886057,492,0,0.00000000,0
8400,0,1886059,491,0,0.00000000,0
8401,0,1886060,144,0,0.00000000,0
8402,0,1886061,155,0,0.00000000,0
8403,0,1886062,160,0,0.00000000,0
8404,0,1886063,104,0,0.00000000,0
8405,0,1886064,77,0,0.00000000,0
8406,0,1886067,11,0,0.00000000,0
8407,0,1886069,1,0,0.00000000,0
8408,0,1886070,1,0,0.00000000,0
8409,0,1886074,1,0,0.00000000,0
8410,0,1886078,2,0,0.00000000,0
8411,0,1886087,1,0,0.00000000,0
8412,0,1886089,799,0,0.00000000,0
8413,0,1886094,3,0,0.00000000,0
8414,0,1886097,13,0,0.00000000,0
8415,0,1886101,16,0,0.00000000,0
8416,0,1886104,12,0,0.00000000,0
8417,0,1886108,9,0,0.00000000,0
8418,0,1886111,13,0,0.00000000,0
8419,0,1886114,12,0,0.00000000,0
8420,0,1886115,12,0,0.00000000,0
8421,0,1886118,14,0,0.00000000,0
8422,0,1886120,17,0,0.00000000,0
8423,0,1886122,14,0,0.00000000,0
8424,0,1886130,278,2,0.00719424,1
8425,0,1886132,25,0,0.00000000,0
8426,0,1886133,1040,1024,0.98461538,1
8427,0,1886134,5,0,0.00000000,0
8428,0,1886136,2,0,0.00000000,0
8429,0,1886137,11,0,0.00000000,0
8430,0,1886140,2,0,0.00000000,0
8431,0,1886141,9,0,0.00000000,0
8432,0,1886143,8,0,0.00000000,0
8433,0,1886144,1,0,0.00000000,0
8434,0,1886150,3,0,0.00000000,0
8435,0,1886151,266,2,0.00751880,1
8436,0,1886154,5120,0,0.00000000,0
8437,0,1886155,5124,0,0.00000000,0
8438,0,1886184,141,0,0.00000000,0
8439,0,1886187,487,0,0.00000000,0
8440,0,1886188,585,0,0.00000000,0
8441,0,1886189,13,0,0.00000000,0
8442,0,1886190,51,0,0.00000000,0
8443,0,1886195,477,0,0.00000000,0
8444,0,1886198,410,0,0.00000000,0
8445,0,1886199,2,0,0.00000000,0
8446,0,1886200,698,0,0.00000000,0
8447,0,1886202,1,0,0.00000000,0
8448,0,1886203,670,0,0.00000000,0
8449,0,1886204,182,0,0.00000000,0
8450,0,1886205,172,0,0.00000000,0
8451,0,1886208,28,0,0.00000000,0
8452,0,1886209,2,0,0.00000000,0
8453,0,1886216,64,0,0.00000000,0
8454,0,1886217,128,0,0.00000000,0
8455,0,1886219,64,0,0.00000000,0
8456,0,1886220,306,0,0.00000000,0
8457,0,1886222,64,0,0.00000000,0
8458,0,1886223,128,0,0.00000000,0
8459,0,1886224,3,1,0.33333333,1
8460,0,1886225,64,0,0.00000000,0
8461,0,1886226,132,0,0.00000000,0
8462,0,1886229,9,0,0.00000000,0
8463,0,1886232,20,0,0.00000000,0
8464,0,1886233,32,1,0.03125000,1
8465,0,1886240,11,0,0.00000000,0
8466,0,1886243,12,1,0.08333333,1
8467,0,1886248,4,0,0.00000000,0
8468,0,1886249,21,0,0.00000000,0
8469,0,1886250,9,0,0.00000000,0
8470,0,1886251,1,0,0.00000000,0
8471,0,1886254,2,0,0.00000000,0
8472,0,1886255,2,0,0.00000000,0
8473,0,1886256,2,0,0.00000000,0
8474,0,1886257,2,0,0.00000000,0
8475,0,1886258,665,0,0.00000000,0
8476,0,1886260,1,0,0.00000000,0
8477,0,1886261,1,0,0.00000000,0
8478,0,1886262,685,0,0.00000000,0
8479,0,1886265,1,0,0.00000000,0
8480,0,1886267,1,0,0.00000000,0
8481,0,1886269,2,0,0.00000000,0
8482,0,1886270,1,0,0.00000000,0
8483,0,1886271,1,0,0.00000000,0
8484,0,1886273,557,0,0.00000000,0
8485,0,1886276,88,2,0.02272727,1
8486,0,1886283,16,0,0.00000000,0
8487,0,1886285,1,0,0.00000000,0
8488,0,1886290,1,0,0.00000000,0
8489,0,1886296,1,0,0.00000000,0
8490,0,1886304,435,0,0.00000000,0
8491,0,1886313,159,2,0.01257862,1
8492,0,1886321,19,0,0.00000000,0
8493,0,1886322,21,0,0.00000000,0
8494,0,1886338,144,0,0.00000000,0
8495,0,1886344,99,0,0.00000000,0
8496,0,1886349,1,0,0.00000000,0
8497,0,1886351,2,0,0.00000000,0
8498,0,1886354,47,0,0.00000000,0
8499,0,1886382,1,0,0.00000000,0
8500,0,1886392,1,0,0.00000000,0
8501,0,1886404,1,0,0.00000000,0
8502,0,1886413,1,0,0.00000000,0
8503,0,1886414,1,0,0.00000000,0
8504,0,1886425,1,0,0.00000000,0
8505,0,1886440,1,0,0.00000000,0
8506,0,1886448,62,0,0.00000000,0
8507,0,1886454,1,0,0.00000000,0
8508,0,1886473,1,0,0.00000000,0
8509,0,1886478,1,0,0.00000000,0
8510,0,1886484,50,0,0.00000000,0
8511,0,1886486,1315,0,0.00000000,0
8512,0,1886487,9,0,0.00000000,0
8513,0,1886488,209,0,0.00000000,0
8514,0,1886489,247,0,0.00000000,0
8515,0,1886506,1,0,0.00000000,0
8516,0,1886521,1,0,0.00000000,0
8517,0,1886533,1,0,0.00000000,0
8518,0,1886545,408,2,0.00490196,1
8519,0,1886556,99,0,0.00000000,0
8520,0,1886559,32,1,0.03125000,1
8521,0,1886564,2,0,0.00000000,0
8522,0,1886575,187,2,0.01069519,1
8523,0,1886615,1,0,0.00000000,0
8524,0,1886616,51,0,0.00000000,0
8525,0,1886617,2,0,0.00000000,0
8526,0,1886619,171,0,0.00000000,0
8527,0,1886620,28,1,0.03571429,1
8528,0,1886622,6,0,0.00000000,0
8529,0,1886623,7,0,0.00000000,0
8530,0,1886624,4,0,0.00000000,0
8531,0,1886625,1,0,0.00000000,0
8532,0,1886626,3,0,0.00000000,0
8533,0,1886627,1,0,0.00000000,0
8534,0,1886628,2,0,0.00000000,0
8535,0,1886629,1,0,0.00000000,0
8536,0,1886631,3,0,0.00000000,0
8537,0,1886632,1,0,0.00000000,0
8538,0,1886634,2,0,0.00000000,0
8539,0,1886635,169,0,0.00000000,0
8540,0,1886636,1496,0,0.00000000,0
8541,0,1886642,18,0,0.00000000,0
8542,0,1886645,10,0,0.00000000,0
8543,0,1886649,14,0,0.00000000,0
8544,0,1886652,11,0,0.00000000,0
8545,0,1886654,21,0,0.00000000,0
8546,0,1886656,7,0,0.00000000,0
8547,0,1886658,8,0,0.00000000,0
8548,0,1886660,11,0,0.00000000,0
8549,0,1886665,7,0,0.00000000,0
8550,0,1886668,3,0,0.00000000,0
8551,0,1886674,15,0,0.00000000,0
8552,0,1886676,6,0,0.00000000,0
8553,0,1886678,3,0,0.00000000,0
8554,0,1886682,15,0,0.00000000,0
8555,0,1886683,3,0,0.00000000,0
8556,0,1886686,4,0,0.00000000,0
8557,0,1886687,8,0,0.00000000,0
8558,0,1886688,29,0,0.00000000,0
8559,0,1886689,21,0,0.00000000,0
8560,0,1886690,15,0,0.00000000,0
8561,0,1886691,7,0,0.00000000,0
8562,0,1886692,12,0,0.00000000,0
8563,0,1886693,19,0,0.00000000,0
8564,0,1886694,17,0,0.00000000,0
8565,0,1886695,10,0,0.00000000,0
8566,0,1886696,56,0,0.00000000,0
8567,0,1886697,55,3,0.05454545,1
8568,0,1886698,37,0,0.00000000,0
8569,0,1886700,16,0,0.00000000,0
8570,0,1886702,1026,1024,0.99805068,1
8571,0,1886703,1,0,0.00000000,0
8572,0,1886704,8,0,0.00000000,0
8573,0,1886706,8,0,0.00000000,0
8574,0,1886719,25,0,0.00000000,0
8575,0,1886724,8,0,0.00000000,0
8576,0,1886725,108,5,0.04629630,1
8577,0,1886726,17,0,0.00000000,0
8578,0,1886728,21,0,0.00000000,0
8579,0,1886732,32,0,0.00000000,0
8580,0,1886733,32,0,0.00000000,0
8581,0,1886737,15,0,0.00000000,0
8582,0,1886743,4,0,0.00000000,0
8583,0,1886757,2,0,0.00000000,0
8584,0,1886758,28,0,0.00000000,0
8585,0,1886760,40,0,0.00000000,0
8586,0,1886761,12,12,1.00000000,1
8587,0,1886764,4,0,0.00000000,0
8588,0,1886767,76,0,0.00000000,0
8589,0,1886770,300,0,0.00000000,0
8590,0,1886772,35,0,0.00000000,0
8591,0,1886773,19,0,0.00000000,0
8592,0,1886774,14,0,0.00000000,0
8593,0,1886777,1024,0,0.00000000,0
8594,0,1886778,1009,0,0.00000000,0
8595,0,1886779,1024,0,0.00000000,0
8596,0,1886780,1028,0,0.00000000,0
8597,0,1886781,6,0,0.00000000,0
8598,0,1886782,1024,0,0.00000000,0
8599,0,1886783,1019,0,0.00000000,0
8600,0,1886784,10,0,0.00000000,0
8601,0,1886785,61,0,0.00000000,0
8602,0,1886786,85,0,0.00000000,0
8603,0,1886787,118,0,0.00000000,0
8604,0,1886788,61,0,0.00000000,0
8605,0,1886789,4,0,0.00000000,0
8606,0,1886793,15,0,0.00000000,0
8607,0,1886794,1723,0,0.00000000,0
8608,0,1886796,1,0,0.00000000,0
8609,0,1886806,4,0,0.00000000,0
8610,0,1886807,1,1,1.00000000,1
8611,0,1886808,196,0,0.00000000,0
8612,0,1886809,1,0,0.00000000,0
8613,0,1886810,128,0,0.00000000,0
8614,0,1886815,1,0,0.00000000,0
8615,0,1886816,32,0,0.00000000,0
8616,0,1886823,1,0,0.00000000,0
8617,0,1886824,1,0,0.00000000,0
8618,0,1886826,6,0,0.00000000,0
8619,0,1886827,1,0,0.00000000,0
8620,0,1886828,8,0,0.00000000,0
8621,0,1886830,2,0,0.00000000,0
8622,0,1886833,3,0,0.00000000,0
8623,0,1886834,33,0,0.00000000,0
8624,0,1886841,1,0,0.00000000,0
8625,0,1886848,1,0,0.00000000,0
8626,0,1886850,20,0,0.00000000,0
8627,0,1886851,1580,1548,0.97974684,1
8628,0,1886852,2549,2548,0.99960769,1
8629,0,1886870,32,0,0.00000000,0
8630,0,1886874,7,0,0.00000000,0
8631,0,1886875,2,0,0.00000000,0
8632,0,1886877,35,0,0.00000000,0
8633,0,1886878,32,0,0.00000000,0
8634,0,1886879,32,0,0.00000000,0
8635,0,1886903,1,0,0.00000000,0
8636,0,1886906,54,2,0.03703704,1
8637,0,1886907,94,0,0.00000000,0
8638,0,1886908,3,0,0.00000000,0
8639,0,1886921,32,0,0.00000000,0
8640,0,1886922,32,0,0.00000000,0
8641,0,1886923,3,0,0.00000000,0
8642,0,1886924,64,0,0.00000000,0
8643,0,1886929,32,0,0.00000000,0
8644,0,1886935,1,0,0.00000000,0
8645,0,1886936,3,0,0.00000000,0
8646,0,1886938,8,0,0.00000000,0
8647,0,1886945,1,0,0.00000000,0
8648,0,1886948,32,0,0.00000000,0
8649,0,1886949,1,0,0.00000000,0
8650,0,1886952,16,0,0.00000000,0
8651,0,1886953,16,0,0.00000000,0
8652,0,1886954,34,0,0.00000000,0
8653,0,1886955,1024,1024,1.00000000,1
8654,0,1886956,16,0,0.00000000,0
8655,0,1886957,22,0,0.00000000,0
8656,0,1886958,18,0,0.00000000,0
8657,0,1886963,6,0,0.00000000,0
8658,0,1886964,2,0,0.00000000,0
8659,0,1886965,1,0,0.00000000,0
8660,0,1886966,1,0,0.00000000,0
8661,0,1886967,10,0,0.00000000,0
8662,0,1886968,66,0,0.00000000,0
8663,0,1886969,14,0,0.00000000,0
8664,0,1886971,4,0,0.00000000,0
8665,0,1886974,50,0,0.00000000,0
8666,0,1886979,73,0,0.00000000,0
8667,0,1886980,6,0,0.00000000,0
8668,0,1886982,46,2,0.04347826,1
8669,0,1886983,6,0,0.00000000,0
8670,0,1886984,103,0,0.00000000,0
8671,0,1886985,70,32,0.45714286,1
8672,0,1886986,79,0,0.00000000,0
8673,0,1886989,5,0,0.00000000,0
8674,0,1886992,4,0,0.00000000,0
8675,0,1887000,4,0,0.00000000,0
8676,0,1887004,21,0,0.00000000,0
8677,0,1887010,14,0,0.00000000,0
8678,0,1887040,1,0,0.00000000,0
8679,0,1887046,8,0,0.00000000,0
8680,0,1887048,211,17,0.08056872,1
8681,0,1887049,4,0,0.00000000,0
8682,0,1887050,195,2,0.01025641,1
8683,0,1887051,195,2,0.01025641,1
8684,0,1887054,70,0,0.00000000,0
8685,0,1887055,323,2,0.00619195,1
8686,0,1887057,1887,520,0.27556969,1
8687,0,1887058,34,32,0.94117647,1
8688,0,1887059,66,0,0.00000000,0
8689,0,1887061,1817,520,0.28618602,1
8690,0,1887062,1,0,0.00000000,0
8691,0,1887064,15,15,1.00000000,1
8692,0,1887072,71,2,0.02816901,1
8693,0,1887073,2,0,0.00000000,0
8694,0,1887076,137,0,0.00000000,0
8695,0,1887078,3,0,0.00000000,0
8696,0,1887083,69,69,1.00000000,1
8697,0,1887088,7,0,0.00000000,0
8698,0,1887091,9,0,0.00000000,0
8699,0,1887095,14,0,0.00000000,0
8700,0,1887096,10,0,0.00000000,0
8701,0,1887098,7,0,0.00000000,0
8702,0,1887099,6,0,0.00000000,0
8703,0,1887103,10,0,0.00000000,0
8704,0,1887104,6,0,0.00000000,0
8705,0,1887107,8,0,0.00000000,0
8706,0,1887110,14,0,0.00000000,0
8707,0,1887112,8,0,0.00000000,0
8708,0,1887114,8,0,0.00000000,0
8709,0,1887117,208,0,0.00000000,0
8710,0,1887118,79,0,0.00000000,0
8711,0,1887120,1,0,0.00000000,0
8712,0,1887123,3,0,0.00000000,0
8713,0,1887125,23,0,0.00000000,0
8714,0,1887127,8,0,0.00000000,0
8715,0,1887128,3,0,0.00000000,0
8716,0,1887129,2,0,0.00000000,0
8717,0,1887130,4,0,0.00000000,0
8718,0,1887131,2,0,0.00000000,0
8719,0,1887132,1,0,0.00000000,0
8720,0,1887134,1,0,0.00000000,0
8721,0,1887136,3,0,0.00000000,0
8722,0,1887138,1,0,0.00000000,0
8723,0,1887140,28,0,0.00000000,0
8724,0,1887141,1,0,0.00000000,0
8725,0,1887144,1,0,0.00000000,0
8726,0,1887148,1,0,0.00000000,0
8727,0,1887150,5,0,0.00000000,0
8728,0,1887152,3,0,0.00000000,0
8729,0,1887154,4,0,0.00000000,0
8730,0,1887155,91,4,0.04395604,1
8731,0,1887161,2,0,0.00000000,0
8732,0,1887163,1,0,0.00000000,0
8733,0,1887168,2,0,0.00000000,0
8734,0,1887169,1,0,0.00000000,0
8735,0,1887189,1,0,0.00000000,0
8736,0,1887191,1,0,0.00000000,0
8737,0,1887193,20,16,0.80000000,1
8738,0,1887195,1058,0,0.00000000,0
8739,0,1887196,65,0,0.00000000,0
8740,0,1887197,55,0,0.00000000,0
8741,0,1887198,2,0,0.00000000,0
8742,0,1887199,1,0,0.00000000,0
8743,0,1887200,288,0,0.00000000,0
8744,0,1887201,731,519,0.70998632,1
8745,0,1887203,2,0,0.00000000,0
8746,0,1887205,22,0,0.00000000,0
8747,0,1887206,596,2,0.00335570,1
8748,0,1887207,32,0,0.00000000,0
8749,0,1887208,506,0,0.00000000,0
8750,0,1887209,229,0,0.00000000,0
8751,0,1887211,1024,0,0.00000000,0
8752,0,1887212,559,0,0.00000000,0
8753,0,1887214,768,0,0.00000000,0
8754,0,1887215,493,1,0.00202840,1
8755,0,1887216,2,0,0.00000000,0
8756,0,1887217,4,0,0.00000000,0
8757,0,1887218,71,0,0.00000000,0
8758,0,1887235,1024,0,0.00000000,0
8759,0,1887239,19,0,0.00000000,0
8760,0,1887251,16,0,0.00000000,0
8761,0,1887252,7,0,0.00000000,0
8762,0,1887255,7,0,0.00000000,0
8763,0,1887258,15,0,0.00000000,0
8764,0,1887261,14,0,0.00000000,0
8765,0,1887263,3,0,0.00000000,0
8766,0,1887267,1,0,0.00000000,0
8767,0,1887269,1,0,0.00000000,0
8768,0,1887271,1,0,0.00000000,0
8769,0,1887272,1,0,0.00000000,0
8770,0,1887289,17,0,0.00000000,0
8771,0,1887294,9,0,0.00000000,0
8772,0,1887295,1,0,0.00000000,0
8773,0,1887297,1,0,0.00000000,0
8774,0,1887298,1,0,0.00000000,0
8775,0,1887300,4,0,0.00000000,0
8776,0,1887301,16,0,0.00000000,0
8777,0,1887302,4,0,0.00000000,0
8778,0,1887303,4,0,0.00000000,0
8779,0,1887304,1,0,0.00000000,0
8780,0,1887305,1,0,0.00000000,0
8781,0,1887306,1,0,0.00000000,0
8782,0,1887326,2,0,0.00000000,0
8783,0,1887328,1,0,0.00000000,0
8784,0,1887331,1,0,0.00000000,0
8785,0,1887335,1,0,0.00000000,0
8786,0,1887338,1,0,0.00000000,0
8787,0,1887348,2,0,0.00000000,0
8788,0,1887350,2,0,0.00000000,0
8789,0,1887352,1,0,0.00000000,0
8790,0,1887356,1,0,0.00000000,0
8791,0,1887360,1214,0,0.00000000,0
8792,0,1887361,2,0,0.00000000,0
8793,0,1887371,1,0,0.00000000,0
8794,0,1887378,1,0,0.00000000,0
8795,0,1887383,1,0,0.00000000,0
8796,0,1887384,1,0,0.00000000,0
8797,0,1887385,1,0,0.00000000,0
8798,0,1887387,1,0,0.00000000,0
8799,0,1887391,1,0,0.00000000,0
8800,0,1887393,1,0,0.00000000,0
8801,0,1887394,306,0,0.00000000,0
8802,0,1887395,232,0,0.00000000,0
8803,0,1887404,1,0,0.00000000,0
8804,0,1887409,1,0,0.00000000,0
8805,0,1887411,1,0,0.00000000,0
8806,0,1887413,218,1,0.00458716,1
8807,0,1887414,1,1,1.00000000,1
8808,0,1887424,84,1,0.01190476,1
8809,0,1887425,102,1,0.00980392,1
8810,0,1887437,2,0,0.00000000,0
8811,0,1887462,2,0,0.00000000,0
8812,0,1887463,499,2,0.00400802,1
8813,0,1887467,2,0,0.00000000,0
8814,0,1887468,2,0,0.00000000,0
8815,0,1887472,1,0,0.00000000,0
8816,0,1887477,131,1,0.00763359,1
8817,0,1887478,55,1,0.01818182,1
8818,0,1887492,150,0,0.00000000,0
8819,0,1887519,264,0,0.00000000,0
8820,0,1887521,5,0,0.00000000,0
8821,0,1887522,1,0,0.00000000,0
8822,0,1887526,1,0,0.00000000,0
8823,0,1887530,1,0,0.00000000,0
8824,0,1887533,1,0,0.00000000,0
8825,0,1887534,1,0,0.00000000,0
8826,0,1887538,1,0,0.00000000,0
8827,0,1887548,1,0,0.00000000,0
8828,0,1887559,2,0,0.00000000,0
8829,0,1887566,1,0,0.00000000,0
8830,0,1887567,1,0,0.00000000,0
8831,0,1887571,1,0,0.00000000,0
8832,0,1887573,1,0,0.00000000,0
8833,0,1887576,1851,0,0.00000000,0
8834,0,1887577,25,0,0.00000000,0
8835,0,1887578,710,0,0.00000000,0
8836,0,1887581,3,0,0.00000000,0
8837,0,1887582,1028,0,0.00000000,0
8838,0,1887585,140,2,0.01428571,1
8839,0,1887589,88,2,0.02272727,1
8840,0,1887597,1,0,0.00000000,0
8841,0,1887603,2,0,0.00000000,0
8842,0,1887613,1,0,0.00000000,0
8843,0,1887624,260,0,0.00000000,0
8844,0,1887625,5,1,0.20000000,1
8845,0,1887626,318,158,0.49685535,1
8846,0,1887627,21,0,0.00000000,0
8847,0,1887628,5,0,0.00000000,0
8848,0,1887629,8,0,0.00000000,0
8849,0,1887630,1037,0,0.00000000,0
8850,0,1887631,54,0,0.00000000,0
8851,0,1887632,1024,0,0.00000000,0
8852,0,1887634,4,0,0.00000000,0
8853,0,1887639,809,809,1.00000000,1
8854,0,1887640,3575,215,0.06013986,1
8855,0,1887641,3663,172,0.04695605,1
8856,0,1887642,2771,0,0.00000000,0
8857,0,1887643,3635,0,0.00000000,0
8858,0,1887644,1243,1,0.00080451,1
8859,0,1887645,5,0,0.00000000,0
8860,0,1887646,29,0,0.00000000,0
8861,0,1887647,574,0,0.00000000,0
8862,0,1887659,425,3,0.00705882,1
8863,0,1887660,245,0,0.00000000,0
8864,0,1887662,10,0,0.00000000,0
8865,0,1887664,4,0,0.00000000,0
8866,0,1887666,399,388,0.97243108,1
8867,0,1887667,726,481,0.66253444,1
8868,0,1887673,13,0,0.00000000,0
8869,0,1887674,89,89,1.00000000,1
8870,0,1887681,148,147,0.99324324,1
8871,0,1887682,1764,788,0.44671202,1
8872,0,1887685,15,0,0.00000000,0
8873,0,1887688,688,682,0.99127907,1
8874,0,1887689,611,604,0.98854337,1
8875,0,1887690,570,570,1.00000000,1
8876,0,1887696,192,192,1.00000000,1
8877,0,1887700,277,1,0.00361011,1
8878,0,1887703,4,0,0.00000000,0
8879,0,1887706,1,0,0.00000000,0
8880,0,1887707,1,0,0.00000000,0
8881,0,1887708,4,0,0.00000000,0
8882,0,1887709,9,0,0.00000000,0
8883,0,1887712,5,0,0.00000000,0
8884,0,1887715,6,0,0.00000000,0
8885,0,1887727,30,0,0.00000000,0
8886,0,1887728,36,0,0.00000000,0
8887,0,1887734,589,0,0.00000000,0
8888,0,1887736,4,0,0.00000000,0
8889,0,1887737,3,0,0.00000000,0
8890,0,1887738,19,0,0.00000000,0
8891,0,1887739,7,0,0.00000000,0
8892,0,1887768,881,0,0.00000000,0
8893,0,1887770,1,0,0.00000000,0
8894,0,1887771,1,0,0.00000000,0
8895,0,1887773,180,0,0.00000000,0
8896,0,1887774,565,0,0.00000000,0
8897,0,1887776,3,0,0.00000000,0
8898,0,1887777,2,0,0.00000000,0
8899,0,1887778,551,0,0.00000000,0
8900,0,1887779,1,0,0.00000000,0
8901,0,1887780,1,0,0.00000000,0
8902,0,1887784,884,0,0.00000000,0
8903,0,1887787,1,0,0.00000000,0
8904,0,1887788,2,0,0.00000000,0
8905,0,1887789,1,0,0.00000000,0
8906,0,1887791,726,0,0.00000000,0
8907,0,1887792,569,0,0.00000000,0
8908,0,1887793,10,0,0.00000000,0
8909,0,1887794,8,0,0.00000000,0
8910,0,1887795,10,0,0.00000000,0
8911,0,1887796,7,0,0.00000000,0
8912,0,1887798,33,0,0.00000000,0
8913,0,1887804,866,0,0.00000000,0
8914,0,1887805,76,0,0.00000000,0
8915,0,1887806,24,0,0.00000000,0
8916,0,1887808,27,0,0.00000000,0
8917,0,1887809,8,0,0.00000000,0
8918,0,1887810,8,0,0.00000000,0
8919,0,1887811,4,0,0.00000000,0
8920,0,1887812,26,0,0.00000000,0
8921,0,1887815,20,0,0.00000000,0
8922,0,1887816,31,0,0.00000000,0
8923,0,1887817,4,0,0.00000000,0
8924,0,1887824,27,16,0.59259259,1
8925,0,1887825,58,0,0.00000000,0
8926,0,1887826,43,0,0.00000000,0
8927,0,1887827,163,0,0.00000000,0
8928,0,1887828,83,0,0.00000000,0
8929,0,1887829,4,0,0.00000000,0
8930,0,1887830,99,0,0.00000000,0
8931,0,1887831,169,0,0.00000000,0
8932,0,1887832,8,0,0.00000000,0
8933,0,1887833,1096,2,0.00182482,1
8934,0,1887834,104,0,0.00000000,0
8935,0,1887835,4,0,0.00000000,0
8936,0,1887836,8,0,0.00000000,0
8937,0,1887837,96,0,0.00000000,0
8938,0,1887838,78,0,0.00000000,0
8939,0,1887839,50,0,0.00000000,0
8940,0,1887841,10,0,0.00000000,0
8941,0,1887842,5,0,0.00000000,0
8942,0,1887843,21,0,0.00000000,0
8943,0,1887844,30,1,0.03333333,1
8944,0,1887845,23,7,0.30434783,1
8945,0,1887848,2,0,0.00000000,0
8946,0,1887849,53,0,0.00000000,0
8947,0,1887852,960,0,0.00000000,0
8948,0,1887853,39,0,0.00000000,0
8949,0,1887854,16,0,0.00000000,0
8950,0,1887858,3,0,0.00000000,0
8951,0,1887859,8,0,0.00000000,0
8952,0,1887860,9,0,0.00000000,0
8953,0,1887861,14,7,0.50000000,1
8954,0,1887862,14,6,0.42857143,1
8955,0,1887865,16,0,0.00000000,0
8956,0,1887867,17,8,0.47058824,1
8957,0,1887868,8,0,0.00000000,0
8958,0,1887870,15,7,0.46666667,1
8959,0,1887872,503,0,0.00000000,0
8960,0,1887874,8,0,0.00000000,0
8961,0,1887875,3,0,0.00000000,0
8962,0,1887876,3,0,0.00000000,0
8963,0,1887878,3,0,0.00000000,0
8964,0,1887880,26,0,0.00000000,0
8965,0,1887932,768,0,0.00000000,0
8966,0,1887948,53,0,0.00000000,0
8967,0,1887949,21,0,0.00000000,0
8968,0,1887950,5,0,0.00000000,0
8969,0,1887954,1050,0,0.00000000,0
8970,0,1887956,7,0,0.00000000,0
8971,0,1887957,13,0,0.00000000,0
8972,0,1887958,9,0,0.00000000,0
8973,0,1887968,227,0,0.00000000,0
8974,0,1887972,5,1,0.20000000,1
8975,0,1887976,5,0,0.00000000,0
8976,0,1887977,9,0,0.00000000,0
8977,0,1887979,2,0,0.00000000,0
8978,0,1887980,5,0,0.00000000,0
8979,0,1887982,123,0,0.00000000,0
8980,0,1887983,187,31,0.16577540,1
8981,0,1887984,6,0,0.00000000,0
8982,0,1887985,25,8,0.32000000,1
8983,0,1887986,40,0,0.00000000,0
8984,0,1887999,15,6,0.40000000,1
8985,0,1888012,8,0,0.00000000,0
8986,0,1888041,120,2,0.01666667,1
8987,0,1888059,8,0,0.00000000,0
8988,0,1888067,1,0,0.00000000,0
8989,0,1888068,838,222,0.26491647,1
8990,0,1888069,394,292,0.74111675,1
8991,0,1888071,6,0,0.00000000,0
8992,0,1888072,1,0,0.00000000,0
8993,0,1888073,39,0,0.00000000,0
8994,0,1888076,3,0,0.00000000,0
8995,0,1888084,3,0,0.00000000,0
8996,0,1888086,1,0,0.00000000,0
8997,0,1888087,255,0,0.00000000,0
8998,0,1888088,413,0,0.00000000,0
8999,0,1888089,1262,514,0.40729002,1
9000,0,1888093,500,0,0.00000000,0
9001,0,1888117,815,0,0.00000000,0
9002,0,1888122,703,0,0.00000000,0
9003,0,1888133,4,0,0.00000000,0
9004,0,1888141,935,0,0.00000000,0
9005,0,1888157,30,0,0.00000000,0
9006,0,1888158,15,0,0.00000000,0
9007,0,1888161,16,0,0.00000000,0
9008,0,1888164,1049,1023,0.97521449,1
9009,0,1888167,584,0,0.00000000,0
9010,0,1888168,371,0,0.00000000,0
9011,0,1888170,4,0,0.00000000,0
9012,0,1888174,458,0,0.00000000,0
9013,0,1888175,383,0,0.00000000,0
9014,0,1888186,845,830,0.98224852,1
9015,0,1888187,204,192,0.94117647,1
9016,0,1888229,325,0,0.00000000,0
9017,0,1888230,705,0,0.00000000,0
9018,0,1888233,1,0,0.00000000,0
9019,0,1888234,1076,1023,0.95074349,1
9020,0,1888235,891,0,0.00000000,0
9021,0,1888245,708,0,0.00000000,0
9022,0,1888247,15,0,0.00000000,0
9023,0,1888250,1024,0,0.00000000,0
9024,0,1888267,856,0,0.00000000,0
9025,0,1888274,4,0,0.00000000,0
9026,0,1888276,26,0,0.00000000,0
9027,0,1888278,18,0,0.00000000,0
9028,0,1888280,11,0,0.00000000,0
9029,0,1888281,808,0,0.00000000,0
9030,0,1888282,74,0,0.00000000,0
9031,0,1888285,12,0,0.00000000,0
9032,0,1888287,20,0,0.00000000,0
9033,0,1888289,16,0,0.00000000,0
9034,0,1888292,19,0,0.00000000,0
9035,0,1888294,13,0,0.00000000,0
9036,0,1888297,16,0,0.00000000,0
9037,0,1888300,14,0,0.00000000,0
9038,0,1888348,422,292,0.69194313,1
9039,0,1888349,986,622,0.63083164,1
9040,0,1888352,483,0,0.00000000,0
9041,0,1888353,434,0,0.00000000,0
9042,0,1888354,1,0,0.00000000,0
9043,0,1888358,6,0,0.00000000,0
9044,0,1888360,18,0,0.00000000,0
9045,0,1888369,10,0,0.00000000,0
9046,0,1888373,33,0,0.00000000,0
9047,0,1888375,5,0,0.00000000,0
9048,0,1888390,3,0,0.00000000,0
9049,0,1888391,5,0,0.00000000,0
9050,0,1888393,2,0,0.00000000,0
9051,0,1888394,6,0,0.00000000,0
9052,0,1888408,1522,506,0.33245729,1
9053,0,1888409,3,0,0.00000000,0
9054,0,1888419,66,1,0.01515152,1
9055,0,1888420,1277,513,0.40172279,1
9056,0,1888432,10,0,0.00000000,0
9057,0,1888433,1190,514,0.43193277,1
9058,0,1888437,741,153,0.20647773,1
9059,0,1888438,511,361,0.70645793,1
9060,0,1888443,1229,514,0.41822620,1
9061,0,1888462,122,0,0.00000000,0
9062,0,1888493,79,0,0.00000000,0
9063,0,1888497,70,0,0.00000000,0
9064,0,1888498,9,0,0.00000000,0
9065,0,1888515,3,0,0.00000000,0
9066,0,1888555,1,0,0.00000000,0
9067,0,1888558,1155,512,0.44329004,1
9068,0,1888582,99,0,0.00000000,0
9069,0,1888583,1,0,0.00000000,0
9070,0,1888584,1172,514,0.43856655,1
9071,0,1888625,3,0,0.00000000,0
9072,0,1888630,87,0,0.00000000,0
9073,0,1888636,1,0,0.00000000,0
9074,0,1888655,17,0,0.00000000,0
9075,0,1888657,3,0,0.00000000,0
9076,0,1888658,63,0,0.00000000,0
9077,0,1888665,16,0,0.00000000,0
9078,0,1888666,16,0,0.00000000,0
9079,0,1888667,152,3,0.01973684,1
9080,0,1888668,990,25,0.02525253,1
9081,0,1888673,856,505,0.58995327,1
9082,0,1888674,99,0,0.00000000,0
9083,0,1888675,2,0,0.00000000,0
9084,0,1888676,8,0,0.00000000,0
9085,0,1888677,4,0,0.00000000,0
9086,0,1888678,6,0,0.00000000,0
9087,0,1888684,1,0,0.00000000,0
9088,0,1888685,80,0,0.00000000,0
9089,0,1888689,18,0,0.00000000,0
9090,0,1888690,1,0,0.00000000,0
9091,0,1888698,1,0,0.00000000,0
9092,0,1888704,34,1,0.02941176,1
9093,0,1888705,62,0,0.00000000,0
9094,0,1888706,135,0,0.00000000,0
9095,0,1888707,34,7,0.20588235,1
9096,0,1888709,57,0,0.00000000,0
9097,0,1888714,12,0,0.00000000,0
9098,0,1888717,253,0,0.00000000,0
9099,0,1888781,14,0,0.00000000,0
9100,0,1888785,27,0,0.00000000,0
9101,0,1888792,24,0,0.00000000,0
9102,0,1888793,8,0,0.00000000,0
9103,0,1888801,23,3,0.13043478,1
9104,0,1888812,68,0,0.00000000,0
9105,0,1888813,24,0,0.00000000,0
9106,0,1888815,6,0,0.00000000,0
9107,0,1888816,6,0,0.00000000,0
9108,0,1888817,8,0,0.00000000,0
9109,0,1888821,8,0,0.00000000,0
9110,0,1888822,78,0,0.00000000,0
9111,0,1888823,6,0,0.00000000,0
9112,0,1888825,70,0,0.00000000,0
9113,0,1888826,12,0,0.00000000,0
9114,0,1888833,1719,385,0.22396742,1
9115,0,1888834,7,0,0.00000000,0
9116,0,1888836,802,0,0.00000000,0
9117,0,1888837,4,0,0.00000000,0
9118,0,1888839,6,0,0.00000000,0
9119,0,1888840,86,0,0.00000000,0
9120,0,1888841,80,0,0.00000000,0
9121,0,1888842,32,0,0.00000000,0
9122,0,1888843,974,0,0.00000000,0
9123,0,1888844,388,3,0.00773196,1
9124,0,1888846,503,0,0.00000000,0
9125,0,1888847,17,0,0.00000000,0
9126,0,1888849,5,0,0.00000000,0
9127,0,1888850,113,0,0.00000000,0
9128,0,1888851,168,0,0.00000000,0
9129,0,1888853,25,0,0.00000000,0
9130,0,1888854,564,0,0.00000000,0
9131,0,1888855,1,0,0.00000000,0
9132,0,1888857,1447,944,0.65238424,1
9133,0,1888860,18,0,0.00000000,0
9134,0,1888861,1,0,0.00000000,0
9135,0,1888862,1028,2,0.00194553,1
9136,0,1888865,1,0,0.00000000,0
9137,0,1888871,349,0,0.00000000,0
9138,0,1888880,336,0,0.00000000,0
9139,0,1888881,1,0,0.00000000,0
9140,0,1888891,389,0,0.00000000,0
9141,0,1888892,5,0,0.00000000,0
9142,0,1888893,1,0,0.00000000,0
9143,0,1888904,306,0,0.00000000,0
9144,0,1888905,83,0,0.00000000,0
9145,0,1888906,1,0,0.00000000,0
9146,0,1888913,394,0,0.00000000,0
9147,0,1888924,370,0,0.00000000,0
9148,0,1888925,859,0,0.00000000,0
9149,0,1888926,1,1,1.00000000,1
9150,0,1888928,4,0,0.00000000,0
9151,0,1888931,8,0,0.00000000,0
9152,0,1888937,13,0,0.00000000,0
9153,0,1888938,68,66,0.97058824,1
9154,0,1888942,12,0,0.00000000,0
9155,0,1888944,22,0,0.00000000,0
9156,0,1888945,194,0,0.00000000,0
9157,0,1888946,132,0,0.00000000,0
9158,0,1888947,29,0,0.00000000,0
9159,0,1888949,34,0,0.00000000,0
9160,0,1888950,452,0,0.00000000,0
9161,0,1888951,408,0,0.00000000,0
9162,0,1888955,78,0,0.00000000,0
9163,0,1888956,615,0,0.00000000,0
9164,0,1888972,64,0,0.00000000,0
9165,0,1888974,13,0,0.00000000,0
9166,0,1888975,5,0,0.00000000,0
9167,0,1888977,12,0,0.00000000,0
9168,0,1888982,42,0,0.00000000,0
9169,0,1888983,4,0,0.00000000,0
9170,0,1888984,12,0,0.00000000,0
9171,0,1888992,3,0,0.00000000,0
9172,0,1888994,31,0,0.00000000,0
9173,0,1888995,10,0,0.00000000,0
9174,0,1888996,55,0,0.00000000,0
9175,0,1888997,20,0,0.00000000,0
9176,0,1888998,68,0,0.00000000,0
9177,0,1889015,1924,0,0.00000000,0
9178,0,1889016,1147,0,0.00000000,0
9179,0,1889022,123,0,0.00000000,0
9180,0,1889023,35,0,0.00000000,0
9181,0,1889024,10,0,0.00000000,0
9182,0,1889025,20,0,0.00000000,0
9183,0,1889026,15,0,0.00000000,0
9184,0,1889027,11,0,0.00000000,0
9185,0,1889028,9,0,0.00000000,0
9186,0,1889029,2,0,0.00000000,0
9187,0,1889030,6,0,0.00000000,0
9188,0,1889031,4,0,0.00000000,0
9189,0,1889032,4,0,0.00000000,0
9190,0,1889033,12,0,0.00000000,0
9191,0,1889034,5,0,0.00000000,0
9192,0,1889035,11,0,0.00000000,0
9193,0,1889036,7,0,0.00000000,0
9194,0,1889037,21,0,0.00000000,0
9195,0,1889038,773,0,0.00000000,0
9196,0,1889039,531,0,0.00000000,0
9197,0,1889071,5,1,0.20000000,1
9198,0,1889073,79,0,0.00000000,0
9199,0,1889074,66,0,0.00000000,0
9200,0,1889075,102,0,0.00000000,0
9201,0,1889076,138,0,0.00000000,0
9202,0,1889077,17,0,0.00000000,0
9203,0,1889079,41249,0,0.00000000,0
9204,0,1889080,64876,0,0.00000000,0
9205,0,1889081,23482,0,0.00000000,0
9206,0,1889082,1058,0,0.00000000,0
9207,0,1889087,1033,9,0.00871249,1
9208,0,1889090,10919,0,0.00000000,0
9209,0,1889091,71482,0,0.00000000,0
9210,0,1889092,47236,0,0.00000000,0
9211,0,1889095,3111,9,0.00289296,1
9212,0,1889096,1040,8,0.00769231,1
9213,0,1889097,1039,8,0.00769971,1
9214,0,1889102,1,0,0.00000000,0
9215,0,1889103,2059,8,0.00388538,1
9216,0,1889105,1,0,0.00000000,0
9217,0,1889123,187,0,0.00000000,0
9218,0,1889124,352,0,0.00000000,0
9219,0,1889125,275,0,0.00000000,0
9220,0,1889126,269,0,0.00000000,0
9221,0,1889129,98,0,0.00000000,0
9222,0,1889130,3,0,0.00000000,0
9223,0,1889155,106,0,0.00000000,0
9224,0,1889156,104,0,0.00000000,0
9225,0,1889157,680,678,0.99705882,1
9226,0,1889160,87,0,0.00000000,0
9227,0,1889163,98,0,0.00000000,0
9228,0,1889168,89,0,0.00000000,0
9229,0,1889194,7,1,0.14285714,1
9230,0,1889195,679,503,0.74079529,1
9231,0,1889210,1,0,0.00000000,0
9232,0,1889212,97,0,0.00000000,0
9233,0,1889230,64,0,0.00000000,0
9234,0,1889231,32,0,0.00000000,0
9235,0,1889239,1,0,0.00000000,0
9236,0,1889240,3,0,0.00000000,0
9237,0,1889241,3,0,0.00000000,0
9238,0,1889242,3,0,0.00000000,0
9239,0,1889243,3,0,0.00000000,0
9240,0,1889244,82,0,0.00000000,0
9241,0,1889259,1120,1022,0.91250000,1
9242,0,1889262,5,1,0.20000000,1
9243,0,1889268,98,0,0.00000000,0
9244,0,1889270,3,0,0.00000000,0
9245,0,1889272,4,0,0.00000000,0
9246,0,1889274,116,0,0.00000000,0
9247,0,1889275,2,0,0.00000000,0
9248,0,1889276,2,0,0.00000000,0
9249,0,1889277,1,0,0.00000000,0
9250,0,1889278,18,0,0.00000000,0
9251,0,1889279,19,0,0.00000000,0
9252,0,1889286,26,0,0.00000000,0
9253,0,1889287,23,0,0.00000000,0
9254,0,1889288,129,0,0.00000000,0
9255,0,1889289,277,0,0.00000000,0
9256,0,1889290,398,257,0.64572864,1
9257,0,1889292,55,0,0.00000000,0
9258,0,1889297,240,0,0.00000000,0
9259,0,1889298,276,0,0.00000000,0
9260,0,1889299,68,0,0.00000000,0
9261,0,1889301,71,0,0.00000000,0
9262,0,1889307,102,0,0.00000000,0
9263,0,1889314,113,0,0.00000000,0
9264,0,1889315,2,0,0.00000000,0
9265,0,1889322,136,0,0.00000000,0
9266,0,1889325,2,0,0.00000000,0
9267,0,1889327,77,0,0.00000000,0
9268,0,1889329,6,0,0.00000000,0
9269,0,1889330,8,0,0.00000000,0
9270,0,1889357,2,2,1.00000000,1
9271,0,1889358,12,8,0.66666667,1
9272,0,1889363,34,0,0.00000000,0
9273,0,1889365,35,0,0.00000000,0
9274,0,1889368,4,0,0.00000000,0
9275,0,1889369,9,0,0.00000000,0
9276,0,1889370,724,713,0.98480663,1
9277,0,1889371,16,0,0.00000000,0
9278,0,1889372,15,0,0.00000000,0
9279,0,1889373,15,0,0.00000000,0
9280,0,1889375,925,5,0.00540541,1
9281,0,1889376,6,0,0.00000000,0
9282,0,1889378,13,0,0.00000000,0
9283,0,1889379,43,0,0.00000000,0
9284,0,1889380,19,0,0.00000000,0
9285,0,1889381,1024,0,0.00000000,0
9286,0,1889383,7,0,0.00000000,0
9287,0,1889384,66,0,0.00000000,0
9288,0,1889385,166,0,0.00000000,0
9289,0,1889386,154,0,0.00000000,0
9290,0,1889387,43,0,0.00000000,0
9291,0,1889391,16,0,0.00000000,0
9292,0,1889392,27,0,0.00000000,0
9293,0,1889393,483,0,0.00000000,0
9294,0,1889394,238,0,0.00000000,0
9295,0,1889395,8,0,0.00000000,0
9296,0,1889396,15,0,0.00000000,0
9297,0,1889397,2461,1,0.00040634,1
9298,0,1889399,9,0,0.00000000,0
9299,0,1889400,6,0,0.00000000,0
9300,0,1889401,30,0,0.00000000,0
9301,0,1889402,169,0,0.00000000,0
9302,0,1889403,219,0,0.00000000,0
9303,0,1889404,2,0,0.00000000,0
9304,0,1889405,398,0,0.00000000,0
9305,0,1889406,5,0,0.00000000,0
9306,0,1889407,64,0,0.00000000,0
9307,0,1889408,136,0,0.00000000,0
9308,0,1889409,133,0,0.00000000,0
9309,0,1889410,12,0,0.00000000,0
9310,0,1889411,7,0,0.00000000,0
9311,0,1889412,40,0,0.00000000,0
9312,0,1889413,11,0,0.00000000,0
9313,0,1889414,45,0,0.00000000,0
9314,0,1889416,6,0,0.00000000,0
9315,0,1889417,238,236,0.99159664,1
9316,0,1889430,3,0,0.00000000,0
9317,0,1889434,389,0,0.00000000,0
9318,0,1889435,68,0,0.00000000,0
9319,0,1889436,64,0,0.00000000,0
9320,0,1889438,257,0,0.00000000,0
9321,0,1889439,195,2,0.01025641,1
9322,0,1889440,211,2,0.00947867,1
9323,0,1889441,51,0,0.00000000,0
9324,0,1889444,3,0,0.00000000,0
9325,0,1889458,203,0,0.00000000,0
9326,0,1889462,122,0,0.00000000,0
9327,0,1889465,91,0,0.00000000,0
9328,0,1889467,72,0,0.00000000,0
9329,0,1889471,4,0,0.00000000,0
9330,0,1889478,1,0,0.00000000,0
9331,0,1889486,436,0,0.00000000,0
9332,0,1889500,483,0,0.00000000,0
9333,0,1889501,36,0,0.00000000,0
9334,0,1889502,15,0,0.00000000,0
9335,0,1889503,20,0,0.00000000,0
9336,0,1889504,7,0,0.00000000,0
9337,0,1889506,122,0,0.00000000,0
9338,0,1889507,101,0,0.00000000,0
9339,0,1889508,95,0,0.00000000,0
9340,0,1889509,1,0,0.00000000,0
9341,0,1889510,298,0,0.00000000,0
9342,0,1889511,2,0,0.00000000,0
9343,0,1889512,301,0,0.00000000,0
9344,0,1889513,1,0,0.00000000,0
9345,0,1889514,1331,0,0.00000000,0
9346,0,1889515,2,0,0.00000000,0
9347,0,1889516,435,0,0.00000000,0
9348,0,1889521,14,0,0.00000000,0
9349,0,1889522,2,0,0.00000000,0
9350,0,1889523,1,0,0.00000000,0
9351,0,1889524,1,0,0.00000000,0
9352,0,1889525,499,0,0.00000000,0
9353,0,1889526,2221,163,0.07339036,1
9354,0,1889535,780,8,0.01025641,1
9355,0,1889538,401,10,0.02493766,1
9356,0,1889539,479,21,0.04384134,1
9357,0,1889540,20,0,0.00000000,0
9358,0,1889541,174,111,0.63793103,1
9359,0,1889542,8,4,0.50000000,1
9360,0,1889543,369,369,1.00000000,1
9361,0,1889544,259,257,0.99227799,1
9362,0,1889545,256,256,1.00000000,1
9363,0,1889573,13,0,0.00000000,0
9364,0,1889680,9,0,0.00000000,0
9365,0,1889681,1,1,1.00000000,1
9366,0,1889682,4,0,0.00000000,0
9367,0,1889691,99,0,0.00000000,0
9368,0,1889692,260,0,0.00000000,0
9369,0,1889693,165,0,0.00000000,0
9370,0,1889694,3,0,0.00000000,0
9371,0,1889695,377,0,0.00000000,0
9372,0,1889696,145,10,0.06896552,1
9373,0,1889697,1589,0,0.00000000,0
9374,0,1889698,3,0,0.00000000,0
9375,0,1889699,330,0,0.00000000,0
9376,0,1889700,4,0,0.00000000,0
9377,0,1889701,2,0,0.00000000,0
9378,0,1889702,1601,0,0.00000000,0
9379,0,1889705,15,0,0.00000000,0
9380,0,1889706,12,0,0.00000000,0
9381,0,1889709,25,0,0.00000000,0
9382,0,1889715,86,0,0.00000000,0
9383,0,1889723,42,0,0.00000000,0
9384,0,1889724,34,0,0.00000000,0
9385,0,1889725,343,133,0.38775510,1
9386,0,1889726,1,0,0.00000000,0
9387,0,1889728,87,0,0.00000000,0
9388,0,1889729,7,0,0.00000000,0
9389,0,1889732,6,0,0.00000000,0
9390,0,1889733,3,0,0.00000000,0
9391,0,1889738,13,0,0.00000000,0
9392,0,1889739,128,0,0.00000000,0
9393,0,1889744,390,4,0.01025641,1
9394,0,1889745,390,4,0.01025641,1
9395,0,1889767,16,0,0.00000000,0
9396,0,1889788,2,2,1.00000000,1
9397,0,1889789,4,0,0.00000000,0
9398,0,1889790,20,0,0.00000000,0
9399,0,1889791,82,0,0.00000000,0
9400,0,1889792,87,0,0.00000000,0
9401,0,1889793,742,6,0.00808625,1
9402,0,1889794,21,0,0.00000000,0
9403,0,1889795,1086,0,0.00000000,0
9404,0,1889796,139,0,0.00000000,0
9405,0,1889801,15,0,0.00000000,0
9406,0,1889802,60,0,0.00000000,0
9407,0,1889803,32,0,0.00000000,0
9408,0,1889804,4,0,0.00000000,0
9409,0,1889817,208,0,0.00000000,0
9410,0,1889818,33,0,0.00000000,0
9411,0,1889820,108,0,0.00000000,0
9412,0,1889831,13,0,0.00000000,0
9413,0,1889832,6,0,0.00000000,0
9414,0,1889833,4,0,0.00000000,0
9415,0,1889834,11,0,0.00000000,0
9416,0,1889842,26,0,0.00000000,0
9417,0,1889848,25,0,0.00000000,0
9418,0,1889852,4,0,0.00000000,0
9419,0,1889854,21,0,0.00000000,0
9420,0,1889855,41,0,0.00000000,0
9421,0,1889856,97,0,0.00000000,0
9422,0,1889857,107,0,0.00000000,0
9423,0,1889858,46,0,0.00000000,0
9424,0,1889862,2,0,0.00000000,0
9425,0,1889866,391,4,0.01023018,1
9426,0,1889867,75,0,0.00000000,0
9427,0,1889870,516,0,0.00000000,0
9428,0,1889872,6,0,0.00000000,0
9429,0,1889873,123,0,0.00000000,0
9430,0,1889874,149,0,0.00000000,0
9431,0,1889875,55,0,0.00000000,0
9432,0,1889876,3564,0,0.00000000,0
9433,0,1889877,3385,9,0.00265879,1
9434,0,1889879,43,0,0.00000000,0
9435,0,1889880,4443,0,0.00000000,0
9436,0,1889881,5388,0,0.00000000,0
9437,0,1889882,3257,257,0.07890697,1
9438,0,1889886,12,0,0.00000000,0
9439,0,1889889,11,0,0.00000000,0
9440,0,1889925,17,0,0.00000000,0
9441,0,1889933,1,1,1.00000000,1
9442,0,1889934,4,0,0.00000000,0
9443,0,1889935,32,0,0.00000000,0
9444,0,1889936,37,0,0.00000000,0
9445,0,1889937,28,0,0.00000000,0
9446,0,1889941,15,0,0.00000000,0
9447,0,1889942,24,0,0.00000000,0
9448,0,1889943,54,0,0.00000000,0
9449,0,1889944,7,0,0.00000000,0
9450,0,1889947,6,0,0.00000000,0
9451,0,1889948,53,0,0.00000000,0
9452,0,1889949,120,0,0.00000000,0
9453,0,1889950,15,0,0.00000000,0
9454,0,1889951,266,0,0.00000000,0
9455,0,1889952,378,0,0.00000000,0
9456,0,1889953,646,0,0.00000000,0
9457,0,1889954,12,0,0.00000000,0
9458,0,1889956,34,0,0.00000000,0
9459,0,1889961,8,0,0.00000000,0
9460,0,1889962,3,0,0.00000000,0
9461,0,1889963,6,0,0.00000000,0
9462,0,1889964,4,0,0.00000000,0
9463,0,1889967,8,0,0.00000000,0
9464,0,1889969,6,0,0.00000000,0
9465,0,1889973,12,0,0.00000000,0
9466,0,1889975,8,0,0.00000000,0
9467,0,1889983,22,0,0.00000000,0
9468,0,1889987,8,0,0.00000000,0
9469,0,1889990,22,0,0.00000000,0
9470,0,1889993,11,0,0.00000000,0
9471,0,1890021,2,0,0.00000000,0
9472,0,1890029,94,0,0.00000000,0
9473,0,1890037,19,17,0.89473684,1
9474,0,1890038,5,0,0.00000000,0
9475,0,1890040,20,0,0.00000000,0
9476,0,1890041,44,0,0.00000000,0
9477,0,1890042,7,0,0.00000000,0
9478,0,1890043,18,16,0.88888889,1
9479,0,1890049,2,0,0.00000000,0
9480,0,1890070,2,0,0.00000000,0
9481,0,1890076,171,0,0.00000000,0
9482,0,1890097,1,1,1.00000000,1
9483,0,1890098,4,0,0.00000000,0
9484,0,1890100,5,5,1.00000000,1
9485,0,1890101,111,111,1.00000000,1
9486,0,1890109,8,0,0.00000000,0
9487,0,1890110,10,0,0.00000000,0
9488,0,1890111,11,0,0.00000000,0
9489,0,1890113,10,0,0.00000000,0
9490,0,1890117,4,0,0.00000000,0
9491,0,1890123,11,0,0.00000000,0
9492,0,1890125,9,0,0.00000000,0
9493,0,1890128,1,0,0.00000000,0
9494,0,1890132,19,0,0.00000000,0
9495,0,1890133,8,0,0.00000000,0
9496,0,1890134,42,0,0.00000000,0
9497,0,1890135,16,0,0.00000000,0
9498,0,1890136,18,0,0.00000000,0
9499,0,1890137,24,0,0.00000000,0
9500,0,1890138,19,0,0.00000000,0
9501,0,1890139,20,0,0.00000000,0
9502,0,1890140,7,0,0.00000000,0
9503,0,1890141,8,0,0.00000000,0
9504,0,1890142,23,0,0.00000000,0
9505,0,1890146,2,0,0.00000000,0
9506,0,1890147,14,0,0.00000000,0
9507,0,1890148,8,0,0.00000000,0
9508,0,1890149,26,0,0.00000000,0
9509,0,1890150,8,0,0.00000000,0
9510,0,1890151,8,0,0.00000000,0
9511,0,1890152,14,0,0.00000000,0
9512,0,1890155,12,10,0.83333333,1
9513,0,1890156,6,6,1.00000000,1
9514,0,1890157,2,2,1.00000000,1
9515,0,1890166,114,0,0.00000000,0
9516,0,1890173,18,0,0.00000000,0
9517,0,1890181,999,0,0.00000000,0
9518,0,1890182,157,0,0.00000000,0
9519,0,1890183,3,0,0.00000000,0
9520,0,1890184,1,0,0.00000000,0
9521,0,1890185,105,0,0.00000000,0
9522,0,1890186,2,0,0.00000000,0
9523,0,1890187,147,0,0.00000000,0
9524,0,1890188,3,0,0.00000000,0
9525,0,1890190,142,0,0.00000000,0
9526,0,1890192,136,0,0.00000000,0
9527,0,1890193,117,0,0.00000000,0
9528,0,1890194,1025,0,0.00000000,0
9529,0,1890195,85,0,0.00000000,0
9530,0,1890196,88,0,0.00000000,0
9531,0,1890197,2,0,0.00000000,0
9532,0,1890199,121,0,0.00000000,0
9533,0,1890202,1,0,0.00000000,0
9534,0,1890217,129,0,0.00000000,0
9535,0,1890220,1,0,0.00000000,0
9536,0,1890227,98,0,0.00000000,0
9537,0,1890229,8,0,0.00000000,0
9538,0,1890232,1,0,0.00000000,0
9539,0,1890233,19,0,0.00000000,0
9540,0,1890238,3,0,0.00000000,0
9541,0,1890241,27,0,0.00000000,0
9542,0,1890244,46,0,0.00000000,0
9543,0,1890245,11,0,0.00000000,0
9544,0,1890246,5,0,0.00000000,0
9545,0,1890247,5,0,0.00000000,0
9546,0,1890249,22,0,0.00000000,0
9547,0,1890250,4,0,0.00000000,0
9548,0,1890251,647,236,0.36476043,1
9549,0,1890254,10,0,0.00000000,0
9550,0,1890256,41,0,0.00000000,0
9551,0,1890261,61,0,0.00000000,0
9552,0,1890262,68,0,0.00000000,0
9553,0,1890263,18,0,0.00000000,0
9554,0,1890264,209,0,0.00000000,0
9555,0,1890265,3694,0,0.00000000,0
9556,0,1890266,4036,0,0.00000000,0
9557,0,1890267,3897,0,0.00000000,0
9558,0,1890268,960,0,0.00000000,0
9559,0,1890269,30,0,0.00000000,0
9560,0,1890270,3,0,0.00000000,0
9561,0,1890271,6,0,0.00000000,0
9562,0,1890272,15,0,0.00000000,0
9563,0,1890273,10,0,0.00000000,0
9564,0,1890274,41,0,0.00000000,0
9565,0,1890275,1,0,0.00000000,0
9566,0,1890276,20,0,0.00000000,0
9567,0,1890277,2,0,0.00000000,0
9568,0,1890279,3,0,0.00000000,0
9569,0,1890281,110,0,0.00000000,0
9570,0,1890282,3,0,0.00000000,0
9571,0,1890284,18,0,0.00000000,0
9572,0,1890286,4,0,0.00000000,0
9573,0,1890287,38,0,0.00000000,0
9574,0,1890289,4,0,0.00000000,0
9575,0,1890291,18,0,0.00000000,0
9576,0,1890293,1,0,0.00000000,0
9577,0,1890295,4,0,0.00000000,0
9578,0,1890296,4,0,0.00000000,0
9579,0,1890297,22,0,0.00000000,0
9580,0,1890299,1,0,0.00000000,0
9581,0,1890301,20,0,0.00000000,0
9582,0,1890303,6,0,0.00000000,0
9583,0,1890304,79,0,0.00000000,0
9584,0,1890305,8,0,0.00000000,0
9585,0,1890306,3,0,0.00000000,0
9586,0,1890307,1,0,0.00000000,0
9587,0,1890309,1,0,0.00000000,0
9588,0,1890310,1,0,0.00000000,0
9589,0,1890311,1,0,0.00000000,0
9590,0,1890312,14,0,0.00000000,0
9591,0,1890313,2,0,0.00000000,0
9592,0,1890314,14,0,0.00000000,0
9593,0,1890316,1,0,0.00000000,0
9594,0,1890317,2,0,0.00000000,0
9595,0,1890319,9,0,0.00000000,0
9596,0,1890320,1,0,0.00000000,0
9597,0,1890321,2,0,0.00000000,0
9598,0,1890322,8,0,0.00000000,0
9599,0,1890323,210,0,0.00000000,0
9600,0,1890324,10,0,0.00000000,0
9601,0,1890325,4,0,0.00000000,0
9602,0,1890326,90,0,0.00000000,0
9603,0,1890327,249,248,0.99598394,1
9604,0,1890328,12,0,0.00000000,0
9605,0,1890329,18,0,0.00000000,0
9606,0,1890330,15,0,0.00000000,0
9607,0,1890331,1,0,0.00000000,0
9608,0,1890332,9,0,0.00000000,0
9609,0,1890334,20,0,0.00000000,0
9610,0,1890335,36,0,0.00000000,0
9611,0,1890336,5,0,0.00000000,0
9612,0,1890337,4,0,0.00000000,0
9613,0,1890339,52,0,0.00000000,0
9614,0,1890340,2,0,0.00000000,0
9615,0,1890341,37,0,0.00000000,0
9616,0,1890342,28,0,0.00000000,0
9617,0,1890344,1,0,0.00000000,0
9618,0,1890345,11,0,0.00000000,0
9619,0,1890346,26,0,0.00000000,0
9620,0,1890347,3,0,0.00000000,0
9621,0,1890348,16,0,0.00000000,0
9622,0,1890350,1,0,0.00000000,0
9623,0,1890352,15,0,0.00000000,0
9624,0,1890353,1,0,0.00000000,0
9625,0,1890354,19,0,0.00000000,0
9626,0,1890355,15,0,0.00000000,0
9627,0,1890357,40,0,0.00000000,0
9628,0,1890358,10,0,0.00000000,0
9629,0,1890360,1,0,0.00000000,0
9630,0,1890361,10,0,0.00000000,0
9631,0,1890362,205,0,0.00000000,0
9632,0,1890363,28,0,0.00000000,0
9633,0,1890364,2,0,0.00000000,0
9634,0,1890365,1,0,0.00000000,0
9635,0,1890367,6,0,0.00000000,0
9636,0,1890368,26,0,0.00000000,0
9637,0,1890369,60,0,0.00000000,0
9638,0,1890371,2,0,0.00000000,0
9639,0,1890374,42,0,0.00000000,0
9640,0,1890375,15,0,0.00000000,0
9641,0,1890376,25,0,0.00000000,0
9642,0,1890377,2,0,0.00000000,0
9643,0,1890381,12,0,0.00000000,0
9644,0,1890382,4,0,0.00000000,0
9645,0,1890387,49,0,0.00000000,0
9646,0,1890388,11,0,0.00000000,0
9647,0,1890390,25,0,0.00000000,0
9648,0,1890393,4,0,0.00000000,0
9649,0,1890395,4,0,0.00000000,0
9650,0,1890396,1,0,0.00000000,0
9651,0,1890399,52,0,0.00000000,0
9652,0,1890400,29,0,0.00000000,0
9653,0,1890401,2,0,0.00000000,0
9654,0,1890402,85,0,0.00000000,0
9655,0,1890403,23,0,0.00000000,0
9656,0,1890404,3,0,0.00000000,0
9657,0,1890406,3,0,0.00000000,0
9658,0,1890407,2,0,0.00000000,0
9659,0,1890408,26,0,0.00000000,0
9660,0,1890409,3,0,0.00000000,0
9661,0,1890410,42,0,0.00000000,0
9662,0,1890411,1,0,0.00000000,0
9663,0,1890413,124,0,0.00000000,0
9664,0,1890414,7,0,0.00000000,0
9665,0,1890415,1,0,0.00000000,0
9666,0,1890416,10,0,0.00000000,0
9667,0,1890417,1,0,0.00000000,0
9668,0,1890418,2,0,0.00000000,0
9669,0,1890419,3,0,0.00000000,0
9670,0,1890420,27,0,0.00000000,0
9671,0,1890421,35,0,0.00000000,0
9672,0,1890422,18,0,0.00000000,0
9673,0,1890423,2,0,0.00000000,0
9674,0,1890424,9,0,0.00000000,0
9675,0,1890425,4,0,0.00000000,0
9676,0,1890426,14,0,0.00000000,0
9677,0,1890427,1,0,0.00000000,0
9678,0,1890428,2,0,0.00000000,0
9679,0,1890429,6,0,0.00000000,0
9680,0,1890430,2,0,0.00000000,0
9681,0,1890431,3,0,0.00000000,0
9682,0,1890432,230,0,0.00000000,0
9683,0,1890434,2,0,0.00000000,0
9684,0,1890435,68,0,0.00000000,0
9685,0,1890438,4,0,0.00000000,0
9686,0,1890439,1,0,0.00000000,0
9687,0,1890440,3,0,0.00000000,0
9688,0,1890441,19,0,0.00000000,0
9689,0,1890443,1,0,0.00000000,0
9690,0,1890445,5,0,0.00000000,0
9691,0,1890447,19,0,0.00000000,0
9692,0,1890448,10,0,0.00000000,0
9693,0,1890449,16,0,0.00000000,0
9694,0,1890450,2,0,0.00000000,0
9695,0,1890451,21,0,0.00000000,0
9696,0,1890453,18,0,0.00000000,0
9697,0,1890454,5,0,0.00000000,0
9698,0,1890456,37,0,0.00000000,0
9699,0,1890457,2,0,0.00000000,0
9700,0,1890458,2,0,0.00000000,0
9701,0,1890459,7,0,0.00000000,0
9702,0,1890461,2,0,0.00000000,0
9703,0,1890462,13,0,0.00000000,0
9704,0,1890463,10,0,0.00000000,0
9705,0,1890464,15,0,0.00000000,0
9706,0,1890465,10,0,0.00000000,0
9707,0,1890467,4,0,0.00000000,0
9708,0,1890468,43,0,0.00000000,0
9709,0,1890471,60,0,0.00000000,0
9710,0,1890473,115,0,0.00000000,0
9711,0,1890475,52,0,0.00000000,0
9712,0,1890476,18,0,0.00000000,0
9713,0,1890479,38,0,0.00000000,0
9714,0,1890480,1,0,0.00000000,0
9715,0,1890484,1,0,0.00000000,0
9716,0,1890486,39,0,0.00000000,0
9717,0,1890488,28,0,0.00000000,0
9718,0,1890489,1,0,0.00000000,0
9719,0,1890490,2,0,0.00000000,0
9720,0,1890492,8,0,0.00000000,0
9721,0,1890493,2,0,0.00000000,0
9722,0,1890496,6,0,0.00000000,0
9723,0,1890497,75,0,0.00000000,0
9724,0,1890499,38,0,0.00000000,0
9725,0,1890501,14,0,0.00000000,0
9726,0,1890505,22,0,0.00000000,0
9727,0,1890506,39,0,0.00000000,0
9728,0,1890507,27,0,0.00000000,0
9729,0,1890509,16,0,0.00000000,0
9730,0,1890512,14,0,0.00000000,0
9731,0,1890513,1,0,0.00000000,0
9732,0,1890514,67,0,0.00000000,0
9733,0,1890515,5,0,0.00000000,0
9734,0,1890516,41,0,0.00000000,0
9735,0,1890517,4,0,0.00000000,0
9736,0,1890518,16,0,0.00000000,0
9737,0,1890519,1,0,0.00000000,0
9738,0,1890523,3,0,0.00000000,0
9739,0,1890524,1,0,0.00000000,0
9740,0,1890526,1,0,0.00000000,0
9741,0,1890527,58,0,0.00000000,0
9742,0,1890528,3,0,0.00000000,0
9743,0,1890529,1,0,0.00000000,0
9744,0,1890530,2,0,0.00000000,0
9745,0,1890531,12,0,0.00000000,0
9746,0,1890532,2,0,0.00000000,0
9747,0,1890535,1,0,0.00000000,0
9748,0,1890536,1,0,0.00000000,0
9749,0,1890537,32,0,0.00000000,0
9750,0,1890538,56,0,0.00000000,0
9751,0,1890541,8,0,0.00000000,0
9752,0,1890542,3,0,0.00000000,0
9753,0,1890544,26,0,0.00000000,0
9754,0,1890545,4,0,0.00000000,0
9755,0,1890546,1,0,0.00000000,0
9756,0,1890548,3,0,0.00000000,0
9757,0,1890549,211,0,0.00000000,0
9758,0,1890550,9,0,0.00000000,0
9759,0,1890551,1,0,0.00000000,0
9760,0,1890552,2,0,0.00000000,0
9761,0,1890553,9,0,0.00000000,0
9762,0,1890554,1,0,0.00000000,0
9763,0,1890555,4,0,0.00000000,0
9764,0,1890556,45,0,0.00000000,0
9765,0,1890557,3,0,0.00000000,0
9766,0,1890558,2,0,0.00000000,0
9767,0,1890559,2,0,0.00000000,0
9768,0,1890560,3,0,0.00000000,0
9769,0,1890561,2,0,0.00000000,0
9770,0,1890562,4,0,0.00000000,0
9771,0,1890563,2,0,0.00000000,0
9772,0,1890564,10,0,0.00000000,0
9773,0,1890566,2,0,0.00000000,0
9774,0,1890567,7,0,0.00000000,0
9775,0,1890568,244,0,0.00000000,0
9776,0,1890569,54,0,0.00000000,0
9777,0,1890587,29,0,0.00000000,0
9778,0,1890595,299,299,1.00000000,1
9779,0,1890596,730,725,0.99315068,1
9780,0,1890597,1,0,0.00000000,0
9781,0,1890598,2,0,0.00000000,0
9782,0,1890599,1,0,0.00000000,0
9783,0,1890601,4,0,0.00000000,0
9784,0,1890603,3,0,0.00000000,0
9785,0,1890612,1,0,0.00000000,0
9786,0,1890616,1,0,0.00000000,0
9787,0,1890617,1,0,0.00000000,0
9788,0,1890620,356,0,0.00000000,0
9789,0,1890622,2,0,0.00000000,0
9790,0,1890623,1,0,0.00000000,0
9791,0,1890628,1,0,0.00000000,0
9792,0,1890634,1,0,0.00000000,0
9793,0,1890639,1,0,0.00000000,0
9794,0,1890640,1,0,0.00000000,0
9795,0,1890641,1,0,0.00000000,0
9796,0,1890649,1,0,0.00000000,0
9797,0,1890650,2,0,0.00000000,0
9798,0,1890651,1,0,0.00000000,0
9799,0,1890655,1,0,0.00000000,0
9800,0,1890657,1,0,0.00000000,0
9801,0,1890659,2,0,0.00000000,0
9802,0,1890672,749,355,0.47396529,1
9803,0,1890673,667,667,1.00000000,1
9804,0,1890678,1,0,0.00000000,0
9805,0,1890679,49,0,0.00000000,0
9806,0,1890680,2,0,0.00000000,0
9807,0,1890703,105,0,0.00000000,0
9808,0,1890711,1,0,0.00000000,0
9809,0,1890716,4,0,0.00000000,0
9810,0,1890719,25,0,0.00000000,0
9811,0,1890720,19,0,0.00000000,0
9812,0,1890721,4,0,0.00000000,0
9813,0,1890725,1,0,0.00000000,0
9814,0,1890726,43,0,0.00000000,0
9815,0,1890727,3,0,0.00000000,0
9816,0,1890744,1,0,0.00000000,0
9817,0,1890749,106,0,0.00000000,0
9818,0,1890751,532,515,0.96804511,1
9819,0,1890752,441,441,1.00000000,1
9820,0,1890754,9,0,0.00000000,0
9821,0,1890759,108,0,0.00000000,0
9822,0,1890760,177,0,0.00000000,0
9823,0,1890761,4,0,0.00000000,0
9824,0,1890762,5,0,0.00000000,0
9825,0,1890763,1,0,0.00000000,0
9826,0,1890764,1,0,0.00000000,0
9827,0,1890765,2,0,0.00000000,0
9828,0,1890766,3,0,0.00000000,0
9829,0,1890767,3,0,0.00000000,0
9830,0,1890768,1,0,0.00000000,0
9831,0,1890771,1,0,0.00000000,0
9832,0,1890784,2,0,0.00000000,0
9833,0,1890787,2,0,0.00000000,0
9834,0,1890788,351,0,0.00000000,0
9835,0,1890789,1,0,0.00000000,0
9836,0,1890790,1,0,0.00000000,0
9837,0,1890793,163,0,0.00000000,0
9838,0,1890797,34,0,0.00000000,0
9839,0,1890803,165,0,0.00000000,0
9840,0,1890807,1,0,0.00000000,0
9841,0,1890808,132,0,0.00000000,0
9842,0,1890809,9,0,0.00000000,0
9843,0,1890810,6,0,0.00000000,0
9844,0,1890826,22,0,0.00000000,0
9845,0,1890827,1025,1024,0.99902439,1
9846,0,1890829,7,0,0.00000000,0
9847,0,1890830,6,0,0.00000000,0
9848,0,1890835,4,0,0.00000000,0
9849,0,1890836,5,0,0.00000000,0
9850,0,1890837,2,0,0.00000000,0
9851,0,1890839,1,0,0.00000000,0
9852,0,1890854,2,0,0.00000000,0
9853,0,1890855,2,0,0.00000000,0
9854,0,1890856,1,0,0.00000000,0
9855,0,1890857,348,0,0.00000000,0
9856,0,1890864,24,0,0.00000000,0
9857,0,1890865,2,0,0.00000000,0
9858,0,1890869,50,0,0.00000000,0
9859,0,1890870,12,0,0.00000000,0
9860,0,1890871,1,0,0.00000000,0
9861,0,1890873,5,0,0.00000000,0
9862,0,1890878,31,0,0.00000000,0
9863,0,1890884,155,0,0.00000000,0
9864,0,1890888,28,0,0.00000000,0
9865,0,1890891,10,0,0.00000000,0
9866,0,1890892,26,0,0.00000000,0
9867,0,1890894,2,0,0.00000000,0
9868,0,1890897,4,0,0.00000000,0
9869,0,1890899,6,0,0.00000000,0
9870,0,1890901,4,0,0.00000000,0
9871,0,1890902,2,0,0.00000000,0
9872,0,1890903,6,0,0.00000000,0
9873,0,1890905,4,0,0.00000000,0
9874,0,1890906,2,0,0.00000000,0
9875,0,1890907,16,0,0.00000000,0
9876,0,1890908,5,0,0.00000000,0
9877,0,1890909,4,0,0.00000000,0
9878,0,1890910,2,0,0.00000000,0
9879,0,1890911,2,0,0.00000000,0
9880,0,1890933,60,0,0.00000000,0
9881,0,1890941,1,0,0.00000000,0
9882,0,1890951,30,0,0.00000000,0
9883,0,1890955,1036,1024,0.98841699,1
9884,0,1890958,2,0,0.00000000,0
9885,0,1890961,1,0,0.00000000,0
9886,0,1890964,61,0,0.00000000,0
9887,0,1890982,2,0,0.00000000,0
9888,0,1890983,21,0,0.00000000,0
9889,0,1890984,41,0,0.00000000,0
9890,0,1890985,7,0,0.00000000,0
9891,0,1890986,43,0,0.00000000,0
9892,0,1890987,24,0,0.00000000,0
9893,0,1890988,41,0,0.00000000,0
9894,0,1890989,8,0,0.00000000,0
9895,0,1890991,23,0,0.00000000,0
9896,0,1890992,14,0,0.00000000,0
9897,0,1890994,12,0,0.00000000,0
9898,0,1890996,15,0,0.00000000,0
9899,0,1890997,104,0,0.00000000,0
9900,0,1890998,267,0,0.00000000,0
9901,0,1890999,1892,0,0.00000000,0
9902,0,1891000,37,0,0.00000000,0
9903,0,1891001,90,0,0.00000000,0
9904,0,1891002,21,0,0.00000000,0
9905,0,1891003,14,0,0.00000000,0
9906,0,1891004,21,0,0.00000000,0
9907,0,1891005,10,0,0.00000000,0
9908,0,1891006,7,0,0.00000000,0
9909,0,1891007,4,0,0.00000000,0
9910,0,1891008,6,0,0.00000000,0
9911,0,1891009,2,0,0.00000000,0
9912,0,1891010,5,0,0.00000000,0
9913,0,1891011,11,0,0.00000000,0
9914,0,1891012,8,0,0.00000000,0
9915,0,1891013,8,0,0.00000000,0
9916,0,1891014,13,0,0.00000000,0
9917,0,1891015,10,0,0.00000000,0
9918,0,1891016,34,0,0.00000000,0
9919,0,1891017,205,0,0.00000000,0
9920,0,1891018,3,0,0.00000000,0
9921,0,1891031,102,0,0.00000000,0
9922,0,1891032,53,0,0.00000000,0
9923,0,1891038,147,0,0.00000000,0
9924,0,1891040,2,0,0.00000000,0
9925,0,1891043,167,0,0.00000000,0
9926,0,1891048,144,0,0.00000000,0
9927,0,1891051,1190,999,0.83949580,1
9928,0,1891057,2,0,0.00000000,0
9929,0,1891067,1,0,0.00000000,0
9930,0,1891075,2,0,0.00000000,0
9931,0,1891077,363,0,0.00000000,0
9932,0,1891079,31,0,0.00000000,0
9933,0,1891080,2,0,0.00000000,0
9934,0,1891081,2,0,0.00000000,0
9935,0,1891096,1,0,0.00000000,0
9936,0,1891098,1,0,0.00000000,0
9937,0,1891101,137,0,0.00000000,0
9938,0,1891139,14,0,0.00000000,0
9939,0,1891143,8,0,0.00000000,0
9940,0,1891144,4,0,0.00000000,0
9941,0,1891149,4,0,0.00000000,0
9942,0,1891152,4,0,0.00000000,0
9943,0,1891153,1024,0,0.00000000,0
9944,0,1891154,1024,0,0.00000000,0
9945,0,1891155,2,0,0.00000000,0
9946,0,1891165,2,0,0.00000000,0
9947,0,1891166,64,0,0.00000000,0
9948,0,1891167,194,0,0.00000000,0
9949,0,1891169,384,0,0.00000000,0
9950,0,1891170,128,0,0.00000000,0
9951,0,1891171,256,0,0.00000000,0
9952,0,1891173,16,0,0.00000000,0
9953,0,1891174,272,0,0.00000000,0
9954,0,1891179,2,0,0.00000000,0
9955,0,1891205,129,0,0.00000000,0
9956,0,1891207,3,0,0.00000000,0
9957,0,1891208,771,770,0.99870298,1
9958,0,1891216,1,0,0.00000000,0
9959,0,1891224,1,0,0.00000000,0
9960,0,1891247,184,0,0.00000000,0
9961,0,1891248,69,0,0.00000000,0
9962,0,1891251,27,0,0.00000000,0
9963,0,1891252,14,0,0.00000000,0
9964,0,1891253,20,0,0.00000000,0
9965,0,1891254,22,0,0.00000000,0
9966,0,1891255,2,0,0.00000000,0
9967,0,1891256,22,0,0.00000000,0
9968,0,1891257,6,0,0.00000000,0
9969,0,1891260,2,0,0.00000000,0
9970,0,1891261,28,0,0.00000000,0
9971,0,1891263,8,0,0.00000000,0
9972,0,1891264,3,0,0.00000000,0
9973,0,1891265,16,0,0.00000000,0
9974,0,1891266,16,0,0.00000000,0
9975,0,1891267,16,0,0.00000000,0
9976,0,1891268,19,0,0.00000000,0
9977,0,1891269,32,0,0.00000000,0
9978,0,1891270,16,0,0.00000000,0
9979,0,1891274,14,0,0.00000000,0
9980,0,1891277,8,0,0.00000000,0
9981,0,1891278,8,0,0.00000000,0
9982,0,1891280,7,0,0.00000000,0
9983,0,1891281,3,0,0.00000000,0
9984,0,1891283,3,0,0.00000000,0
9985,0,1891288,5,5,1.00000000,1
9986,0,1891289,867,867,1.00000000,1
9987,0,1891295,5,0,0.00000000,0
9988,0,1891297,7,0,0.00000000,0
9989,0,1891298,3,0,0.00000000,0
9990,0,1891299,5,0,0.00000000,0
9991,0,1891300,66,0,0.00000000,0
9992,0,1891304,66,0,0.00000000,0
9993,0,1891305,2,0,0.00000000,0
9994,0,1891306,64,0,0.00000000,0
9995,0,1891307,64,0,0.00000000,0
9996,0,1891308,32,0,0.00000000,0
9997,0,1891309,32,0,0.00000000,0
9998,0,1891315,32,0,0.00000000,0
9999,0,1891401,17,16,0.94117647,1
10000,0,1891412,6,0,0.00000000,0
10001,0,1891416,37,1,0.02702703,1
10002,0,1891417,35,0,0.00000000,0
10003,0,1891423,2,0,0.00000000,0
10004,0,1891424,7,0,0.00000000,0
10005,0,1891425,2,0,0.00000000,0
10006,0,1891427,2,0,0.00000000,0
10007,0,1891436,34,0,0.00000000,0
10008,0,1891437,14,0,0.00000000,0
10009,0,1891449,34,0,0.00000000,0
10010,0,1891452,2,0,0.00000000,0
10011,0,1891453,6,0,0.00000000,0
10012,0,1891454,2,0,0.00000000,0
10013,0,1891455,3,0,0.00000000,0
10014,0,1891456,6,0,0.00000000,0
10015,0,1891458,24,0,0.00000000,0
10016,0,1891459,3,0,0.00000000,0
10017,0,1891461,16,0,0.00000000,0
10018,0,1891465,11,0,0.00000000,0
10019,0,1891466,3,0,0.00000000,0
10020,0,1891469,8,0,0.00000000,0
10021,0,1891471,23,0,0.00000000,0
10022,0,1891479,6,0,0.00000000,0
10023,0,1891480,5,0,0.00000000,0
10024,0,1891483,221,0,0.00000000,0
10025,0,1891485,2,0,0.00000000,0
10026,0,1891486,18,0,0.00000000,0
10027,0,1891487,39,0,0.00000000,0
10028,0,1891488,2,0,0.00000000,0
10029,0,1891491,2,0,0.00000000,0
10030,0,1891492,32,0,0.00000000,0
10031,0,1891494,64,0,0.00000000,0
10032,0,1891495,5,0,0.00000000,0
10033,0,1891499,25,0,0.00000000,0
10034,0,1891502,16,0,0.00000000,0
10035,0,1891508,21,0,0.00000000,0
10036,0,1891532,2,0,0.00000000,0
10037,0,1891538,25,0,0.00000000,0
10038,0,1891539,16,0,0.00000000,0
10039,0,1891549,11,0,0.00000000,0
10040,0,1891552,136,18,0.13235294,1
10041,0,1891554,46,0,0.00000000,0
10042,0,1891556,14,0,0.00000000,0
10043,0,1891557,18,0,0.00000000,0
10044,0,1891562,6,0,0.00000000,0
10045,0,1891563,1025,1024,0.99902439,1
10046,0,1891566,2,0,0.00000000,0
10047,0,1891576,120,0,0.00000000,0
10048,0,1891577,2,0,0.00000000,0
10049,0,1891579,1,0,0.00000000,0
10050,0,1891591,314,0,0.00000000,0
10051,0,1891592,1,0,0.00000000,0
10052,0,1891594,3,0,0.00000000,0
10053,0,1891595,1,0,0.00000000,0
10054,0,1891597,3,0,0.00000000,0
10055,0,1891600,1,0,0.00000000,0
10056,0,1891603,303,0,0.00000000,0
10057,0,1891607,2,0,0.00000000,0
10058,0,1891608,1,0,0.00000000,0
10059,0,1891610,1,0,0.00000000,0
10060,0,1891611,1,0,0.00000000,0
10061,0,1891612,1,0,0.00000000,0
10062,0,1891615,1,0,0.00000000,0
10063,0,1891616,1,0,0.00000000,0
10064,0,1891617,257,0,0.00000000,0
10065,0,1891620,1,0,0.00000000,0
10066,0,1891621,1,0,0.00000000,0
10067,0,1891622,1,0,0.00000000,0
10068,0,1891625,2,0,0.00000000,0
10069,0,1891628,267,0,0.00000000,0
10070,0,1891629,2,0,0.00000000,0
10071,0,1891631,3,0,0.00000000,0
10072,0,1891643,121,0,0.00000000,0
10073,0,1891644,3,0,0.00000000,0
10074,0,1891645,1,0,0.00000000,0
10075,0,1891667,150,0,0.00000000,0
10076,0,1891677,134,133,0.99253731,1
10077,0,1891680,137,136,0.99270073,1
10078,0,1891682,2,0,0.00000000,0
10079,0,1891684,12,0,0.00000000,0
10080,0,1891719,14,0,0.00000000,0
10081,0,1891731,14,0,0.00000000,0
10082,0,1891739,2,0,0.00000000,0
10083,0,1891751,128,0,0.00000000,0
10084,0,1891762,3,0,0.00000000,0
10085,0,1891764,128,0,0.00000000,0
10086,0,1891765,256,0,0.00000000,0
10087,0,1891785,55,0,0.00000000,0
10088,0,1891805,16,0,0.00000000,0
10089,0,1891820,8,0,0.00000000,0
10090,0,1891822,1,0,0.00000000,0
10091,0,1891823,2,0,0.00000000,0
10092,0,1891824,522,0,0.00000000,0
10093,0,1891825,1705,0,0.00000000,0
10094,0,1891830,33,0,0.00000000,0
10095,0,1891831,42,0,0.00000000,0
10096,0,1891832,26,0,0.00000000,0
10097,0,1891833,9,0,0.00000000,0
10098,0,1891834,23,0,0.00000000,0
10099,0,1891836,16,0,0.00000000,0
10100,0,1891844,16,0,0.00000000,0
10101,0,1891846,32,0,0.00000000,0
10102,0,1891847,18,0,0.00000000,0
10103,0,1891848,130,0,0.00000000,0
10104,0,1891849,2,0,0.00000000,0
10105,0,1891850,2,0,0.00000000,0
10106,0,1891853,2,0,0.00000000,0
10107,0,1891861,16,0,0.00000000,0
10108,0,1891862,2,0,0.00000000,0
10109,0,1891863,2,0,0.00000000,0
10110,0,1891864,2,0,0.00000000,0
10111,0,1891869,14,0,0.00000000,0
10112,0,1891870,34,0,0.00000000,0
10113,0,1891871,22,0,0.00000000,0
10114,0,1891872,26,0,0.00000000,0
10115,0,1891873,8,0,0.00000000,0
10116,0,1891874,16,0,0.00000000,0
10117,0,1891875,19,0,0.00000000,0
10118,0,1891876,52,0,0.00000000,0
10119,0,1891877,32,0,0.00000000,0
10120,0,1891878,16,0,0.00000000,0
10121,0,1891887,2,0,0.00000000,0
10122,0,1891889,30,0,0.00000000,0
10123,0,1891900,8,0,0.00000000,0
10124,0,1891906,13,0,0.00000000,0
10125,0,1891908,257,0,0.00000000,0
10126,0,1891909,5,0,0.00000000,0
10127,0,1891914,1,0,0.00000000,0
10128,0,1891930,16,0,0.00000000,0
10129,0,1891953,1,0,0.00000000,0
10130,0,1891956,5,0,0.00000000,0
10131,0,1891963,8,0,0.00000000,0
10132,0,1891964,8,0,0.00000000,0
10133,0,1891965,24,0,0.00000000,0
10134,0,1891966,8,0,0.00000000,0
10135,0,1891967,16,0,0.00000000,0
10136,0,1891971,8,0,0.00000000,0
10137,0,1891972,7,0,0.00000000,0
10138,0,1891974,1,0,0.00000000,0
10139,0,1891976,5,0,0.00000000,0
10140,0,1891977,4,0,0.00000000,0
10141,0,1891978,17,0,0.00000000,0
10142,0,1891980,11,0,0.00000000,0
10143,0,1891982,9,0,0.00000000,0
10144,0,1891983,1,0,0.00000000,0
10145,0,1891984,65,0,0.00000000,0
10146,0,1891985,1,0,0.00000000,0
10147,0,1891987,9,0,0.00000000,0
10148,0,1891992,27,0,0.00000000,0
10149,0,1891994,22,0,0.00000000,0
10150,0,1891996,8,0,0.00000000,0
10151,0,1891997,7,0,0.00000000,0
10152,0,1891999,3,0,0.00000000,0
10153,0,1892000,14,0,0.00000000,0
10154,0,1892001,4,0,0.00000000,0
10155,0,1892002,2,0,0.00000000,0
10156,0,1892005,8,0,0.00000000,0
10157,0,1892008,3,0,0.00000000,0
10158,0,1892011,1,0,0.00000000,0
10159,0,1892029,1,0,0.00000000,0
10160,0,1892062,1,0,0.00000000,0
10161,0,1892096,326,158,0.48466258,1
10162,0,1892100,256,0,0.00000000,0
10163,0,1892112,18,0,0.00000000,0
10164,0,1892116,15,0,0.00000000,0
10165,0,1892129,8,0,0.00000000,0
10166,0,1892130,8,0,0.00000000,0
10167,0,1892131,16,0,0.00000000,0
10168,0,1892132,16,0,0.00000000,0
10169,0,1892135,1,0,0.00000000,0
10170,0,1892136,16,0,0.00000000,0
10171,0,1892137,4,0,0.00000000,0
10172,0,1892138,18,0,0.00000000,0
10173,0,1892139,5,0,0.00000000,0
10174,0,1892140,4,0,0.00000000,0
10175,0,1892141,10,0,0.00000000,0
10176,0,1892144,3,0,0.00000000,0
10177,0,1892145,9,0,0.00000000,0
10178,0,1892146,12,0,0.00000000,0
10179,0,1892147,16,0,0.00000000,0
10180,0,1892148,17,0,0.00000000,0
10181,0,1892149,6,0,0.00000000,0
10182,0,1892152,5,0,0.00000000,0
10183,0,1892153,7,0,0.00000000,0
10184,0,1892154,12,0,0.00000000,0
10185,0,1892155,3,0,0.00000000,0
10186,0,1892156,20,0,0.00000000,0
10187,0,1892157,8,0,0.00000000,0
10188,0,1892158,1,0,0.00000000,0
10189,0,1892159,8,0,0.00000000,0
10190,0,1892160,9,0,0.00000000,0
10191,0,1892161,4,0,0.00000000,0
10192,0,1892167,1,0,0.00000000,0
10193,0,1892168,2,0,0.00000000,0
10194,0,1892171,2,0,0.00000000,0
10195,0,1892172,2,0,0.00000000,0
10196,0,1892175,8,0,0.00000000,0
10197,0,1892176,16,0,0.00000000,0
10198,0,1892177,76,0,0.00000000,0
10199,0,1892178,66,0,0.00000000,0
10200,0,1892181,128,0,0.00000000,0
10201,0,1892182,64,0,0.00000000,0
10202,0,1892194,128,0,0.00000000,0
10203,0,1892195,64,0,0.00000000,0
10204,0,1892198,4,0,0.00000000,0
10205,0,1892200,2,0,0.00000000,0
10206,0,1892201,2,0,0.00000000,0
10207,0,1892202,21,0,0.00000000,0
10208,0,1892204,2,0,0.00000000,0
10209,0,1892205,1,0,0.00000000,0
10210,0,1892206,5,0,0.00000000,0
10211,0,1892212,2,0,0.00000000,0
10212,0,1892213,12,0,0.00000000,0
10213,0,1892214,1,0,0.00000000,0
10214,0,1892216,9,0,0.00000000,0
10215,0,1892217,7,0,0.00000000,0
10216,0,1892254,1,0,0.00000000,0
10217,0,1892305,1,0,0.00000000,0
10218,0,1892338,2,2,1.00000000,1
10219,0,1892357,102,0,0.00000000,0
10220,0,1892365,40,0,0.00000000,0
10221,0,1892369,38,0,0.00000000,0
10222,0,1892378,21,0,0.00000000,0
10223,0,1892380,3,0,0.00000000,0
10224,0,1892381,2,0,0.00000000,0
10225,0,1892383,9,0,0.00000000,0
10226,0,1892384,4,0,0.00000000,0
10227,0,1892385,1,0,0.00000000,0
10228,0,1892386,1,0,0.00000000,0
10229,0,1892387,1,0,0.00000000,0
10230,0,1892388,9,0,0.00000000,0
10231,0,1892389,2,0,0.00000000,0
10232,0,1892391,157,34,0.21656051,1
10233,0,1892392,1,0,0.00000000,0
10234,0,1892393,1,0,0.00000000,0
10235,0,1892394,2,0,0.00000000,0
10236,0,1892395,1,0,0.00000000,0
10237,0,1892398,1,0,0.00000000,0
10238,0,1892399,2,0,0.00000000,0
10239,0,1892400,16,0,0.00000000,0
10240,0,1892405,12,0,0.00000000,0
10241,0,1892406,3,0,0.00000000,0
10242,0,1892411,22,0,0.00000000,0
10243,0,1892412,3,0,0.00000000,0
10244,0,1892427,1,0,0.00000000,0
10245,0,1892428,188,66,0.35106383,1
10246,0,1892431,2,0,0.00000000,0
10247,0,1892438,53,0,0.00000000,0
10248,0,1892451,1,0,0.00000000,0
10249,0,1892452,137,3,0.02189781,1
10250,0,1892461,1,0,0.00000000,0
10251,0,1892465,15,0,0.00000000,0
10252,0,1892466,42,0,0.00000000,0
10253,0,1892468,5,0,0.00000000,0
10254,0,1892473,3,0,0.00000000,0
10255,0,1892480,2,0,0.00000000,0
10256,0,1892485,1,0,0.00000000,0
10257,0,1892487,2,0,0.00000000,0
10258,0,1892500,1,0,0.00000000,0
10259,0,1892528,186,66,0.35483871,1
10260,0,1892562,64,0,0.00000000,0
10261,0,1892563,3,0,0.00000000,0
10262,0,1892564,5,0,0.00000000,0
10263,0,1892567,3,0,0.00000000,0
10264,0,1892568,2,0,0.00000000,0
10265,0,1892571,14,0,0.00000000,0
10266,0,1892584,30,0,0.00000000,0
10267,0,1892585,182,32,0.17582418,1
10268,0,1892594,1,0,0.00000000,0
10269,0,1892602,3,0,0.00000000,0
10270,0,1892609,1,0,0.00000000,0
10271,0,1892618,136,18,0.13235294,1
10272,0,1892628,963,518,0.53790239,1
10273,0,1892629,13,0,0.00000000,0
10274,0,1892632,136,18,0.13235294,1
10275,0,1892664,7,0,0.00000000,0
10276,0,1892671,148,28,0.18918919,1
10277,0,1892685,46,0,0.00000000,0
10278,0,1892692,26,0,0.00000000,0
10279,0,1892695,2,0,0.00000000,0
10280,0,1892696,1,0,0.00000000,0
10281,0,1892698,23,0,0.00000000,0
10282,0,1892699,709,515,0.72637518,1
10283,0,1892704,3,0,0.00000000,0
10284,0,1892705,27,0,0.00000000,0
10285,0,1892706,6,0,0.00000000,0
10286,0,1892707,416,258,0.62019231,1
10287,0,1892708,16,0,0.00000000,0
10288,0,1892711,154,0,0.00000000,0
10289,0,1892712,2,0,0.00000000,0
10290,0,1892716,13,11,0.84615385,1
10291,0,1892717,500,500,1.00000000,1
10292,0,1892718,550,0,0.00000000,0
10293,0,1892719,513,0,0.00000000,0
10294,0,1892732,32,0,0.00000000,0
10295,0,1892733,426,0,0.00000000,0
10296,0,1892734,448,0,0.00000000,0
10297,0,1892735,580,0,0.00000000,0
10298,0,1892736,440,0,0.00000000,0
10299,0,1892737,570,0,0.00000000,0
10300,0,1892738,453,0,0.00000000,0
10301,0,1892739,519,0,0.00000000,0
10302,0,1892740,394,0,0.00000000,0
10303,0,1892741,517,0,0.00000000,0
10304,0,1892742,409,0,0.00000000,0
10305,0,1892743,473,0,0.00000000,0
10306,0,1892744,374,0,0.00000000,0
10307,0,1892745,466,0,0.00000000,0
10308,0,1892746,372,0,0.00000000,0
10309,0,1892747,507,0,0.00000000,0
10310,0,1892748,372,0,0.00000000,0
10311,0,1892749,659,94,0.14264036,1
10312,0,1892750,362,0,0.00000000,0
10313,0,1892751,463,0,0.00000000,0
10314,0,1892752,419,0,0.00000000,0
10315,0,1892753,436,0,0.00000000,0
10316,0,1892754,363,0,0.00000000,0
10317,0,1892755,460,0,0.00000000,0
10318,0,1892756,389,0,0.00000000,0
10319,0,1892757,507,0,0.00000000,0
10320,0,1892758,369,0,0.00000000,0
10321,0,1892759,509,0,0.00000000,0
10322,0,1892760,406,0,0.00000000,0
10323,0,1892761,439,0,0.00000000,0
10324,0,1892762,420,0,0.00000000,0
10325,0,1892763,438,0,0.00000000,0
10326,0,1892764,430,0,0.00000000,0
10327,0,1892765,445,0,0.00000000,0
10328,0,1892766,374,0,0.00000000,0
10329,0,1892767,530,0,0.00000000,0
10330,0,1892768,393,0,0.00000000,0
10331,0,1892769,484,0,0.00000000,0
10332,0,1892770,403,0,0.00000000,0
10333,0,1892771,393,0,0.00000000,0
10334,0,1892772,344,0,0.00000000,0
10335,0,1892773,412,0,0.00000000,0
10336,0,1892774,282,0,0.00000000,0
10337,0,1892775,375,0,0.00000000,0
10338,0,1892776,362,0,0.00000000,0
10339,0,1892777,413,0,0.00000000,0
10340,0,1892778,326,0,0.00000000,0
10341,0,1892779,400,0,0.00000000,0
10342,0,1892780,288,0,0.00000000,0
10343,0,1892781,403,0,0.00000000,0
10344,0,1892782,332,0,0.00000000,0
10345,0,1892783,338,0,0.00000000,0
10346,0,1892784,361,0,0.00000000,0
10347,0,1892785,525,0,0.00000000,0
10348,0,1892786,374,0,0.00000000,0
10349,0,1892787,410,0,0.00000000,0
10350,0,1892788,361,0,0.00000000,0
10351,0,1892789,387,0,0.00000000,0
10352,0,1892790,395,0,0.00000000,0
10353,0,1892791,419,0,0.00000000,0
10354,0,1892792,354,0,0.00000000,0
10355,0,1892793,332,0,0.00000000,0
10356,0,1892794,396,0,0.00000000,0
10357,0,1892795,335,0,0.00000000,0
10358,0,1892796,433,0,0.00000000,0
10359,0,1892797,337,0,0.00000000,0
10360,0,1892798,397,0,0.00000000,0
10361,0,1892799,345,0,0.00000000,0
10362,0,1892800,435,0,0.00000000,0
10363,0,1892801,344,0,0.00000000,0
10364,0,1892802,418,0,0.00000000,0
10365,0,1892803,265,0,0.00000000,0
10366,0,1892804,197,0,0.00000000,0
10367,0,1892805,141,0,0.00000000,0
10368,0,1892806,111,0,0.00000000,0
10369,0,1892807,3,0,0.00000000,0
10370,0,1892808,2,0,0.00000000,0
10371,0,1892809,1,0,0.00000000,0
10372,0,1892810,2,0,0.00000000,0
10373,0,1892811,8,0,0.00000000,0
10374,0,1892812,104,0,0.00000000,0
10375,0,1892813,144,0,0.00000000,0
10376,0,1892814,143,0,0.00000000,0
10377,0,1892815,181,0,0.00000000,0
10378,0,1892816,197,0,0.00000000,0
10379,0,1892817,212,0,0.00000000,0
10380,0,1892818,248,0,0.00000000,0
10381,0,1892819,293,0,0.00000000,0
10382,0,1892820,314,0,0.00000000,0
10383,0,1892821,262,0,0.00000000,0
10384,0,1892822,259,0,0.00000000,0
10385,0,1892823,259,0,0.00000000,0
10386,0,1892824,291,0,0.00000000,0
10387,0,1892825,237,0,0.00000000,0
10388,0,1892826,292,0,0.00000000,0
10389,0,1892827,267,0,0.00000000,0
10390,0,1892828,64,0,0.00000000,0
10391,0,1892831,82,0,0.00000000,0
10392,0,1892866,1,0,0.00000000,0
10393,0,1892876,18,0,0.00000000,0
10394,0,1892877,24,0,0.00000000,0
10395,0,1892878,2,0,0.00000000,0
10396,0,1892879,74,0,0.00000000,0
10397,0,1892882,59,0,0.00000000,0
10398,0,1892885,4,0,0.00000000,0
10399,0,1892889,5,0,0.00000000,0
10400,0,1892902,4,0,0.00000000,0
10401,0,1892911,2,0,0.00000000,0
10402,0,1892939,97,0,0.00000000,0
10403,0,1892940,3,0,0.00000000,0
10404,0,1892952,2,0,0.00000000,0
10405,0,1892961,10,0,0.00000000,0
10406,0,1892966,156,34,0.21794872,1
10407,0,1892971,315,141,0.44761905,1
10408,0,1892972,2,0,0.00000000,0
10409,0,1892977,2,0,0.00000000,0
10410,0,1892984,2,0,0.00000000,0
10411,0,1892985,4,0,0.00000000,0
10412,0,1892986,8,0,0.00000000,0
10413,0,1892987,2,0,0.00000000,0
10414,0,1892988,2,0,0.00000000,0
10415,0,1892990,100,0,0.00000000,0
10416,0,1892992,2,0,0.00000000,0
10417,0,1892994,2,0,0.00000000,0
10418,0,1892996,2,0,0.00000000,0
10419,0,1892997,2,0,0.00000000,0
10420,0,1892999,4,0,0.00000000,0
10421,0,1893000,2,0,0.00000000,0
10422,0,1893001,5,0,0.00000000,0
10423,0,1893008,72,0,0.00000000,0
10424,0,1893016,7,0,0.00000000,0
10425,0,1893021,4,0,0.00000000,0
10426,0,1893022,3,0,0.00000000,0
10427,0,1893045,1,0,0.00000000,0
10428,0,1893065,16,15,0.93750000,1
10429,0,1893067,124,0,0.00000000,0
10430,0,1893084,1,0,0.00000000,0
10431,0,1893089,1,0,0.00000000,0
10432,0,1893130,1,0,0.00000000,0
10433,0,1893136,1,0,0.00000000,0
10434,0,1893144,112,0,0.00000000,0
10435,0,1893145,3,0,0.00000000,0
10436,0,1893148,1,0,0.00000000,0
10437,0,1893164,4,0,0.00000000,0
10438,0,1893166,2,0,0.00000000,0
10439,0,1893167,3,0,0.00000000,0
10440,0,1893168,21,0,0.00000000,0
10441,0,1893169,75,0,0.00000000,0
10442,0,1893170,49,0,0.00000000,0
10443,0,1893211,86,0,0.00000000,0
10444,0,1893212,9,0,0.00000000,0
10445,0,1893226,1,0,0.00000000,0
10446,0,1893253,1,0,0.00000000,0
10447,0,1893262,588,511,0.86904762,1
10448,0,1893278,4,0,0.00000000,0
10449,0,1893294,2,0,0.00000000,0
10450,0,1893316,23,0,0.00000000,0
10451,0,1893318,10,0,0.00000000,0
10452,0,1893320,32,0,0.00000000,0
10453,0,1893329,84,0,0.00000000,0
10454,0,1893338,1,0,0.00000000,0
10455,0,1893359,1,0,0.00000000,0
10456,0,1893371,1,0,0.00000000,0
10457,0,1893372,1,0,0.00000000,0
10458,0,1893380,101,0,0.00000000,0
10459,0,1893388,1,0,0.00000000,0
10460,0,1893411,2,0,0.00000000,0
10461,0,1893429,1,0,0.00000000,0
10462,0,1893431,85,0,0.00000000,0
10463,0,1893444,67,0,0.00000000,0
10464,0,1893445,2,0,0.00000000,0
10465,0,1893448,16,0,0.00000000,0
10466,0,1893455,1,0,0.00000000,0
10467,0,1893486,2,0,0.00000000,0
10468,0,1893488,1,0,0.00000000,0
10469,0,1893495,58,0,0.00000000,0
10470,0,1893496,42,0,0.00000000,0
10471,0,1893546,104,0,0.00000000,0
10472,0,1893550,39,0,0.00000000,0
10473,0,1893552,1,0,0.00000000,0
10474,0,1893553,2,0,0.00000000,0
10475,0,1893554,19,0,0.00000000,0
10476,0,1893555,32,0,0.00000000,0
10477,0,1893597,74,0,0.00000000,0
10478,0,1893615,64,0,0.00000000,0
10479,0,1893632,134,0,0.00000000,0
10480,0,1893647,97,0,0.00000000,0
10481,0,1893692,1,0,0.00000000,0
10482,0,1893693,2,0,0.00000000,0
10483,0,1893698,106,0,0.00000000,0
10484,0,1893709,2,0,0.00000000,0
10485,0,1893719,64,0,0.00000000,0
10486,0,1893720,2,0,0.00000000,0
10487,0,1893738,90,0,0.00000000,0
10488,0,1893740,1,0,0.00000000,0
10489,0,1893741,29,0,0.00000000,0
10490,0,1893744,11,0,0.00000000,0
10491,0,1893746,9,0,0.00000000,0
10492,0,1893748,7,0,0.00000000,0
10493,0,1893749,112,0,0.00000000,0
10494,0,1893750,9,0,0.00000000,0
10495,0,1893755,10,0,0.00000000,0
10496,0,1893759,268,0,0.00000000,0
10497,0,1893760,130,0,0.00000000,0
10498,0,1893791,1,0,0.00000000,0
10499,0,1893800,123,0,0.00000000,0
10500,0,1893812,264,130,0.49242424,1
10501,0,1893834,27,0,0.00000000,0
10502,0,1893835,282,0,0.00000000,0
10503,0,1893836,5,0,0.00000000,0
10504,0,1893837,3,0,0.00000000,0
10505,0,1893839,1,0,0.00000000,0
10506,0,1893840,1,0,0.00000000,0
10507,0,1893842,1,0,0.00000000,0
10508,0,1893843,24,0,0.00000000,0
10509,0,1893844,4,0,0.00000000,0
10510,0,1893847,5,0,0.00000000,0
10511,0,1893848,8,0,0.00000000,0
10512,0,1893849,2,0,0.00000000,0
10513,0,1893851,104,0,0.00000000,0
10514,0,1893852,22,0,0.00000000,0
10515,0,1893854,14,0,0.00000000,0
10516,0,1893856,14,0,0.00000000,0
10517,0,1893857,18,0,0.00000000,0
10518,0,1893858,14,0,0.00000000,0
10519,0,1893859,29,0,0.00000000,0
10520,0,1893860,16,0,0.00000000,0
10521,0,1893862,18,0,0.00000000,0
10522,0,1893863,3,2,0.66666667,1
10523,0,1893865,2,0,0.00000000,0
10524,0,1893866,2,0,0.00000000,0
10525,0,1893867,6,0,0.00000000,0
10526,0,1893868,6,0,0.00000000,0
10527,0,1893870,30,30,1.00000000,1
10528,0,1893871,303,303,1.00000000,1
10529,0,1893877,14,0,0.00000000,0
10530,0,1893881,9,0,0.00000000,0
10531,0,1893886,3,0,0.00000000,0
10532,0,1893887,1,0,0.00000000,0
10533,0,1893899,2,0,0.00000000,0
10534,0,1893903,4,0,0.00000000,0
10535,0,1893906,17,0,0.00000000,0
10536,0,1893908,12,0,0.00000000,0
10537,0,1893920,19,0,0.00000000,0
10538,0,1893921,7,0,0.00000000,0
10539,0,1893922,14,0,0.00000000,0
10540,0,1893923,2,0,0.00000000,0
10541,0,1893926,2,0,0.00000000,0
10542,0,1893929,2,0,0.00000000,0
10543,0,1893933,2,0,0.00000000,0
10544,0,1893935,2,0,0.00000000,0
10545,0,1893937,1,0,0.00000000,0
10546,0,1893938,2,0,0.00000000,0
10547,0,1893940,4,0,0.00000000,0
10548,0,1893943,17,0,0.00000000,0
10549,0,1893964,1,0,0.00000000,0
10550,0,1893980,32,0,0.00000000,0
10551,0,1893981,5,0,0.00000000,0
10552,0,1893982,12,0,0.00000000,0
10553,0,1893983,4,0,0.00000000,0
10554,0,1893984,8,8,1.00000000,1
