dataset,feature,shingle_size,trees,sample_size,time_decay,label_spec,label_rate,target_alert_rate,actual_alert_rate,threshold,records,positives,predicted,tp,fp,fn,tn,precision,recall,f1,label_segments,segments_hit_w0,segment_recall_w0,segments_hit_w1,segment_recall_w1,segments_hit_w2,segment_recall_w2,alert_groups,alert_groups_hit,alert_group_precision,alerts_per_day
bgl,evidence,1,50,256,default,count_ge_1,0.08726316,0.0050,0.00536842,1.82114760,9500,829,51,10,41,819,8630,0.196078,0.012063,0.022727,559,9,0.016100,11,0.019678,13,0.023256,26,12,0.461538,0.7731
bgl,evidence,1,50,256,default,count_ge_2,0.06473684,0.0050,0.00536842,1.82114760,9500,615,51,9,42,606,8843,0.176471,0.014634,0.027027,409,8,0.019560,10,0.024450,12,0.029340,26,11,0.423077,0.7731
bgl,evidence,1,50,256,default,count_ge_3,0.04842105,0.0050,0.00536842,1.82114760,9500,460,51,8,43,452,8997,0.156863,0.017391,0.031311,299,7,0.023411,8,0.026756,10,0.033445,26,9,0.346154,0.7731
bgl,evidence,1,50,256,default,count_ge_5,0.04431579,0.0050,0.00536842,1.82114760,9500,421,51,8,43,413,9036,0.156863,0.019002,0.033898,275,7,0.025455,8,0.029091,10,0.036364,26,9,0.346154,0.7731
bgl,evidence,1,50,256,default,count_ge_10,0.03663158,0.0050,0.00536842,1.82114760,9500,348,51,8,43,340,9109,0.156863,0.022989,0.040100,242,7,0.028926,7,0.028926,7,0.028926,26,6,0.230769,0.7731
bgl,evidence,1,50,256,default,count_ge_20,0.03231579,0.0050,0.00536842,1.82114760,9500,307,51,8,43,299,9150,0.156863,0.026059,0.044693,218,7,0.032110,7,0.032110,7,0.032110,26,6,0.230769,0.7731
bgl,evidence,1,50,256,default,count_ge_50,0.02926316,0.0050,0.00536842,1.82114760,9500,278,51,8,43,270,9179,0.156863,0.028777,0.048632,203,7,0.034483,7,0.034483,7,0.034483,26,6,0.230769,0.7731
bgl,evidence,1,50,256,default,count_ge_100,0.02578947,0.0050,0.00536842,1.82114760,9500,245,51,8,43,237,9212,0.156863,0.032653,0.054054,185,7,0.037838,7,0.037838,7,0.037838,26,6,0.230769,0.7731
bgl,evidence,1,50,256,default,count_ge_200,0.02073684,0.0050,0.00536842,1.82114760,9500,197,51,7,44,190,9259,0.137255,0.035533,0.056452,155,6,0.038710,6,0.038710,6,0.038710,26,5,0.192308,0.7731
bgl,evidence,1,50,256,default,count_ge_500,0.00936842,0.0050,0.00536842,1.82114760,9500,89,51,4,47,85,9364,0.078431,0.044944,0.057143,84,4,0.047619,4,0.047619,4,0.047619,26,4,0.153846,0.7731
bgl,evidence,1,50,256,default,count_ge_1000,0.00315789,0.0050,0.00536842,1.82114760,9500,30,51,2,49,28,9421,0.039216,0.066667,0.049383,29,2,0.068966,2,0.068966,2,0.068966,26,2,0.076923,0.7731
bgl,evidence,1,50,256,default,fraction_ge_0.001,0.08642105,0.0050,0.00536842,1.82114760,9500,821,51,9,42,812,8637,0.176471,0.010962,0.020642,551,8,0.014519,10,0.018149,12,0.021779,26,11,0.423077,0.7731
bgl,evidence,1,50,256,default,fraction_ge_0.005,0.08126316,0.0050,0.00536842,1.82114760,9500,772,51,9,42,763,8686,0.176471,0.011658,0.021871,513,8,0.015595,9,0.017544,12,0.023392,26,11,0.423077,0.7731
bgl,evidence,1,50,256,default,fraction_ge_0.010,0.07778947,0.0050,0.00536842,1.82114760,9500,739,51,9,42,730,8719,0.176471,0.012179,0.022785,489,8,0.016360,9,0.018405,10,0.020450,26,9,0.346154,0.7731
bgl,evidence,1,50,256,default,fraction_ge_0.050,0.05863158,0.0050,0.00536842,1.82114760,9500,557,51,9,42,548,8901,0.176471,0.016158,0.029605,355,8,0.022535,9,0.025352,10,0.028169,26,9,0.346154,0.7731
bgl,evidence,1,50,256,default,fraction_ge_0.100,0.05526316,0.0050,0.00536842,1.82114760,9500,525,51,7,44,518,8931,0.137255,0.013333,0.024306,333,7,0.021021,8,0.024024,9,0.027027,26,8,0.307692,0.7731
bgl,evidence,1,50,256,default,fraction_ge_0.200,0.05136842,0.0050,0.00536842,1.82114760,9500,488,51,7,44,481,8968,0.137255,0.014344,0.025974,312,7,0.022436,8,0.025641,9,0.028846,26,8,0.307692,0.7731
bgl,evidence,1,50,256,default,fraction_ge_0.500,0.03989474,0.0050,0.00536842,1.82114760,9500,379,51,5,46,374,9075,0.098039,0.013193,0.023256,257,5,0.019455,5,0.019455,6,0.023346,26,5,0.192308,0.7731
bgl,evidence,1,50,256,default,count_ge_1,0.08726316,0.0100,0.00810526,1.68474634,9500,829,77,14,63,815,8608,0.181818,0.016888,0.030905,559,12,0.021467,14,0.025045,17,0.030411,34,16,0.470588,1.1672
bgl,evidence,1,50,256,default,count_ge_2,0.06473684,0.0100,0.00810526,1.68474634,9500,615,77,12,65,603,8820,0.155844,0.019512,0.034682,409,10,0.024450,12,0.029340,15,0.036675,34,14,0.411765,1.1672
bgl,evidence,1,50,256,default,count_ge_3,0.04842105,0.0100,0.00810526,1.68474634,9500,460,77,11,66,449,8974,0.142857,0.023913,0.040968,299,9,0.030100,10,0.033445,13,0.043478,34,12,0.352941,1.1672
bgl,evidence,1,50,256,default,count_ge_5,0.04431579,0.0100,0.00810526,1.68474634,9500,421,77,11,66,410,9013,0.142857,0.026128,0.044177,275,9,0.032727,10,0.036364,13,0.047273,34,12,0.352941,1.1672
bgl,evidence,1,50,256,default,count_ge_10,0.03663158,0.0100,0.00810526,1.68474634,9500,348,77,11,66,337,9086,0.142857,0.031609,0.051765,242,9,0.037190,9,0.037190,9,0.037190,34,8,0.235294,1.1672
bgl,evidence,1,50,256,default,count_ge_20,0.03231579,0.0100,0.00810526,1.68474634,9500,307,77,11,66,296,9127,0.142857,0.035831,0.057292,218,9,0.041284,9,0.041284,9,0.041284,34,8,0.235294,1.1672
bgl,evidence,1,50,256,default,count_ge_50,0.02926316,0.0100,0.00810526,1.68474634,9500,278,77,11,66,267,9156,0.142857,0.039568,0.061972,203,9,0.044335,9,0.044335,9,0.044335,34,8,0.235294,1.1672
bgl,evidence,1,50,256,default,count_ge_100,0.02578947,0.0100,0.00810526,1.68474634,9500,245,77,10,67,235,9188,0.129870,0.040816,0.062112,185,9,0.048649,9,0.048649,9,0.048649,34,8,0.235294,1.1672
bgl,evidence,1,50,256,default,count_ge_200,0.02073684,0.0100,0.00810526,1.68474634,9500,197,77,7,70,190,9233,0.090909,0.035533,0.051095,155,6,0.038710,6,0.038710,6,0.038710,34,5,0.147059,1.1672
bgl,evidence,1,50,256,default,count_ge_500,0.00936842,0.0100,0.00810526,1.68474634,9500,89,77,4,73,85,9338,0.051948,0.044944,0.048193,84,4,0.047619,4,0.047619,4,0.047619,34,4,0.117647,1.1672
bgl,evidence,1,50,256,default,count_ge_1000,0.00315789,0.0100,0.00810526,1.68474634,9500,30,77,2,75,28,9395,0.025974,0.066667,0.037383,29,2,0.068966,2,0.068966,2,0.068966,34,2,0.058824,1.1672
bgl,evidence,1,50,256,default,fraction_ge_0.001,0.08642105,0.0100,0.00810526,1.68474634,9500,821,77,13,64,808,8615,0.168831,0.015834,0.028953,551,11,0.019964,13,0.023593,16,0.029038,34,15,0.441176,1.1672
bgl,evidence,1,50,256,default,fraction_ge_0.005,0.08126316,0.0100,0.00810526,1.68474634,9500,772,77,13,64,759,8664,0.168831,0.016839,0.030624,513,11,0.021442,12,0.023392,16,0.031189,34,15,0.441176,1.1672
bgl,evidence,1,50,256,default,fraction_ge_0.010,0.07778947,0.0100,0.00810526,1.68474634,9500,739,77,13,64,726,8697,0.168831,0.017591,0.031863,489,11,0.022495,12,0.024540,14,0.028630,34,13,0.382353,1.1672
bgl,evidence,1,50,256,default,fraction_ge_0.050,0.05863158,0.0100,0.00810526,1.68474634,9500,557,77,13,64,544,8879,0.168831,0.023339,0.041009,355,11,0.030986,12,0.033803,13,0.036620,34,12,0.352941,1.1672
bgl,evidence,1,50,256,default,fraction_ge_0.100,0.05526316,0.0100,0.00810526,1.68474634,9500,525,77,11,66,514,8909,0.142857,0.020952,0.036545,333,10,0.030030,11,0.033033,12,0.036036,34,11,0.323529,1.1672
bgl,evidence,1,50,256,default,fraction_ge_0.200,0.05136842,0.0100,0.00810526,1.68474634,9500,488,77,11,66,477,8946,0.142857,0.022541,0.038938,312,10,0.032051,11,0.035256,12,0.038462,34,11,0.323529,1.1672
bgl,evidence,1,50,256,default,fraction_ge_0.500,0.03989474,0.0100,0.00810526,1.68474634,9500,379,77,8,69,371,9052,0.103896,0.021108,0.035088,257,8,0.031128,8,0.031128,9,0.035019,34,8,0.235294,1.1672
bgl,evidence,1,50,256,default,count_ge_1,0.08726316,0.0200,0.01105263,1.55180233,9500,829,105,18,87,811,8584,0.171429,0.021713,0.038544,559,16,0.028623,21,0.037567,26,0.046512,47,23,0.489362,1.5916
bgl,evidence,1,50,256,default,count_ge_2,0.06473684,0.0200,0.01105263,1.55180233,9500,615,105,15,90,600,8795,0.142857,0.024390,0.041667,409,13,0.031785,16,0.039120,21,0.051345,47,18,0.382979,1.5916
bgl,evidence,1,50,256,default,count_ge_3,0.04842105,0.0200,0.01105263,1.55180233,9500,460,105,14,91,446,8949,0.133333,0.030435,0.049558,299,12,0.040134,13,0.043478,18,0.060201,47,15,0.319149,1.5916
bgl,evidence,1,50,256,default,count_ge_5,0.04431579,0.0200,0.01105263,1.55180233,9500,421,105,14,91,407,8988,0.133333,0.033254,0.053232,275,12,0.043636,13,0.047273,18,0.065455,47,15,0.319149,1.5916
bgl,evidence,1,50,256,default,count_ge_10,0.03663158,0.0200,0.01105263,1.55180233,9500,348,105,14,91,334,9061,0.133333,0.040230,0.061810,242,12,0.049587,12,0.049587,14,0.057851,47,11,0.234043,1.5916
bgl,evidence,1,50,256,default,count_ge_20,0.03231579,0.0200,0.01105263,1.55180233,9500,307,105,14,91,293,9102,0.133333,0.045603,0.067961,218,12,0.055046,12,0.055046,14,0.064220,47,11,0.234043,1.5916
bgl,evidence,1,50,256,default,count_ge_50,0.02926316,0.0200,0.01105263,1.55180233,9500,278,105,14,91,264,9131,0.133333,0.050360,0.073107,203,12,0.059113,12,0.059113,14,0.068966,47,11,0.234043,1.5916
bgl,evidence,1,50,256,default,count_ge_100,0.02578947,0.0200,0.01105263,1.55180233,9500,245,105,13,92,232,9163,0.123810,0.053061,0.074286,185,12,0.064865,12,0.064865,13,0.070270,47,11,0.234043,1.5916
bgl,evidence,1,50,256,default,count_ge_200,0.02073684,0.0200,0.01105263,1.55180233,9500,197,105,9,96,188,9207,0.085714,0.045685,0.059603,155,8,0.051613,8,0.051613,8,0.051613,47,7,0.148936,1.5916
bgl,evidence,1,50,256,default,count_ge_500,0.00936842,0.0200,0.01105263,1.55180233,9500,89,105,4,101,85,9310,0.038095,0.044944,0.041237,84,4,0.047619,4,0.047619,4,0.047619,47,4,0.085106,1.5916
bgl,evidence,1,50,256,default,count_ge_1000,0.00315789,0.0200,0.01105263,1.55180233,9500,30,105,2,103,28,9367,0.019048,0.066667,0.029630,29,2,0.068966,2,0.068966,2,0.068966,47,2,0.042553,1.5916
bgl,evidence,1,50,256,default,fraction_ge_0.001,0.08642105,0.0200,0.01105263,1.55180233,9500,821,105,17,88,804,8591,0.161905,0.020706,0.036717,551,15,0.027223,20,0.036298,25,0.045372,47,22,0.468085,1.5916
bgl,evidence,1,50,256,default,fraction_ge_0.005,0.08126316,0.0200,0.01105263,1.55180233,9500,772,105,17,88,755,8640,0.161905,0.022021,0.038769,513,15,0.029240,19,0.037037,24,0.046784,47,21,0.446809,1.5916
bgl,evidence,1,50,256,default,fraction_ge_0.010,0.07778947,0.0200,0.01105263,1.55180233,9500,739,105,17,88,722,8673,0.161905,0.023004,0.040284,489,15,0.030675,19,0.038855,22,0.044990,47,19,0.404255,1.5916
bgl,evidence,1,50,256,default,fraction_ge_0.050,0.05863158,0.0200,0.01105263,1.55180233,9500,557,105,17,88,540,8855,0.161905,0.030521,0.051360,355,15,0.042254,18,0.050704,20,0.056338,47,17,0.361702,1.5916
bgl,evidence,1,50,256,default,fraction_ge_0.100,0.05526316,0.0200,0.01105263,1.55180233,9500,525,105,15,90,510,8885,0.142857,0.028571,0.047619,333,14,0.042042,17,0.051051,19,0.057057,47,16,0.340426,1.5916
bgl,evidence,1,50,256,default,fraction_ge_0.200,0.05136842,0.0200,0.01105263,1.55180233,9500,488,105,14,91,474,8921,0.133333,0.028689,0.047218,312,13,0.041667,17,0.054487,19,0.060897,47,16,0.340426,1.5916
bgl,evidence,1,50,256,default,fraction_ge_0.500,0.03989474,0.0200,0.01105263,1.55180233,9500,379,105,11,94,368,9027,0.104762,0.029024,0.045455,257,11,0.042802,13,0.050584,13,0.050584,47,12,0.255319,1.5916
bgl,evidence,4,50,256,default,count_ge_1,0.08726316,0.0050,0.01252632,1.38616585,9500,829,119,12,107,817,8564,0.100840,0.014475,0.025316,559,8,0.014311,11,0.019678,13,0.023256,25,10,0.400000,1.8038
bgl,evidence,4,50,256,default,count_ge_2,0.06473684,0.0050,0.01252632,1.38616585,9500,615,119,12,107,603,8778,0.100840,0.019512,0.032698,409,8,0.019560,10,0.024450,12,0.029340,25,9,0.360000,1.8038
bgl,evidence,4,50,256,default,count_ge_3,0.04842105,0.0050,0.01252632,1.38616585,9500,460,119,9,110,451,8930,0.075630,0.019565,0.031088,299,7,0.023411,9,0.030100,11,0.036789,25,8,0.320000,1.8038
bgl,evidence,4,50,256,default,count_ge_5,0.04431579,0.0050,0.01252632,1.38616585,9500,421,119,8,111,413,8968,0.067227,0.019002,0.029630,275,6,0.021818,8,0.029091,10,0.036364,25,7,0.280000,1.8038
bgl,evidence,4,50,256,default,count_ge_10,0.03663158,0.0050,0.01252632,1.38616585,9500,348,119,4,115,344,9037,0.033613,0.011494,0.017131,242,3,0.012397,3,0.012397,4,0.016529,25,3,0.120000,1.8038
bgl,evidence,4,50,256,default,count_ge_20,0.03231579,0.0050,0.01252632,1.38616585,9500,307,119,4,115,303,9078,0.033613,0.013029,0.018779,218,3,0.013761,3,0.013761,4,0.018349,25,3,0.120000,1.8038
bgl,evidence,4,50,256,default,count_ge_50,0.02926316,0.0050,0.01252632,1.38616585,9500,278,119,4,115,274,9107,0.033613,0.014388,0.020151,203,3,0.014778,3,0.014778,4,0.019704,25,3,0.120000,1.8038
bgl,evidence,4,50,256,default,count_ge_100,0.02578947,0.0050,0.01252632,1.38616585,9500,245,119,4,115,241,9140,0.033613,0.016327,0.021978,185,3,0.016216,3,0.016216,4,0.021622,25,3,0.120000,1.8038
bgl,evidence,4,50,256,default,count_ge_200,0.02073684,0.0050,0.01252632,1.38616585,9500,197,119,4,115,193,9188,0.033613,0.020305,0.025316,155,3,0.019355,3,0.019355,4,0.025806,25,3,0.120000,1.8038
bgl,evidence,4,50,256,default,count_ge_500,0.00936842,0.0050,0.01252632,1.38616585,9500,89,119,2,117,87,9294,0.016807,0.022472,0.019231,84,2,0.023810,2,0.023810,2,0.023810,25,2,0.080000,1.8038
bgl,evidence,4,50,256,default,count_ge_1000,0.00315789,0.0050,0.01252632,1.38616585,9500,30,119,1,118,29,9352,0.008403,0.033333,0.013423,29,1,0.034483,1,0.034483,1,0.034483,25,1,0.040000,1.8038
bgl,evidence,4,50,256,default,fraction_ge_0.001,0.08642105,0.0050,0.01252632,1.38616585,9500,821,119,11,108,810,8571,0.092437,0.013398,0.023404,551,7,0.012704,10,0.018149,12,0.021779,25,9,0.360000,1.8038
bgl,evidence,4,50,256,default,fraction_ge_0.005,0.08126316,0.0050,0.01252632,1.38616585,9500,772,119,10,109,762,8619,0.084034,0.012953,0.022447,513,7,0.013645,10,0.019493,12,0.023392,25,9,0.360000,1.8038
bgl,evidence,4,50,256,default,fraction_ge_0.010,0.07778947,0.0050,0.01252632,1.38616585,9500,739,119,8,111,731,8650,0.067227,0.010825,0.018648,489,5,0.010225,8,0.016360,10,0.020450,25,8,0.320000,1.8038
bgl,evidence,4,50,256,default,fraction_ge_0.050,0.05863158,0.0050,0.01252632,1.38616585,9500,557,119,7,112,550,8831,0.058824,0.012567,0.020710,355,5,0.014085,6,0.016901,7,0.019718,25,6,0.240000,1.8038
bgl,evidence,4,50,256,default,fraction_ge_0.100,0.05526316,0.0050,0.01252632,1.38616585,9500,525,119,5,114,520,8861,0.042017,0.009524,0.015528,333,4,0.012012,5,0.015015,6,0.018018,25,5,0.200000,1.8038
bgl,evidence,4,50,256,default,fraction_ge_0.200,0.05136842,0.0050,0.01252632,1.38616585,9500,488,119,5,114,483,8898,0.042017,0.010246,0.016474,312,4,0.012821,4,0.012821,5,0.016026,25,4,0.160000,1.8038
bgl,evidence,4,50,256,default,fraction_ge_0.500,0.03989474,0.0050,0.01252632,1.38616585,9500,379,119,3,116,376,9005,0.025210,0.007916,0.012048,257,2,0.007782,2,0.007782,3,0.011673,25,2,0.080000,1.8038
bgl,evidence,4,50,256,default,count_ge_1,0.08726316,0.0100,0.01642105,1.33219337,9500,829,156,18,138,811,8533,0.115385,0.021713,0.036548,559,13,0.023256,18,0.032200,26,0.046512,40,18,0.450000,2.3646
bgl,evidence,4,50,256,default,count_ge_2,0.06473684,0.0100,0.01642105,1.33219337,9500,615,156,17,139,598,8746,0.108974,0.027642,0.044099,409,12,0.029340,15,0.036675,22,0.053790,40,15,0.375000,2.3646
bgl,evidence,4,50,256,default,count_ge_3,0.04842105,0.0100,0.01642105,1.33219337,9500,460,156,12,144,448,8896,0.076923,0.026087,0.038961,299,10,0.033445,13,0.043478,19,0.063545,40,13,0.325000,2.3646
bgl,evidence,4,50,256,default,count_ge_5,0.04431579,0.0100,0.01642105,1.33219337,9500,421,156,11,145,410,8934,0.070513,0.026128,0.038128,275,9,0.032727,12,0.043636,18,0.065455,40,12,0.300000,2.3646
bgl,evidence,4,50,256,default,count_ge_10,0.03663158,0.0100,0.01642105,1.33219337,9500,348,156,7,149,341,9003,0.044872,0.020115,0.027778,242,6,0.024793,6,0.024793,12,0.049587,40,8,0.200000,2.3646
bgl,evidence,4,50,256,default,count_ge_20,0.03231579,0.0100,0.01642105,1.33219337,9500,307,156,7,149,300,9044,0.044872,0.022801,0.030238,218,6,0.027523,6,0.027523,12,0.055046,40,8,0.200000,2.3646
bgl,evidence,4,50,256,default,count_ge_50,0.02926316,0.0100,0.01642105,1.33219337,9500,278,156,7,149,271,9073,0.044872,0.025180,0.032258,203,6,0.029557,6,0.029557,12,0.059113,40,8,0.200000,2.3646
bgl,evidence,4,50,256,default,count_ge_100,0.02578947,0.0100,0.01642105,1.33219337,9500,245,156,6,150,239,9105,0.038462,0.024490,0.029925,185,5,0.027027,5,0.027027,10,0.054054,40,7,0.175000,2.3646
bgl,evidence,4,50,256,default,count_ge_200,0.02073684,0.0100,0.01642105,1.33219337,9500,197,156,4,152,193,9151,0.025641,0.020305,0.022663,155,3,0.019355,3,0.019355,6,0.038710,40,4,0.100000,2.3646
bgl,evidence,4,50,256,default,count_ge_500,0.00936842,0.0100,0.01642105,1.33219337,9500,89,156,2,154,87,9257,0.012821,0.022472,0.016327,84,2,0.023810,2,0.023810,4,0.047619,40,3,0.075000,2.3646
bgl,evidence,4,50,256,default,count_ge_1000,0.00315789,0.0100,0.01642105,1.33219337,9500,30,156,1,155,29,9315,0.006410,0.033333,0.010753,29,1,0.034483,1,0.034483,3,0.103448,40,2,0.050000,2.3646
bgl,evidence,4,50,256,default,fraction_ge_0.001,0.08642105,0.0100,0.01642105,1.33219337,9500,821,156,17,139,804,8540,0.108974,0.020706,0.034800,551,12,0.021779,16,0.029038,24,0.043557,40,17,0.425000,2.3646
bgl,evidence,4,50,256,default,fraction_ge_0.005,0.08126316,0.0100,0.01642105,1.33219337,9500,772,156,16,140,756,8588,0.102564,0.020725,0.034483,513,12,0.023392,16,0.031189,24,0.046784,40,17,0.425000,2.3646
bgl,evidence,4,50,256,default,fraction_ge_0.010,0.07778947,0.0100,0.01642105,1.33219337,9500,739,156,13,143,726,8618,0.083333,0.017591,0.029050,489,9,0.018405,13,0.026585,21,0.042945,40,16,0.400000,2.3646
bgl,evidence,4,50,256,default,fraction_ge_0.050,0.05863158,0.0100,0.01642105,1.33219337,9500,557,156,12,144,545,8799,0.076923,0.021544,0.033661,355,9,0.025352,10,0.028169,16,0.045070,40,12,0.300000,2.3646
bgl,evidence,4,50,256,default,fraction_ge_0.100,0.05526316,0.0100,0.01642105,1.33219337,9500,525,156,10,146,515,8829,0.064103,0.019048,0.029369,333,8,0.024024,9,0.027027,15,0.045045,40,11,0.275000,2.3646
bgl,evidence,4,50,256,default,fraction_ge_0.200,0.05136842,0.0100,0.01642105,1.33219337,9500,488,156,10,146,478,8866,0.064103,0.020492,0.031056,312,8,0.025641,8,0.025641,14,0.044872,40,10,0.250000,2.3646
bgl,evidence,4,50,256,default,fraction_ge_0.500,0.03989474,0.0100,0.01642105,1.33219337,9500,379,156,6,150,373,8971,0.038462,0.015831,0.022430,257,5,0.019455,5,0.019455,10,0.038911,40,7,0.175000,2.3646
bgl,evidence,4,50,256,default,count_ge_1,0.08726316,0.0200,0.02063158,1.27716794,9500,829,196,25,171,804,8500,0.127551,0.030157,0.048780,559,18,0.032200,22,0.039356,32,0.057245,51,21,0.411765,2.9709
bgl,evidence,4,50,256,default,count_ge_2,0.06473684,0.0200,0.02063158,1.27716794,9500,615,196,23,173,592,8712,0.117347,0.037398,0.056720,409,16,0.039120,19,0.046455,27,0.066015,51,17,0.333333,2.9709
bgl,evidence,4,50,256,default,count_ge_3,0.04842105,0.0200,0.02063158,1.27716794,9500,460,196,17,179,443,8861,0.086735,0.036957,0.051829,299,13,0.043478,15,0.050167,21,0.070234,51,13,0.254902,2.9709
bgl,evidence,4,50,256,default,count_ge_5,0.04431579,0.0200,0.02063158,1.27716794,9500,421,196,16,180,405,8899,0.081633,0.038005,0.051864,275,12,0.043636,14,0.050909,20,0.072727,51,12,0.235294,2.9709
bgl,evidence,4,50,256,default,count_ge_10,0.03663158,0.0200,0.02063158,1.27716794,9500,348,196,9,187,339,8965,0.045918,0.025862,0.033088,242,7,0.028926,8,0.033058,13,0.053719,51,8,0.156863,2.9709
bgl,evidence,4,50,256,default,count_ge_20,0.03231579,0.0200,0.02063158,1.27716794,9500,307,196,9,187,298,9006,0.045918,0.029316,0.035785,218,7,0.032110,8,0.036697,13,0.059633,51,8,0.156863,2.9709
bgl,evidence,4,50,256,default,count_ge_50,0.02926316,0.0200,0.02063158,1.27716794,9500,278,196,9,187,269,9035,0.045918,0.032374,0.037975,203,7,0.034483,8,0.039409,13,0.064039,51,8,0.156863,2.9709
bgl,evidence,4,50,256,default,count_ge_100,0.02578947,0.0200,0.02063158,1.27716794,9500,245,196,7,189,238,9066,0.035714,0.028571,0.031746,185,6,0.032432,7,0.037838,11,0.059459,51,7,0.137255,2.9709
bgl,evidence,4,50,256,default,count_ge_200,0.02073684,0.0200,0.02063158,1.27716794,9500,197,196,5,191,192,9112,0.025510,0.025381,0.025445,155,4,0.025806,4,0.025806,7,0.045161,51,5,0.098039,2.9709
bgl,evidence,4,50,256,default,count_ge_500,0.00936842,0.0200,0.02063158,1.27716794,9500,89,196,2,194,87,9217,0.010204,0.022472,0.014035,84,2,0.023810,2,0.023810,4,0.047619,51,3,0.058824,2.9709
bgl,evidence,4,50,256,default,count_ge_1000,0.00315789,0.0200,0.02063158,1.27716794,9500,30,196,1,195,29,9275,0.005102,0.033333,0.008850,29,1,0.034483,1,0.034483,3,0.103448,51,2,0.039216,2.9709
bgl,evidence,4,50,256,default,fraction_ge_0.001,0.08642105,0.0200,0.02063158,1.27716794,9500,821,196,23,173,798,8506,0.117347,0.028015,0.045231,551,16,0.029038,20,0.036298,30,0.054446,51,20,0.392157,2.9709
bgl,evidence,4,50,256,default,fraction_ge_0.005,0.08126316,0.0200,0.02063158,1.27716794,9500,772,196,22,174,750,8554,0.112245,0.028497,0.045455,513,16,0.031189,19,0.037037,28,0.054581,51,19,0.372549,2.9709
bgl,evidence,4,50,256,default,fraction_ge_0.010,0.07778947,0.0200,0.02063158,1.27716794,9500,739,196,18,178,721,8583,0.091837,0.024357,0.038503,489,13,0.026585,16,0.032720,25,0.051125,51,18,0.352941,2.9709
bgl,evidence,4,50,256,default,fraction_ge_0.050,0.05863158,0.0200,0.02063158,1.27716794,9500,557,196,15,181,542,8762,0.076531,0.026930,0.039841,355,11,0.030986,12,0.033803,20,0.056338,51,15,0.294118,2.9709
bgl,evidence,4,50,256,default,fraction_ge_0.100,0.05526316,0.0200,0.02063158,1.27716794,9500,525,196,13,183,512,8792,0.066327,0.024762,0.036061,333,10,0.030030,11,0.033033,18,0.054054,51,13,0.254902,2.9709
bgl,evidence,4,50,256,default,fraction_ge_0.200,0.05136842,0.0200,0.02063158,1.27716794,9500,488,196,13,183,475,8829,0.066327,0.026639,0.038012,312,10,0.032051,10,0.032051,16,0.051282,51,12,0.235294,2.9709
bgl,evidence,4,50,256,default,fraction_ge_0.500,0.03989474,0.0200,0.02063158,1.27716794,9500,379,196,8,188,371,8933,0.040816,0.021108,0.027826,257,7,0.027237,7,0.027237,12,0.046693,51,9,0.176471,2.9709
bgl,b25e,1,50,256,default,count_ge_1,0.08726316,0.0050,0.00136842,1.96590595,9500,829,13,11,2,818,8669,0.846154,0.013269,0.026128,559,9,0.016100,9,0.016100,13,0.023256,10,8,0.800000,0.1971
bgl,b25e,1,50,256,default,count_ge_2,0.06473684,0.0050,0.00136842,1.96590595,9500,615,13,11,2,604,8883,0.846154,0.017886,0.035032,409,9,0.022005,9,0.022005,13,0.031785,10,8,0.800000,0.1971
bgl,b25e,1,50,256,default,count_ge_3,0.04842105,0.0050,0.00136842,1.96590595,9500,460,13,9,4,451,9036,0.692308,0.019565,0.038055,299,7,0.023411,8,0.026756,11,0.036789,10,7,0.700000,0.1971
bgl,b25e,1,50,256,default,count_ge_5,0.04431579,0.0050,0.00136842,1.96590595,9500,421,13,9,4,412,9075,0.692308,0.021378,0.041475,275,7,0.025455,8,0.029091,11,0.040000,10,7,0.700000,0.1971
bgl,b25e,1,50,256,default,count_ge_10,0.03663158,0.0050,0.00136842,1.96590595,9500,348,13,5,8,343,9144,0.384615,0.014368,0.027701,242,4,0.016529,6,0.024793,9,0.037190,10,5,0.500000,0.1971
bgl,b25e,1,50,256,default,count_ge_20,0.03231579,0.0050,0.00136842,1.96590595,9500,307,13,4,9,303,9184,0.307692,0.013029,0.025000,218,4,0.018349,6,0.027523,8,0.036697,10,5,0.500000,0.1971
bgl,b25e,1,50,256,default,count_ge_50,0.02926316,0.0050,0.00136842,1.96590595,9500,278,13,2,11,276,9211,0.153846,0.007194,0.013746,203,2,0.009852,5,0.024631,7,0.034483,10,5,0.500000,0.1971
bgl,b25e,1,50,256,default,count_ge_100,0.02578947,0.0050,0.00136842,1.96590595,9500,245,13,2,11,243,9244,0.153846,0.008163,0.015504,185,2,0.010811,5,0.027027,6,0.032432,10,5,0.500000,0.1971
bgl,b25e,1,50,256,default,count_ge_200,0.02073684,0.0050,0.00136842,1.96590595,9500,197,13,1,12,196,9291,0.076923,0.005076,0.009524,155,1,0.006452,3,0.019355,3,0.019355,10,3,0.300000,0.1971
bgl,b25e,1,50,256,default,count_ge_500,0.00936842,0.0050,0.00136842,1.96590595,9500,89,13,1,12,88,9399,0.076923,0.011236,0.019608,84,1,0.011905,3,0.035714,3,0.035714,10,3,0.300000,0.1971
bgl,b25e,1,50,256,default,count_ge_1000,0.00315789,0.0050,0.00136842,1.96590595,9500,30,13,0,13,30,9457,0.000000,0.000000,0.000000,29,0,0.000000,0,0.000000,0,0.000000,10,0,0.000000,0.1971
bgl,b25e,1,50,256,default,fraction_ge_0.001,0.08642105,0.0050,0.00136842,1.96590595,9500,821,13,11,2,810,8677,0.846154,0.013398,0.026379,551,9,0.016334,9,0.016334,13,0.023593,10,8,0.800000,0.1971
bgl,b25e,1,50,256,default,fraction_ge_0.005,0.08126316,0.0050,0.00136842,1.96590595,9500,772,13,10,3,762,8725,0.769231,0.012953,0.025478,513,8,0.015595,8,0.015595,12,0.023392,10,7,0.700000,0.1971
bgl,b25e,1,50,256,default,fraction_ge_0.010,0.07778947,0.0050,0.00136842,1.96590595,9500,739,13,8,5,731,8756,0.615385,0.010825,0.021277,489,6,0.012270,7,0.014315,11,0.022495,10,6,0.600000,0.1971
bgl,b25e,1,50,256,default,fraction_ge_0.050,0.05863158,0.0050,0.00136842,1.96590595,9500,557,13,2,11,555,8932,0.153846,0.003591,0.007018,355,2,0.005634,6,0.016901,9,0.025352,10,6,0.600000,0.1971
bgl,b25e,1,50,256,default,fraction_ge_0.100,0.05526316,0.0050,0.00136842,1.96590595,9500,525,13,2,11,523,8964,0.153846,0.003810,0.007435,333,2,0.006006,5,0.015015,8,0.024024,10,6,0.600000,0.1971
bgl,b25e,1,50,256,default,fraction_ge_0.200,0.05136842,0.0050,0.00136842,1.96590595,9500,488,13,1,12,487,9000,0.076923,0.002049,0.003992,312,1,0.003205,5,0.016026,7,0.022436,10,6,0.600000,0.1971
bgl,b25e,1,50,256,default,fraction_ge_0.500,0.03989474,0.0050,0.00136842,1.96590595,9500,379,13,1,12,378,9109,0.076923,0.002639,0.005102,257,1,0.003891,2,0.007782,4,0.015564,10,4,0.400000,0.1971
bgl,b25e,1,50,256,default,count_ge_1,0.08726316,0.0100,0.00663158,1.65465939,9500,829,63,41,22,788,8649,0.650794,0.049457,0.091928,559,33,0.059034,34,0.060823,43,0.076923,41,30,0.731707,0.9549
bgl,b25e,1,50,256,default,count_ge_2,0.06473684,0.0100,0.00663158,1.65465939,9500,615,63,41,22,574,8863,0.650794,0.066667,0.120944,409,33,0.080685,34,0.083130,43,0.105134,41,30,0.731707,0.9549
bgl,b25e,1,50,256,default,count_ge_3,0.04842105,0.0100,0.00663158,1.65465939,9500,460,63,34,29,426,9011,0.539683,0.073913,0.130019,299,28,0.093645,30,0.100334,37,0.123746,41,28,0.682927,0.9549
bgl,b25e,1,50,256,default,count_ge_5,0.04431579,0.0100,0.00663158,1.65465939,9500,421,63,22,41,399,9038,0.349206,0.052257,0.090909,275,19,0.069091,21,0.076364,28,0.101818,41,20,0.487805,0.9549
bgl,b25e,1,50,256,default,count_ge_10,0.03663158,0.0100,0.00663158,1.65465939,9500,348,63,18,45,330,9107,0.285714,0.051724,0.087591,242,16,0.066116,18,0.074380,23,0.095041,41,17,0.414634,0.9549
bgl,b25e,1,50,256,default,count_ge_20,0.03231579,0.0100,0.00663158,1.65465939,9500,307,63,17,46,290,9147,0.269841,0.055375,0.091892,218,16,0.073394,18,0.082569,21,0.096330,41,17,0.414634,0.9549
bgl,b25e,1,50,256,default,count_ge_50,0.02926316,0.0100,0.00663158,1.65465939,9500,278,63,14,49,264,9173,0.222222,0.050360,0.082111,203,13,0.064039,16,0.078818,19,0.093596,41,16,0.390244,0.9549
bgl,b25e,1,50,256,default,count_ge_100,0.02578947,0.0100,0.00663158,1.65465939,9500,245,63,14,49,231,9206,0.222222,0.057143,0.090909,185,13,0.070270,16,0.086486,18,0.097297,41,16,0.390244,0.9549
bgl,b25e,1,50,256,default,count_ge_200,0.02073684,0.0100,0.00663158,1.65465939,9500,197,63,11,52,186,9251,0.174603,0.055838,0.084615,155,11,0.070968,13,0.083871,14,0.090323,41,12,0.292683,0.9549
bgl,b25e,1,50,256,default,count_ge_500,0.00936842,0.0100,0.00663158,1.65465939,9500,89,63,9,54,80,9357,0.142857,0.101124,0.118421,84,9,0.107143,11,0.130952,12,0.142857,41,10,0.243902,0.9549
bgl,b25e,1,50,256,default,count_ge_1000,0.00315789,0.0100,0.00663158,1.65465939,9500,30,63,1,62,29,9408,0.015873,0.033333,0.021505,29,1,0.034483,1,0.034483,1,0.034483,41,1,0.024390,0.9549
bgl,b25e,1,50,256,default,fraction_ge_0.001,0.08642105,0.0100,0.00663158,1.65465939,9500,821,63,41,22,780,8657,0.650794,0.049939,0.092760,551,33,0.059891,34,0.061706,42,0.076225,41,30,0.731707,0.9549
bgl,b25e,1,50,256,default,fraction_ge_0.005,0.08126316,0.0100,0.00663158,1.65465939,9500,772,63,40,23,732,8705,0.634921,0.051813,0.095808,513,32,0.062378,32,0.062378,41,0.079922,41,29,0.707317,0.9549
bgl,b25e,1,50,256,default,fraction_ge_0.010,0.07778947,0.0100,0.00663158,1.65465939,9500,739,63,36,27,703,8734,0.571429,0.048714,0.089776,489,29,0.059305,30,0.061350,37,0.075665,41,26,0.634146,0.9549
bgl,b25e,1,50,256,default,fraction_ge_0.050,0.05863158,0.0100,0.00663158,1.65465939,9500,557,63,15,48,542,8895,0.238095,0.026930,0.048387,355,14,0.039437,20,0.056338,27,0.076056,41,21,0.512195,0.9549
bgl,b25e,1,50,256,default,fraction_ge_0.100,0.05526316,0.0100,0.00663158,1.65465939,9500,525,63,13,50,512,8925,0.206349,0.024762,0.044218,333,12,0.036036,16,0.048048,22,0.066066,41,18,0.439024,0.9549
bgl,b25e,1,50,256,default,fraction_ge_0.200,0.05136842,0.0100,0.00663158,1.65465939,9500,488,63,10,53,478,8959,0.158730,0.020492,0.036298,312,9,0.028846,13,0.041667,18,0.057692,41,15,0.365854,0.9549
bgl,b25e,1,50,256,default,fraction_ge_0.500,0.03989474,0.0100,0.00663158,1.65465939,9500,379,63,3,60,376,9061,0.047619,0.007916,0.013575,257,3,0.011673,6,0.023346,9,0.035019,41,9,0.219512,0.9549
bgl,b25e,1,50,256,default,count_ge_1,0.08726316,0.0200,0.01200000,1.48849527,9500,829,114,66,48,763,8623,0.578947,0.079614,0.139979,559,57,0.101968,60,0.107335,67,0.119857,65,53,0.815385,1.7280
bgl,b25e,1,50,256,default,count_ge_2,0.06473684,0.0200,0.01200000,1.48849527,9500,615,114,66,48,549,8837,0.578947,0.107317,0.181070,409,57,0.139364,59,0.144254,66,0.161369,65,52,0.800000,1.7280
bgl,b25e,1,50,256,default,count_ge_3,0.04842105,0.0200,0.01200000,1.48849527,9500,460,114,58,56,402,8984,0.508772,0.126087,0.202091,299,51,0.170569,54,0.180602,59,0.197324,65,49,0.753846,1.7280
bgl,b25e,1,50,256,default,count_ge_5,0.04431579,0.0200,0.01200000,1.48849527,9500,421,114,41,73,380,9006,0.359649,0.097387,0.153271,275,37,0.134545,42,0.152727,47,0.170909,65,37,0.569231,1.7280
bgl,b25e,1,50,256,default,count_ge_10,0.03663158,0.0200,0.01200000,1.48849527,9500,348,114,37,77,311,9075,0.324561,0.106322,0.160173,242,34,0.140496,39,0.161157,43,0.177686,65,33,0.507692,1.7280
bgl,b25e,1,50,256,default,count_ge_20,0.03231579,0.0200,0.01200000,1.48849527,9500,307,114,36,78,271,9115,0.315789,0.117264,0.171021,218,34,0.155963,39,0.178899,41,0.188073,65,33,0.507692,1.7280
bgl,b25e,1,50,256,default,count_ge_50,0.02926316,0.0200,0.01200000,1.48849527,9500,278,114,33,81,245,9141,0.289474,0.118705,0.168367,203,31,0.152709,37,0.182266,39,0.192118,65,32,0.492308,1.7280
bgl,b25e,1,50,256,default,count_ge_100,0.02578947,0.0200,0.01200000,1.48849527,9500,245,114,31,83,214,9172,0.271930,0.126531,0.172702,185,29,0.156757,36,0.194595,38,0.205405,65,31,0.476923,1.7280
bgl,b25e,1,50,256,default,count_ge_200,0.02073684,0.0200,0.01200000,1.48849527,9500,197,114,24,90,173,9213,0.210526,0.121827,0.154341,155,24,0.154839,30,0.193548,31,0.200000,65,25,0.384615,1.7280
bgl,b25e,1,50,256,default,count_ge_500,0.00936842,0.0200,0.01200000,1.48849527,9500,89,114,20,94,69,9317,0.175439,0.224719,0.197044,84,20,0.238095,23,0.273810,25,0.297619,65,20,0.307692,1.7280
bgl,b25e,1,50,256,default,count_ge_1000,0.00315789,0.0200,0.01200000,1.48849527,9500,30,114,4,110,26,9360,0.035088,0.133333,0.055556,29,4,0.137931,5,0.172414,6,0.206897,65,6,0.092308,1.7280
bgl,b25e,1,50,256,default,fraction_ge_0.001,0.08642105,0.0200,0.01200000,1.48849527,9500,821,114,65,49,756,8630,0.570175,0.079172,0.139037,551,56,0.101633,59,0.107078,65,0.117967,65,52,0.800000,1.7280
bgl,b25e,1,50,256,default,fraction_ge_0.005,0.08126316,0.0200,0.01200000,1.48849527,9500,772,114,64,50,708,8678,0.561404,0.082902,0.144470,513,55,0.107212,57,0.111111,64,0.124756,65,51,0.784615,1.7280
bgl,b25e,1,50,256,default,fraction_ge_0.010,0.07778947,0.0200,0.01200000,1.48849527,9500,739,114,60,54,679,8707,0.526316,0.081191,0.140680,489,52,0.106339,55,0.112474,60,0.122699,65,47,0.723077,1.7280
bgl,b25e,1,50,256,default,fraction_ge_0.050,0.05863158,0.0200,0.01200000,1.48849527,9500,557,114,34,80,523,8863,0.298246,0.061041,0.101341,355,32,0.090141,43,0.121127,48,0.135211,65,39,0.600000,1.7280
bgl,b25e,1,50,256,default,fraction_ge_0.100,0.05526316,0.0200,0.01200000,1.48849527,9500,525,114,32,82,493,8893,0.280702,0.060952,0.100156,333,30,0.090090,37,0.111111,42,0.126126,65,35,0.538462,1.7280
bgl,b25e,1,50,256,default,fraction_ge_0.200,0.05136842,0.0200,0.01200000,1.48849527,9500,488,114,28,86,460,8926,0.245614,0.057377,0.093023,312,26,0.083333,33,0.105769,37,0.118590,65,31,0.476923,1.7280
bgl,b25e,1,50,256,default,fraction_ge_0.500,0.03989474,0.0200,0.01200000,1.48849527,9500,379,114,11,103,368,9018,0.096491,0.029024,0.044625,257,11,0.042802,20,0.077821,23,0.089494,65,21,0.323077,1.7280
bgl,b25e,4,50,256,default,count_ge_1,0.08726316,0.0050,0.00294737,1.48848121,9500,829,28,3,25,826,8646,0.107143,0.003619,0.007001,559,3,0.005367,5,0.008945,8,0.014311,12,6,0.500000,0.4244
bgl,b25e,4,50,256,default,count_ge_2,0.06473684,0.0050,0.00294737,1.48848121,9500,615,28,3,25,612,8860,0.107143,0.004878,0.009331,409,3,0.007335,5,0.012225,7,0.017115,12,5,0.416667,0.4244
bgl,b25e,4,50,256,default,count_ge_3,0.04842105,0.0050,0.00294737,1.48848121,9500,460,28,2,26,458,9014,0.071429,0.004348,0.008197,299,2,0.006689,4,0.013378,6,0.020067,12,5,0.416667,0.4244
bgl,b25e,4,50,256,default,count_ge_5,0.04431579,0.0050,0.00294737,1.48848121,9500,421,28,2,26,419,9053,0.071429,0.004751,0.008909,275,2,0.007273,4,0.014545,6,0.021818,12,5,0.416667,0.4244
bgl,b25e,4,50,256,default,count_ge_10,0.03663158,0.0050,0.00294737,1.48848121,9500,348,28,2,26,346,9126,0.071429,0.005747,0.010638,242,2,0.008264,3,0.012397,4,0.016529,12,3,0.250000,0.4244
bgl,b25e,4,50,256,default,count_ge_20,0.03231579,0.0050,0.00294737,1.48848121,9500,307,28,2,26,305,9167,0.071429,0.006515,0.011940,218,2,0.009174,3,0.013761,4,0.018349,12,3,0.250000,0.4244
bgl,b25e,4,50,256,default,count_ge_50,0.02926316,0.0050,0.00294737,1.48848121,9500,278,28,1,27,277,9195,0.035714,0.003597,0.006536,203,1,0.004926,2,0.009852,3,0.014778,12,3,0.250000,0.4244
bgl,b25e,4,50,256,default,count_ge_100,0.02578947,0.0050,0.00294737,1.48848121,9500,245,28,1,27,244,9228,0.035714,0.004082,0.007326,185,1,0.005405,2,0.010811,3,0.016216,12,3,0.250000,0.4244
bgl,b25e,4,50,256,default,count_ge_200,0.02073684,0.0050,0.00294737,1.48848121,9500,197,28,0,28,197,9275,0.000000,0.000000,0.000000,155,0,0.000000,0,0.000000,1,0.006452,12,1,0.083333,0.4244
bgl,b25e,4,50,256,default,count_ge_500,0.00936842,0.0050,0.00294737,1.48848121,9500,89,28,0,28,89,9383,0.000000,0.000000,0.000000,84,0,0.000000,0,0.000000,1,0.011905,12,1,0.083333,0.4244
bgl,b25e,4,50,256,default,count_ge_1000,0.00315789,0.0050,0.00294737,1.48848121,9500,30,28,0,28,30,9442,0.000000,0.000000,0.000000,29,0,0.000000,0,0.000000,0,0.000000,12,0,0.000000,0.4244
bgl,b25e,4,50,256,default,fraction_ge_0.001,0.08642105,0.0050,0.00294737,1.48848121,9500,821,28,2,26,819,8653,0.071429,0.002436,0.004711,551,2,0.003630,4,0.007260,7,0.012704,12,6,0.500000,0.4244
bgl,b25e,4,50,256,default,fraction_ge_0.005,0.08126316,0.0050,0.00294737,1.48848121,9500,772,28,2,26,770,8702,0.071429,0.002591,0.005000,513,2,0.003899,3,0.005848,7,0.013645,12,6,0.500000,0.4244
bgl,b25e,4,50,256,default,fraction_ge_0.010,0.07778947,0.0050,0.00294737,1.48848121,9500,739,28,2,26,737,8735,0.071429,0.002706,0.005215,489,2,0.004090,3,0.006135,5,0.010225,12,4,0.333333,0.4244
bgl,b25e,4,50,256,default,fraction_ge_0.050,0.05863158,0.0050,0.00294737,1.48848121,9500,557,28,1,27,556,8916,0.035714,0.001795,0.003419,355,1,0.002817,2,0.005634,4,0.011268,12,4,0.333333,0.4244
bgl,b25e,4,50,256,default,fraction_ge_0.100,0.05526316,0.0050,0.00294737,1.48848121,9500,525,28,1,27,524,8948,0.035714,0.001905,0.003617,333,1,0.003003,2,0.006006,3,0.009009,12,3,0.250000,0.4244
bgl,b25e,4,50,256,default,fraction_ge_0.200,0.05136842,0.0050,0.00294737,1.48848121,9500,488,28,1,27,487,8985,0.035714,0.002049,0.003876,312,1,0.003205,2,0.006410,2,0.006410,12,2,0.166667,0.4244
bgl,b25e,4,50,256,default,fraction_ge_0.500,0.03989474,0.0050,0.00294737,1.48848121,9500,379,28,0,28,379,9093,0.000000,0.000000,0.000000,257,0,0.000000,1,0.003891,1,0.003891,12,1,0.083333,0.4244
bgl,b25e,4,50,256,default,count_ge_1,0.08726316,0.0100,0.00736842,1.31352995,9500,829,70,13,57,816,8614,0.185714,0.015682,0.028921,559,10,0.017889,14,0.025045,17,0.030411,20,12,0.600000,1.0611
bgl,b25e,4,50,256,default,count_ge_2,0.06473684,0.0100,0.00736842,1.31352995,9500,615,70,13,57,602,8828,0.185714,0.021138,0.037956,409,10,0.024450,14,0.034230,16,0.039120,20,11,0.550000,1.0611
bgl,b25e,4,50,256,default,count_ge_3,0.04842105,0.0100,0.00736842,1.31352995,9500,460,70,11,59,449,8981,0.157143,0.023913,0.041509,299,8,0.026756,13,0.043478,14,0.046823,20,11,0.550000,1.0611
bgl,b25e,4,50,256,default,count_ge_5,0.04431579,0.0100,0.00736842,1.31352995,9500,421,70,11,59,410,9020,0.157143,0.026128,0.044807,275,8,0.029091,13,0.047273,14,0.050909,20,11,0.550000,1.0611
bgl,b25e,4,50,256,default,count_ge_10,0.03663158,0.0100,0.00736842,1.31352995,9500,348,70,9,61,339,9091,0.128571,0.025862,0.043062,242,6,0.024793,9,0.037190,11,0.045455,20,8,0.400000,1.0611
bgl,b25e,4,50,256,default,count_ge_20,0.03231579,0.0100,0.00736842,1.31352995,9500,307,70,8,62,299,9131,0.114286,0.026059,0.042440,218,6,0.027523,9,0.041284,11,0.050459,20,8,0.400000,1.0611
bgl,b25e,4,50,256,default,count_ge_50,0.02926316,0.0100,0.00736842,1.31352995,9500,278,70,6,64,272,9158,0.085714,0.021583,0.034483,203,5,0.024631,8,0.039409,10,0.049261,20,8,0.400000,1.0611
bgl,b25e,4,50,256,default,count_ge_100,0.02578947,0.0100,0.00736842,1.31352995,9500,245,70,4,66,241,9189,0.057143,0.016327,0.025397,185,4,0.021622,7,0.037838,9,0.048649,20,7,0.350000,1.0611
bgl,b25e,4,50,256,default,count_ge_200,0.02073684,0.0100,0.00736842,1.31352995,9500,197,70,2,68,195,9235,0.028571,0.010152,0.014981,155,2,0.012903,4,0.025806,5,0.032258,20,5,0.250000,1.0611
bgl,b25e,4,50,256,default,count_ge_500,0.00936842,0.0100,0.00736842,1.31352995,9500,89,70,2,68,87,9343,0.028571,0.022472,0.025157,84,2,0.023810,4,0.047619,5,0.059524,20,5,0.250000,1.0611
bgl,b25e,4,50,256,default,count_ge_1000,0.00315789,0.0100,0.00736842,1.31352995,9500,30,70,1,69,29,9401,0.014286,0.033333,0.020000,29,1,0.034483,1,0.034483,1,0.034483,20,1,0.050000,1.0611
bgl,b25e,4,50,256,default,fraction_ge_0.001,0.08642105,0.0100,0.00736842,1.31352995,9500,821,70,12,58,809,8621,0.171429,0.014616,0.026936,551,9,0.016334,13,0.023593,16,0.029038,20,12,0.600000,1.0611
bgl,b25e,4,50,256,default,fraction_ge_0.005,0.08126316,0.0100,0.00736842,1.31352995,9500,772,70,11,59,761,8669,0.157143,0.014249,0.026128,513,8,0.015595,13,0.025341,16,0.031189,20,12,0.600000,1.0611
bgl,b25e,4,50,256,default,fraction_ge_0.010,0.07778947,0.0100,0.00736842,1.31352995,9500,739,70,10,60,729,8701,0.142857,0.013532,0.024722,489,7,0.014315,11,0.022495,14,0.028630,20,10,0.500000,1.0611
bgl,b25e,4,50,256,default,fraction_ge_0.050,0.05863158,0.0100,0.00736842,1.31352995,9500,557,70,6,64,551,8879,0.085714,0.010772,0.019139,355,5,0.014085,9,0.025352,12,0.033803,20,10,0.500000,1.0611
bgl,b25e,4,50,256,default,fraction_ge_0.100,0.05526316,0.0100,0.00736842,1.31352995,9500,525,70,6,64,519,8911,0.085714,0.011429,0.020168,333,5,0.015015,8,0.024024,9,0.027027,20,8,0.400000,1.0611
bgl,b25e,4,50,256,default,fraction_ge_0.200,0.05136842,0.0100,0.00736842,1.31352995,9500,488,70,4,66,484,8946,0.057143,0.008197,0.014337,312,3,0.009615,7,0.022436,7,0.022436,20,6,0.300000,1.0611
bgl,b25e,4,50,256,default,fraction_ge_0.500,0.03989474,0.0100,0.00736842,1.31352995,9500,379,70,1,69,378,9052,0.014286,0.002639,0.004454,257,1,0.003891,2,0.007782,3,0.011673,20,3,0.150000,1.0611
bgl,b25e,4,50,256,default,count_ge_1,0.08726316,0.0200,0.01421053,1.16982063,9500,829,135,33,102,796,8569,0.244444,0.039807,0.068465,559,25,0.044723,27,0.048301,36,0.064401,37,24,0.648649,2.0463
bgl,b25e,4,50,256,default,count_ge_2,0.06473684,0.0200,0.01421053,1.16982063,9500,615,135,32,103,583,8782,0.237037,0.052033,0.085333,409,24,0.058680,25,0.061125,34,0.083130,37,22,0.594595,2.0463
bgl,b25e,4,50,256,default,count_ge_3,0.04842105,0.0200,0.01421053,1.16982063,9500,460,135,27,108,433,8932,0.200000,0.058696,0.090756,299,20,0.066890,21,0.070234,27,0.090301,37,19,0.513514,2.0463
bgl,b25e,4,50,256,default,count_ge_5,0.04431579,0.0200,0.01421053,1.16982063,9500,421,135,26,109,395,8970,0.192593,0.061758,0.093525,275,19,0.069091,20,0.072727,27,0.098182,37,18,0.486486,2.0463
bgl,b25e,4,50,256,default,count_ge_10,0.03663158,0.0200,0.01421053,1.16982063,9500,348,135,19,116,329,9036,0.140741,0.054598,0.078675,242,14,0.057851,17,0.070248,24,0.099174,37,16,0.432432,2.0463
bgl,b25e,4,50,256,default,count_ge_20,0.03231579,0.0200,0.01421053,1.16982063,9500,307,135,18,117,289,9076,0.133333,0.058632,0.081448,218,14,0.064220,17,0.077982,24,0.110092,37,16,0.432432,2.0463
bgl,b25e,4,50,256,default,count_ge_50,0.02926316,0.0200,0.01421053,1.16982063,9500,278,135,15,120,263,9102,0.111111,0.053957,0.072639,203,13,0.064039,16,0.078818,23,0.113300,37,16,0.432432,2.0463
bgl,b25e,4,50,256,default,count_ge_100,0.02578947,0.0200,0.01421053,1.16982063,9500,245,135,12,123,233,9132,0.088889,0.048980,0.063158,185,11,0.059459,14,0.075676,20,0.108108,37,14,0.378378,2.0463
bgl,b25e,4,50,256,default,count_ge_200,0.02073684,0.0200,0.01421053,1.16982063,9500,197,135,9,126,188,9177,0.066667,0.045685,0.054217,155,8,0.051613,10,0.064516,16,0.103226,37,13,0.351351,2.0463
bgl,b25e,4,50,256,default,count_ge_500,0.00936842,0.0200,0.01421053,1.16982063,9500,89,135,7,128,82,9283,0.051852,0.078652,0.062500,84,7,0.083333,8,0.095238,13,0.154762,37,10,0.270270,2.0463
bgl,b25e,4,50,256,default,count_ge_1000,0.00315789,0.0200,0.01421053,1.16982063,9500,30,135,1,134,29,9336,0.007407,0.033333,0.012121,29,1,0.034483,1,0.034483,4,0.137931,37,3,0.081081,2.0463
bgl,b25e,4,50,256,default,fraction_ge_0.001,0.08642105,0.0200,0.01421053,1.16982063,9500,821,135,32,103,789,8576,0.237037,0.038977,0.066946,551,24,0.043557,26,0.047187,34,0.061706,37,23,0.621622,2.0463
bgl,b25e,4,50,256,default,fraction_ge_0.005,0.08126316,0.0200,0.01421053,1.16982063,9500,772,135,31,104,741,8624,0.229630,0.040155,0.068357,513,24,0.046784,26,0.050682,34,0.066277,37,23,0.621622,2.0463
bgl,b25e,4,50,256,default,fraction_ge_0.010,0.07778947,0.0200,0.01421053,1.16982063,9500,739,135,27,108,712,8653,0.200000,0.036536,0.061785,489,21,0.042945,23,0.047035,31,0.063395,37,22,0.594595,2.0463
bgl,b25e,4,50,256,default,fraction_ge_0.050,0.05863158,0.0200,0.01421053,1.16982063,9500,557,135,17,118,540,8825,0.125926,0.030521,0.049133,355,14,0.039437,19,0.053521,26,0.073239,37,20,0.540541,2.0463
bgl,b25e,4,50,256,default,fraction_ge_0.100,0.05526316,0.0200,0.01421053,1.16982063,9500,525,135,15,120,510,8855,0.111111,0.028571,0.045455,333,13,0.039039,16,0.048048,23,0.069069,37,18,0.486486,2.0463
bgl,b25e,4,50,256,default,fraction_ge_0.200,0.05136842,0.0200,0.01421053,1.16982063,9500,488,135,13,122,475,8890,0.096296,0.026639,0.041734,312,11,0.035256,14,0.044872,21,0.067308,37,16,0.432432,2.0463
bgl,b25e,4,50,256,default,fraction_ge_0.500,0.03989474,0.0200,0.01421053,1.16982063,9500,379,135,6,129,373,8992,0.044444,0.015831,0.023346,257,6,0.023346,8,0.031128,13,0.050584,37,11,0.297297,2.0463
bgl,b50e,1,50,256,default,count_ge_1,0.08726316,0.0050,0.00063158,2.05699227,9500,829,6,2,4,827,8667,0.333333,0.002413,0.004790,559,2,0.003578,2,0.003578,2,0.003578,4,2,0.500000,0.0909
bgl,b50e,1,50,256,default,count_ge_2,0.06473684,0.0050,0.00063158,2.05699227,9500,615,6,2,4,613,8881,0.333333,0.003252,0.006441,409,2,0.004890,2,0.004890,2,0.004890,4,2,0.500000,0.0909
bgl,b50e,1,50,256,default,count_ge_3,0.04842105,0.0050,0.00063158,2.05699227,9500,460,6,2,4,458,9036,0.333333,0.004348,0.008584,299,2,0.006689,2,0.006689,2,0.006689,4,2,0.500000,0.0909
bgl,b50e,1,50,256,default,count_ge_5,0.04431579,0.0050,0.00063158,2.05699227,9500,421,6,2,4,419,9075,0.333333,0.004751,0.009368,275,2,0.007273,2,0.007273,2,0.007273,4,2,0.500000,0.0909
bgl,b50e,1,50,256,default,count_ge_10,0.03663158,0.0050,0.00063158,2.05699227,9500,348,6,1,5,347,9147,0.166667,0.002874,0.005650,242,1,0.004132,3,0.012397,3,0.012397,4,2,0.500000,0.0909
bgl,b50e,1,50,256,default,count_ge_20,0.03231579,0.0050,0.00063158,2.05699227,9500,307,6,1,5,306,9188,0.166667,0.003257,0.006390,218,1,0.004587,2,0.009174,3,0.013761,4,2,0.500000,0.0909
bgl,b50e,1,50,256,default,count_ge_50,0.02926316,0.0050,0.00063158,2.05699227,9500,278,6,0,6,278,9216,0.000000,0.000000,0.000000,203,0,0.000000,2,0.009852,2,0.009852,4,2,0.500000,0.0909
bgl,b50e,1,50,256,default,count_ge_100,0.02578947,0.0050,0.00063158,2.05699227,9500,245,6,0,6,245,9249,0.000000,0.000000,0.000000,185,0,0.000000,2,0.010811,2,0.010811,4,2,0.500000,0.0909
bgl,b50e,1,50,256,default,count_ge_200,0.02073684,0.0050,0.00063158,2.05699227,9500,197,6,0,6,197,9297,0.000000,0.000000,0.000000,155,0,0.000000,1,0.006452,1,0.006452,4,1,0.250000,0.0909
bgl,b50e,1,50,256,default,count_ge_500,0.00936842,0.0050,0.00063158,2.05699227,9500,89,6,0,6,89,9405,0.000000,0.000000,0.000000,84,0,0.000000,1,0.011905,1,0.011905,4,1,0.250000,0.0909
bgl,b50e,1,50,256,default,count_ge_1000,0.00315789,0.0050,0.00063158,2.05699227,9500,30,6,0,6,30,9464,0.000000,0.000000,0.000000,29,0,0.000000,0,0.000000,0,0.000000,4,0,0.000000,0.0909
bgl,b50e,1,50,256,default,fraction_ge_0.001,0.08642105,0.0050,0.00063158,2.05699227,9500,821,6,2,4,819,8675,0.333333,0.002436,0.004837,551,2,0.003630,2,0.003630,2,0.003630,4,2,0.500000,0.0909
bgl,b50e,1,50,256,default,fraction_ge_0.005,0.08126316,0.0050,0.00063158,2.05699227,9500,772,6,2,4,770,8724,0.333333,0.002591,0.005141,513,2,0.003899,2,0.003899,2,0.003899,4,2,0.500000,0.0909
bgl,b50e,1,50,256,default,fraction_ge_0.010,0.07778947,0.0050,0.00063158,2.05699227,9500,739,6,2,4,737,8757,0.333333,0.002706,0.005369,489,2,0.004090,2,0.004090,2,0.004090,4,2,0.500000,0.0909
bgl,b50e,1,50,256,default,fraction_ge_0.050,0.05863158,0.0050,0.00063158,2.05699227,9500,557,6,0,6,557,8937,0.000000,0.000000,0.000000,355,0,0.000000,2,0.005634,2,0.005634,4,2,0.500000,0.0909
bgl,b50e,1,50,256,default,fraction_ge_0.100,0.05526316,0.0050,0.00063158,2.05699227,9500,525,6,0,6,525,8969,0.000000,0.000000,0.000000,333,0,0.000000,1,0.003003,1,0.003003,4,1,0.250000,0.0909
bgl,b50e,1,50,256,default,fraction_ge_0.200,0.05136842,0.0050,0.00063158,2.05699227,9500,488,6,0,6,488,9006,0.000000,0.000000,0.000000,312,0,0.000000,1,0.003205,1,0.003205,4,1,0.250000,0.0909
bgl,b50e,1,50,256,default,fraction_ge_0.500,0.03989474,0.0050,0.00063158,2.05699227,9500,379,6,0,6,379,9115,0.000000,0.000000,0.000000,257,0,0.000000,1,0.003891,1,0.003891,4,1,0.250000,0.0909
bgl,b50e,1,50,256,default,count_ge_1,0.08726316,0.0100,0.00273684,1.73706715,9500,829,26,10,16,819,8655,0.384615,0.012063,0.023392,559,9,0.016100,9,0.016100,11,0.019678,16,8,0.500000,0.3941
bgl,b50e,1,50,256,default,count_ge_2,0.06473684,0.0100,0.00273684,1.73706715,9500,615,26,10,16,605,8869,0.384615,0.016260,0.031201,409,9,0.022005,9,0.022005,11,0.026895,16,8,0.500000,0.3941
bgl,b50e,1,50,256,default,count_ge_3,0.04842105,0.0100,0.00273684,1.73706715,9500,460,26,9,17,451,9023,0.346154,0.019565,0.037037,299,8,0.026756,8,0.026756,10,0.033445,16,7,0.437500,0.3941
bgl,b50e,1,50,256,default,count_ge_5,0.04431579,0.0100,0.00273684,1.73706715,9500,421,26,9,17,412,9062,0.346154,0.021378,0.040268,275,8,0.029091,8,0.029091,10,0.036364,16,7,0.437500,0.3941
bgl,b50e,1,50,256,default,count_ge_10,0.03663158,0.0100,0.00273684,1.73706715,9500,348,26,5,21,343,9131,0.192308,0.014368,0.026738,242,5,0.020661,6,0.024793,8,0.033058,16,5,0.312500,0.3941
bgl,b50e,1,50,256,default,count_ge_20,0.03231579,0.0100,0.00273684,1.73706715,9500,307,26,4,22,303,9171,0.153846,0.013029,0.024024,218,4,0.018349,6,0.027523,7,0.032110,16,5,0.312500,0.3941
bgl,b50e,1,50,256,default,count_ge_50,0.02926316,0.0100,0.00273684,1.73706715,9500,278,26,3,23,275,9199,0.115385,0.010791,0.019737,203,3,0.014778,5,0.024631,6,0.029557,16,5,0.312500,0.3941
bgl,b50e,1,50,256,default,count_ge_100,0.02578947,0.0100,0.00273684,1.73706715,9500,245,26,3,23,242,9232,0.115385,0.012245,0.022140,185,3,0.016216,5,0.027027,5,0.027027,16,5,0.312500,0.3941
bgl,b50e,1,50,256,default,count_ge_200,0.02073684,0.0100,0.00273684,1.73706715,9500,197,26,2,24,195,9279,0.076923,0.010152,0.017937,155,2,0.012903,3,0.019355,3,0.019355,16,3,0.187500,0.3941
bgl,b50e,1,50,256,default,count_ge_500,0.00936842,0.0100,0.00273684,1.73706715,9500,89,26,1,25,88,9386,0.038462,0.011236,0.017391,84,1,0.011905,2,0.023810,2,0.023810,16,2,0.125000,0.3941
bgl,b50e,1,50,256,default,count_ge_1000,0.00315789,0.0100,0.00273684,1.73706715,9500,30,26,0,26,30,9444,0.000000,0.000000,0.000000,29,0,0.000000,0,0.000000,0,0.000000,16,0,0.000000,0.3941
bgl,b50e,1,50,256,default,fraction_ge_0.001,0.08642105,0.0100,0.00273684,1.73706715,9500,821,26,9,17,812,8662,0.346154,0.010962,0.021251,551,8,0.014519,8,0.014519,10,0.018149,16,7,0.437500,0.3941
bgl,b50e,1,50,256,default,fraction_ge_0.005,0.08126316,0.0100,0.00273684,1.73706715,9500,772,26,9,17,763,8711,0.346154,0.011658,0.022556,513,8,0.015595,8,0.015595,10,0.019493,16,7,0.437500,0.3941
bgl,b50e,1,50,256,default,fraction_ge_0.010,0.07778947,0.0100,0.00273684,1.73706715,9500,739,26,8,18,731,8743,0.307692,0.010825,0.020915,489,7,0.014315,7,0.014315,9,0.018405,16,6,0.375000,0.3941
bgl,b50e,1,50,256,default,fraction_ge_0.050,0.05863158,0.0100,0.00273684,1.73706715,9500,557,26,3,23,554,8920,0.115385,0.005386,0.010292,355,3,0.008451,6,0.016901,8,0.022535,16,6,0.375000,0.3941
bgl,b50e,1,50,256,default,fraction_ge_0.100,0.05526316,0.0100,0.00273684,1.73706715,9500,525,26,3,23,522,8952,0.115385,0.005714,0.010889,333,3,0.009009,5,0.015015,7,0.021021,16,5,0.312500,0.3941
bgl,b50e,1,50,256,default,fraction_ge_0.200,0.05136842,0.0100,0.00273684,1.73706715,9500,488,26,2,24,486,8988,0.076923,0.004098,0.007782,312,2,0.006410,5,0.016026,6,0.019231,16,5,0.312500,0.3941
bgl,b50e,1,50,256,default,fraction_ge_0.500,0.03989474,0.0100,0.00273684,1.73706715,9500,379,26,1,25,378,9096,0.038462,0.002639,0.004938,257,1,0.003891,4,0.015564,4,0.015564,16,3,0.187500,0.3941
bgl,b50e,1,50,256,default,count_ge_1,0.08726316,0.0200,0.00873684,1.51897256,9500,829,83,35,48,794,8623,0.421687,0.042220,0.076754,559,30,0.053667,31,0.055456,39,0.069767,48,29,0.604167,1.2581
bgl,b50e,1,50,256,default,count_ge_2,0.06473684,0.0200,0.00873684,1.51897256,9500,615,83,35,48,580,8837,0.421687,0.056911,0.100287,409,30,0.073350,31,0.075795,39,0.095355,48,29,0.604167,1.2581
bgl,b50e,1,50,256,default,count_ge_3,0.04842105,0.0200,0.00873684,1.51897256,9500,460,83,30,53,430,8987,0.361446,0.065217,0.110497,299,26,0.086957,28,0.093645,35,0.117057,48,28,0.583333,1.2581
bgl,b50e,1,50,256,default,count_ge_5,0.04431579,0.0200,0.00873684,1.51897256,9500,421,83,18,65,403,9014,0.216867,0.042755,0.071429,275,16,0.058182,20,0.072727,26,0.094545,48,19,0.395833,1.2581
bgl,b50e,1,50,256,default,count_ge_10,0.03663158,0.0200,0.00873684,1.51897256,9500,348,83,14,69,334,9083,0.168675,0.040230,0.064965,242,13,0.053719,18,0.074380,22,0.090909,48,16,0.333333,1.2581
bgl,b50e,1,50,256,default,count_ge_20,0.03231579,0.0200,0.00873684,1.51897256,9500,307,83,13,70,294,9123,0.156627,0.042345,0.066667,218,13,0.059633,18,0.082569,20,0.091743,48,16,0.333333,1.2581
bgl,b50e,1,50,256,default,count_ge_50,0.02926316,0.0200,0.00873684,1.51897256,9500,278,83,10,73,268,9149,0.120482,0.035971,0.055402,203,10,0.049261,16,0.078818,18,0.088670,48,15,0.312500,1.2581
bgl,b50e,1,50,256,default,count_ge_100,0.02578947,0.0200,0.00873684,1.51897256,9500,245,83,9,74,236,9181,0.108434,0.036735,0.054878,185,9,0.048649,16,0.086486,17,0.091892,48,15,0.312500,1.2581
bgl,b50e,1,50,256,default,count_ge_200,0.02073684,0.0200,0.00873684,1.51897256,9500,197,83,6,77,191,9226,0.072289,0.030457,0.042857,155,6,0.038710,11,0.070968,11,0.070968,48,10,0.208333,1.2581
bgl,b50e,1,50,256,default,count_ge_500,0.00936842,0.0200,0.00873684,1.51897256,9500,89,83,4,79,85,9332,0.048193,0.044944,0.046512,84,4,0.047619,8,0.095238,9,0.107143,48,8,0.166667,1.2581
bgl,b50e,1,50,256,default,count_ge_1000,0.00315789,0.0200,0.00873684,1.51897256,9500,30,83,1,82,29,9388,0.012048,0.033333,0.017699,29,1,0.034483,2,0.068966,2,0.068966,48,2,0.041667,1.2581
bgl,b50e,1,50,256,default,fraction_ge_0.001,0.08642105,0.0200,0.00873684,1.51897256,9500,821,83,33,50,788,8629,0.397590,0.040195,0.073009,551,28,0.050817,29,0.052632,37,0.067151,48,28,0.583333,1.2581
bgl,b50e,1,50,256,default,fraction_ge_0.005,0.08126316,0.0200,0.00873684,1.51897256,9500,772,83,33,50,739,8678,0.397590,0.042746,0.077193,513,28,0.054581,29,0.056530,36,0.070175,48,28,0.583333,1.2581
bgl,b50e,1,50,256,default,fraction_ge_0.010,0.07778947,0.0200,0.00873684,1.51897256,9500,739,83,31,52,708,8709,0.373494,0.041949,0.075426,489,26,0.053170,28,0.057260,34,0.069530,48,26,0.541667,1.2581
bgl,b50e,1,50,256,default,fraction_ge_0.050,0.05863158,0.0200,0.00873684,1.51897256,9500,557,83,11,72,546,8871,0.132530,0.019749,0.034375,355,11,0.030986,21,0.059155,27,0.076056,48,22,0.458333,1.2581
bgl,b50e,1,50,256,default,fraction_ge_0.100,0.05526316,0.0200,0.00873684,1.51897256,9500,525,83,10,73,515,8902,0.120482,0.019048,0.032895,333,10,0.030030,17,0.051051,22,0.066066,48,19,0.395833,1.2581
bgl,b50e,1,50,256,default,fraction_ge_0.200,0.05136842,0.0200,0.00873684,1.51897256,9500,488,83,7,76,481,8936,0.084337,0.014344,0.024518,312,7,0.022436,15,0.048077,19,0.060897,48,17,0.354167,1.2581
bgl,b50e,1,50,256,default,fraction_ge_0.500,0.03989474,0.0200,0.00873684,1.51897256,9500,379,83,3,80,376,9041,0.036145,0.007916,0.012987,257,3,0.011673,10,0.038911,14,0.054475,48,12,0.250000,1.2581
bgl,b50e,4,50,256,default,count_ge_1,0.08726316,0.0050,0.00189474,1.57100375,9500,829,18,2,16,827,8655,0.111111,0.002413,0.004723,559,2,0.003578,3,0.005367,5,0.008945,7,3,0.428571,0.2728
bgl,b50e,4,50,256,default,count_ge_2,0.06473684,0.0050,0.00189474,1.57100375,9500,615,18,2,16,613,8869,0.111111,0.003252,0.006319,409,2,0.004890,3,0.007335,4,0.009780,7,2,0.285714,0.2728
bgl,b50e,4,50,256,default,count_ge_3,0.04842105,0.0050,0.00189474,1.57100375,9500,460,18,1,17,459,9023,0.055556,0.002174,0.004184,299,1,0.003344,3,0.010033,3,0.010033,7,2,0.285714,0.2728
bgl,b50e,4,50,256,default,count_ge_5,0.04431579,0.0050,0.00189474,1.57100375,9500,421,18,1,17,420,9062,0.055556,0.002375,0.004556,275,1,0.003636,3,0.010909,3,0.010909,7,2,0.285714,0.2728
bgl,b50e,4,50,256,default,count_ge_10,0.03663158,0.0050,0.00189474,1.57100375,9500,348,18,1,17,347,9135,0.055556,0.002874,0.005464,242,1,0.004132,3,0.012397,3,0.012397,7,2,0.285714,0.2728
bgl,b50e,4,50,256,default,count_ge_20,0.03231579,0.0050,0.00189474,1.57100375,9500,307,18,1,17,306,9176,0.055556,0.003257,0.006154,218,1,0.004587,3,0.013761,3,0.013761,7,2,0.285714,0.2728
bgl,b50e,4,50,256,default,count_ge_50,0.02926316,0.0050,0.00189474,1.57100375,9500,278,18,0,18,278,9204,0.000000,0.000000,0.000000,203,0,0.000000,2,0.009852,2,0.009852,7,2,0.285714,0.2728
bgl,b50e,4,50,256,default,count_ge_100,0.02578947,0.0050,0.00189474,1.57100375,9500,245,18,0,18,245,9237,0.000000,0.000000,0.000000,185,0,0.000000,2,0.010811,2,0.010811,7,2,0.285714,0.2728
bgl,b50e,4,50,256,default,count_ge_200,0.02073684,0.0050,0.00189474,1.57100375,9500,197,18,0,18,197,9285,0.000000,0.000000,0.000000,155,0,0.000000,1,0.006452,1,0.006452,7,1,0.142857,0.2728
bgl,b50e,4,50,256,default,count_ge_500,0.00936842,0.0050,0.00189474,1.57100375,9500,89,18,0,18,89,9393,0.000000,0.000000,0.000000,84,0,0.000000,1,0.011905,1,0.011905,7,1,0.142857,0.2728
bgl,b50e,4,50,256,default,count_ge_1000,0.00315789,0.0050,0.00189474,1.57100375,9500,30,18,0,18,30,9452,0.000000,0.000000,0.000000,29,0,0.000000,0,0.000000,0,0.000000,7,0,0.000000,0.2728
bgl,b50e,4,50,256,default,fraction_ge_0.001,0.08642105,0.0050,0.00189474,1.57100375,9500,821,18,2,16,819,8663,0.111111,0.002436,0.004768,551,2,0.003630,3,0.005445,5,0.009074,7,3,0.428571,0.2728
bgl,b50e,4,50,256,default,fraction_ge_0.005,0.08126316,0.0050,0.00189474,1.57100375,9500,772,18,2,16,770,8712,0.111111,0.002591,0.005063,513,2,0.003899,3,0.005848,5,0.009747,7,3,0.428571,0.2728
bgl,b50e,4,50,256,default,fraction_ge_0.010,0.07778947,0.0050,0.00189474,1.57100375,9500,739,18,1,17,738,8744,0.055556,0.001353,0.002642,489,1,0.002045,3,0.006135,5,0.010225,7,3,0.428571,0.2728
bgl,b50e,4,50,256,default,fraction_ge_0.050,0.05863158,0.0050,0.00189474,1.57100375,9500,557,18,0,18,557,8925,0.000000,0.000000,0.000000,355,0,0.000000,2,0.005634,3,0.008451,7,3,0.428571,0.2728
bgl,b50e,4,50,256,default,fraction_ge_0.100,0.05526316,0.0050,0.00189474,1.57100375,9500,525,18,0,18,525,8957,0.000000,0.000000,0.000000,333,0,0.000000,2,0.006006,3,0.009009,7,3,0.428571,0.2728
bgl,b50e,4,50,256,default,fraction_ge_0.200,0.05136842,0.0050,0.00189474,1.57100375,9500,488,18,0,18,488,8994,0.000000,0.000000,0.000000,312,0,0.000000,2,0.006410,2,0.006410,7,2,0.285714,0.2728
bgl,b50e,4,50,256,default,fraction_ge_0.500,0.03989474,0.0050,0.00189474,1.57100375,9500,379,18,0,18,379,9103,0.000000,0.000000,0.000000,257,0,0.000000,1,0.003891,2,0.007782,7,2,0.285714,0.2728
bgl,b50e,4,50,256,default,count_ge_1,0.08726316,0.0100,0.00494737,1.36856974,9500,829,47,6,41,823,8630,0.127660,0.007238,0.013699,559,5,0.008945,10,0.017889,11,0.019678,15,7,0.466667,0.7124
bgl,b50e,4,50,256,default,count_ge_2,0.06473684,0.0100,0.00494737,1.36856974,9500,615,47,6,41,609,8844,0.127660,0.009756,0.018127,409,5,0.012225,9,0.022005,10,0.024450,15,6,0.400000,0.7124
bgl,b50e,4,50,256,default,count_ge_3,0.04842105,0.0100,0.00494737,1.36856974,9500,460,47,5,42,455,8998,0.106383,0.010870,0.019724,299,4,0.013378,7,0.023411,7,0.023411,15,5,0.333333,0.7124
bgl,b50e,4,50,256,default,count_ge_5,0.04431579,0.0100,0.00494737,1.36856974,9500,421,47,5,42,416,9037,0.106383,0.011876,0.021368,275,4,0.014545,6,0.021818,7,0.025455,15,4,0.266667,0.7124
bgl,b50e,4,50,256,default,count_ge_10,0.03663158,0.0100,0.00494737,1.36856974,9500,348,47,4,43,344,9109,0.085106,0.011494,0.020253,242,3,0.012397,4,0.016529,6,0.024793,15,3,0.200000,0.7124
bgl,b50e,4,50,256,default,count_ge_20,0.03231579,0.0100,0.00494737,1.36856974,9500,307,47,3,44,304,9149,0.063830,0.009772,0.016949,218,3,0.013761,4,0.018349,6,0.027523,15,3,0.200000,0.7124
bgl,b50e,4,50,256,default,count_ge_50,0.02926316,0.0100,0.00494737,1.36856974,9500,278,47,2,45,276,9177,0.042553,0.007194,0.012308,203,2,0.009852,3,0.014778,5,0.024631,15,3,0.200000,0.7124
bgl,b50e,4,50,256,default,count_ge_100,0.02578947,0.0100,0.00494737,1.36856974,9500,245,47,2,45,243,9210,0.042553,0.008163,0.013699,185,2,0.010811,3,0.016216,5,0.027027,15,3,0.200000,0.7124
bgl,b50e,4,50,256,default,count_ge_200,0.02073684,0.0100,0.00494737,1.36856974,9500,197,47,1,46,196,9257,0.021277,0.005076,0.008197,155,1,0.006452,2,0.012903,3,0.019355,15,3,0.200000,0.7124
bgl,b50e,4,50,256,default,count_ge_500,0.00936842,0.0100,0.00494737,1.36856974,9500,89,47,1,46,88,9365,0.021277,0.011236,0.014706,84,1,0.011905,2,0.023810,2,0.023810,15,2,0.133333,0.7124
bgl,b50e,4,50,256,default,count_ge_1000,0.00315789,0.0100,0.00494737,1.36856974,9500,30,47,0,47,30,9423,0.000000,0.000000,0.000000,29,0,0.000000,0,0.000000,0,0.000000,15,0,0.000000,0.7124
bgl,b50e,4,50,256,default,fraction_ge_0.001,0.08642105,0.0100,0.00494737,1.36856974,9500,821,47,6,41,815,8638,0.127660,0.007308,0.013825,551,5,0.009074,9,0.016334,10,0.018149,15,6,0.400000,0.7124
bgl,b50e,4,50,256,default,fraction_ge_0.005,0.08126316,0.0100,0.00494737,1.36856974,9500,772,47,6,41,766,8687,0.127660,0.007772,0.014652,513,5,0.009747,9,0.017544,10,0.019493,15,6,0.400000,0.7124
bgl,b50e,4,50,256,default,fraction_ge_0.010,0.07778947,0.0100,0.00494737,1.36856974,9500,739,47,5,42,734,8719,0.106383,0.006766,0.012723,489,4,0.008180,9,0.018405,10,0.020450,15,6,0.400000,0.7124
bgl,b50e,4,50,256,default,fraction_ge_0.050,0.05863158,0.0100,0.00494737,1.36856974,9500,557,47,2,45,555,8898,0.042553,0.003591,0.006623,355,2,0.005634,5,0.014085,7,0.019718,15,6,0.400000,0.7124
bgl,b50e,4,50,256,default,fraction_ge_0.100,0.05526316,0.0100,0.00494737,1.36856974,9500,525,47,2,45,523,8930,0.042553,0.003810,0.006993,333,2,0.006006,5,0.015015,6,0.018018,15,6,0.400000,0.7124
bgl,b50e,4,50,256,default,fraction_ge_0.200,0.05136842,0.0100,0.00494737,1.36856974,9500,488,47,2,45,486,8967,0.042553,0.004098,0.007477,312,2,0.006410,4,0.012821,5,0.016026,15,5,0.333333,0.7124
bgl,b50e,4,50,256,default,fraction_ge_0.500,0.03989474,0.0100,0.00494737,1.36856974,9500,379,47,2,45,377,9076,0.042553,0.005277,0.009390,257,2,0.007782,3,0.011673,4,0.015564,15,4,0.266667,0.7124
bgl,b50e,4,50,256,default,count_ge_1,0.08726316,0.0200,0.02031579,1.15276932,9500,829,193,34,159,795,8512,0.176166,0.041013,0.066536,559,24,0.042934,29,0.051878,40,0.071556,47,31,0.659574,2.9255
bgl,b50e,4,50,256,default,count_ge_2,0.06473684,0.0200,0.02031579,1.15276932,9500,615,193,33,160,582,8725,0.170984,0.053659,0.081683,409,23,0.056235,27,0.066015,38,0.092910,47,30,0.638298,2.9255
bgl,b50e,4,50,256,default,count_ge_3,0.04842105,0.0200,0.02031579,1.15276932,9500,460,193,25,168,435,8872,0.129534,0.054348,0.076570,299,17,0.056856,21,0.070234,30,0.100334,47,24,0.510638,2.9255
bgl,b50e,4,50,256,default,count_ge_5,0.04431579,0.0200,0.02031579,1.15276932,9500,421,193,23,170,398,8909,0.119171,0.054632,0.074919,275,15,0.054545,19,0.069091,27,0.098182,47,20,0.425532,2.9255
bgl,b50e,4,50,256,default,count_ge_10,0.03663158,0.0200,0.02031579,1.15276932,9500,348,193,15,178,333,8974,0.077720,0.043103,0.055453,242,11,0.045455,14,0.057851,19,0.078512,47,12,0.255319,2.9255
bgl,b50e,4,50,256,default,count_ge_20,0.03231579,0.0200,0.02031579,1.15276932,9500,307,193,13,180,294,9013,0.067358,0.042345,0.052000,218,10,0.045872,13,0.059633,18,0.082569,47,12,0.255319,2.9255
bgl,b50e,4,50,256,default,count_ge_50,0.02926316,0.0200,0.02031579,1.15276932,9500,278,193,10,183,268,9039,0.051813,0.035971,0.042463,203,9,0.044335,12,0.059113,16,0.078818,47,12,0.255319,2.9255
bgl,b50e,4,50,256,default,count_ge_100,0.02578947,0.0200,0.02031579,1.15276932,9500,245,193,8,185,237,9070,0.041451,0.032653,0.036530,185,8,0.043243,11,0.059459,15,0.081081,47,11,0.234043,2.9255
bgl,b50e,4,50,256,default,count_ge_200,0.02073684,0.0200,0.02031579,1.15276932,9500,197,193,5,188,192,9115,0.025907,0.025381,0.025641,155,5,0.032258,6,0.038710,10,0.064516,47,9,0.191489,2.9255
bgl,b50e,4,50,256,default,count_ge_500,0.00936842,0.0200,0.02031579,1.15276932,9500,89,193,4,189,85,9222,0.020725,0.044944,0.028369,84,4,0.047619,5,0.059524,8,0.095238,47,7,0.148936,2.9255
bgl,b50e,4,50,256,default,count_ge_1000,0.00315789,0.0200,0.02031579,1.15276932,9500,30,193,1,192,29,9278,0.005181,0.033333,0.008969,29,1,0.034483,1,0.034483,1,0.034483,47,1,0.021277,2.9255
bgl,b50e,4,50,256,default,fraction_ge_0.001,0.08642105,0.0200,0.02031579,1.15276932,9500,821,193,32,161,789,8518,0.165803,0.038977,0.063116,551,22,0.039927,27,0.049002,38,0.068966,47,30,0.638298,2.9255
bgl,b50e,4,50,256,default,fraction_ge_0.005,0.08126316,0.0200,0.02031579,1.15276932,9500,772,193,31,162,741,8566,0.160622,0.040155,0.064249,513,22,0.042885,27,0.052632,38,0.074074,47,30,0.638298,2.9255
bgl,b50e,4,50,256,default,fraction_ge_0.010,0.07778947,0.0200,0.02031579,1.15276932,9500,739,193,27,166,712,8595,0.139896,0.036536,0.057940,489,19,0.038855,24,0.049080,33,0.067485,47,26,0.553191,2.9255
bgl,b50e,4,50,256,default,fraction_ge_0.050,0.05863158,0.0200,0.02031579,1.15276932,9500,557,193,18,175,539,8768,0.093264,0.032316,0.048000,355,13,0.036620,18,0.050704,23,0.064789,47,18,0.382979,2.9255
bgl,b50e,4,50,256,default,fraction_ge_0.100,0.05526316,0.0200,0.02031579,1.15276932,9500,525,193,18,175,507,8800,0.093264,0.034286,0.050139,333,13,0.039039,16,0.048048,19,0.057057,47,15,0.319149,2.9255
bgl,b50e,4,50,256,default,fraction_ge_0.200,0.05136842,0.0200,0.02031579,1.15276932,9500,488,193,15,178,473,8834,0.077720,0.030738,0.044053,312,10,0.032051,11,0.035256,14,0.044872,47,12,0.255319,2.9255
bgl,b50e,4,50,256,default,fraction_ge_0.500,0.03989474,0.0200,0.02031579,1.15276932,9500,379,193,9,184,370,8937,0.046632,0.023747,0.031469,257,7,0.027237,9,0.035019,10,0.038911,47,9,0.191489,2.9255
bgl,b25e,4,50,128,0.00100000,count_ge_1,0.08726316,0.0050,0.00242105,1.59757920,9500,829,23,3,20,826,8651,0.130435,0.003619,0.007042,559,3,0.005367,5,0.008945,6,0.010733,10,4,0.400000,0.3486
bgl,b25e,4,50,128,0.00100000,count_ge_2,0.06473684,0.0050,0.00242105,1.59757920,9500,615,23,3,20,612,8865,0.130435,0.004878,0.009404,409,3,0.007335,5,0.012225,5,0.012225,10,3,0.300000,0.3486
bgl,b25e,4,50,128,0.00100000,count_ge_3,0.04842105,0.0050,0.00242105,1.59757920,9500,460,23,2,21,458,9019,0.086957,0.004348,0.008282,299,2,0.006689,4,0.013378,4,0.013378,10,3,0.300000,0.3486
bgl,b25e,4,50,128,0.00100000,count_ge_5,0.04431579,0.0050,0.00242105,1.59757920,9500,421,23,2,21,419,9058,0.086957,0.004751,0.009009,275,2,0.007273,4,0.014545,4,0.014545,10,3,0.300000,0.3486
bgl,b25e,4,50,128,0.00100000,count_ge_10,0.03663158,0.0050,0.00242105,1.59757920,9500,348,23,2,21,346,9131,0.086957,0.005747,0.010782,242,2,0.008264,4,0.016529,4,0.016529,10,3,0.300000,0.3486
bgl,b25e,4,50,128,0.00100000,count_ge_20,0.03231579,0.0050,0.00242105,1.59757920,9500,307,23,2,21,305,9172,0.086957,0.006515,0.012121,218,2,0.009174,4,0.018349,4,0.018349,10,3,0.300000,0.3486
bgl,b25e,4,50,128,0.00100000,count_ge_50,0.02926316,0.0050,0.00242105,1.59757920,9500,278,23,1,22,277,9200,0.043478,0.003597,0.006645,203,1,0.004926,3,0.014778,3,0.014778,10,3,0.300000,0.3486
bgl,b25e,4,50,128,0.00100000,count_ge_100,0.02578947,0.0050,0.00242105,1.59757920,9500,245,23,1,22,244,9233,0.043478,0.004082,0.007463,185,1,0.005405,3,0.016216,3,0.016216,10,3,0.300000,0.3486
bgl,b25e,4,50,128,0.00100000,count_ge_200,0.02073684,0.0050,0.00242105,1.59757920,9500,197,23,1,22,196,9281,0.043478,0.005076,0.009091,155,1,0.006452,2,0.012903,2,0.012903,10,2,0.200000,0.3486
bgl,b25e,4,50,128,0.00100000,count_ge_500,0.00936842,0.0050,0.00242105,1.59757920,9500,89,23,1,22,88,9389,0.043478,0.011236,0.017857,84,1,0.011905,2,0.023810,2,0.023810,10,2,0.200000,0.3486
bgl,b25e,4,50,128,0.00100000,count_ge_1000,0.00315789,0.0050,0.00242105,1.59757920,9500,30,23,0,23,30,9447,0.000000,0.000000,0.000000,29,0,0.000000,0,0.000000,0,0.000000,10,0,0.000000,0.3486
bgl,b25e,4,50,128,0.00100000,fraction_ge_0.001,0.08642105,0.0050,0.00242105,1.59757920,9500,821,23,3,20,818,8659,0.130435,0.003654,0.007109,551,3,0.005445,5,0.009074,6,0.010889,10,4,0.400000,0.3486
bgl,b25e,4,50,128,0.00100000,fraction_ge_0.005,0.08126316,0.0050,0.00242105,1.59757920,9500,772,23,3,20,769,8708,0.130435,0.003886,0.007547,513,3,0.005848,5,0.009747,6,0.011696,10,4,0.400000,0.3486
bgl,b25e,4,50,128,0.00100000,fraction_ge_0.010,0.07778947,0.0050,0.00242105,1.59757920,9500,739,23,2,21,737,8740,0.086957,0.002706,0.005249,489,2,0.004090,5,0.010225,6,0.012270,10,4,0.400000,0.3486
bgl,b25e,4,50,128,0.00100000,fraction_ge_0.050,0.05863158,0.0050,0.00242105,1.59757920,9500,557,23,1,22,556,8921,0.043478,0.001795,0.003448,355,1,0.002817,3,0.008451,4,0.011268,10,4,0.400000,0.3486
bgl,b25e,4,50,128,0.00100000,fraction_ge_0.100,0.05526316,0.0050,0.00242105,1.59757920,9500,525,23,1,22,524,8953,0.043478,0.001905,0.003650,333,1,0.003003,3,0.009009,4,0.012012,10,4,0.400000,0.3486
bgl,b25e,4,50,128,0.00100000,fraction_ge_0.200,0.05136842,0.0050,0.00242105,1.59757920,9500,488,23,1,22,487,8990,0.043478,0.002049,0.003914,312,1,0.003205,3,0.009615,3,0.009615,10,3,0.300000,0.3486
bgl,b25e,4,50,128,0.00100000,fraction_ge_0.500,0.03989474,0.0050,0.00242105,1.59757920,9500,379,23,1,22,378,9099,0.043478,0.002639,0.004975,257,1,0.003891,2,0.007782,3,0.011673,10,3,0.300000,0.3486
bgl,b25e,4,50,128,0.00100000,count_ge_1,0.08726316,0.0100,0.00863158,1.40817052,9500,829,82,15,67,814,8604,0.182927,0.018094,0.032931,559,11,0.019678,14,0.025045,18,0.032200,20,12,0.600000,1.2429
bgl,b25e,4,50,128,0.00100000,count_ge_2,0.06473684,0.0100,0.00863158,1.40817052,9500,615,82,15,67,600,8818,0.182927,0.024390,0.043042,409,11,0.026895,14,0.034230,17,0.041565,20,11,0.550000,1.2429
bgl,b25e,4,50,128,0.00100000,count_ge_3,0.04842105,0.0100,0.00863158,1.40817052,9500,460,82,11,71,449,8969,0.134146,0.023913,0.040590,299,8,0.026756,10,0.033445,13,0.043478,20,10,0.500000,1.2429
bgl,b25e,4,50,128,0.00100000,count_ge_5,0.04431579,0.0100,0.00863158,1.40817052,9500,421,82,11,71,410,9008,0.134146,0.026128,0.043738,275,8,0.029091,9,0.032727,13,0.047273,20,9,0.450000,1.2429
bgl,b25e,4,50,128,0.00100000,count_ge_10,0.03663158,0.0100,0.00863158,1.40817052,9500,348,82,9,73,339,9079,0.109756,0.025862,0.041860,242,6,0.024793,6,0.024793,11,0.045455,20,7,0.350000,1.2429
bgl,b25e,4,50,128,0.00100000,count_ge_20,0.03231579,0.0100,0.00863158,1.40817052,9500,307,82,8,74,299,9119,0.097561,0.026059,0.041131,218,6,0.027523,6,0.027523,11,0.050459,20,7,0.350000,1.2429
bgl,b25e,4,50,128,0.00100000,count_ge_50,0.02926316,0.0100,0.00863158,1.40817052,9500,278,82,6,76,272,9146,0.073171,0.021583,0.033333,203,5,0.024631,5,0.024631,10,0.049261,20,7,0.350000,1.2429
bgl,b25e,4,50,128,0.00100000,count_ge_100,0.02578947,0.0100,0.00863158,1.40817052,9500,245,82,4,78,241,9177,0.048780,0.016327,0.024465,185,4,0.021622,4,0.021622,9,0.048649,20,6,0.300000,1.2429
bgl,b25e,4,50,128,0.00100000,count_ge_200,0.02073684,0.0100,0.00863158,1.40817052,9500,197,82,2,80,195,9223,0.024390,0.010152,0.014337,155,2,0.012903,2,0.012903,5,0.032258,20,5,0.250000,1.2429
bgl,b25e,4,50,128,0.00100000,count_ge_500,0.00936842,0.0100,0.00863158,1.40817052,9500,89,82,2,80,87,9331,0.024390,0.022472,0.023392,84,2,0.023810,2,0.023810,4,0.047619,20,4,0.200000,1.2429
bgl,b25e,4,50,128,0.00100000,count_ge_1000,0.00315789,0.0100,0.00863158,1.40817052,9500,30,82,0,82,30,9388,0.000000,0.000000,0.000000,29,0,0.000000,0,0.000000,0,0.000000,20,0,0.000000,1.2429
bgl,b25e,4,50,128,0.00100000,fraction_ge_0.001,0.08642105,0.0100,0.00863158,1.40817052,9500,821,82,14,68,807,8611,0.170732,0.017052,0.031008,551,10,0.018149,13,0.023593,17,0.030853,20,12,0.600000,1.2429
bgl,b25e,4,50,128,0.00100000,fraction_ge_0.005,0.08126316,0.0100,0.00863158,1.40817052,9500,772,82,14,68,758,8660,0.170732,0.018135,0.032787,513,10,0.019493,13,0.025341,17,0.033138,20,12,0.600000,1.2429
bgl,b25e,4,50,128,0.00100000,fraction_ge_0.010,0.07778947,0.0100,0.00863158,1.40817052,9500,739,82,13,69,726,8692,0.158537,0.017591,0.031669,489,10,0.020450,11,0.022495,16,0.032720,20,11,0.550000,1.2429
bgl,b25e,4,50,128,0.00100000,fraction_ge_0.050,0.05863158,0.0100,0.00863158,1.40817052,9500,557,82,7,75,550,8868,0.085366,0.012567,0.021909,355,6,0.016901,7,0.019718,12,0.033803,20,10,0.500000,1.2429
bgl,b25e,4,50,128,0.00100000,fraction_ge_0.100,0.05526316,0.0100,0.00863158,1.40817052,9500,525,82,7,75,518,8900,0.085366,0.013333,0.023064,333,6,0.018018,7,0.021021,9,0.027027,20,8,0.400000,1.2429
bgl,b25e,4,50,128,0.00100000,fraction_ge_0.200,0.05136842,0.0100,0.00863158,1.40817052,9500,488,82,6,76,482,8936,0.073171,0.012295,0.021053,312,5,0.016026,6,0.019231,6,0.019231,20,6,0.300000,1.2429
bgl,b25e,4,50,128,0.00100000,fraction_ge_0.500,0.03989474,0.0100,0.00863158,1.40817052,9500,379,82,3,79,376,9042,0.036585,0.007916,0.013015,257,3,0.011673,4,0.015564,4,0.015564,20,4,0.200000,1.2429
bgl,b25e,4,50,128,0.00100000,count_ge_1,0.08726316,0.0200,0.01778947,1.24212549,9500,829,169,37,132,792,8539,0.218935,0.044632,0.074148,559,27,0.048301,37,0.066190,44,0.078712,48,32,0.666667,2.5617
bgl,b25e,4,50,128,0.00100000,count_ge_2,0.06473684,0.0200,0.01778947,1.24212549,9500,615,169,35,134,580,8751,0.207101,0.056911,0.089286,409,25,0.061125,33,0.080685,40,0.097800,48,28,0.583333,2.5617
bgl,b25e,4,50,128,0.00100000,count_ge_3,0.04842105,0.0200,0.01778947,1.24212549,9500,460,169,29,140,431,8900,0.171598,0.063043,0.092210,299,21,0.070234,29,0.096990,33,0.110368,48,24,0.500000,2.5617
bgl,b25e,4,50,128,0.00100000,count_ge_5,0.04431579,0.0200,0.01778947,1.24212549,9500,421,169,28,141,393,8938,0.165680,0.066508,0.094915,275,20,0.072727,26,0.094545,31,0.112727,48,21,0.437500,2.5617
bgl,b25e,4,50,128,0.00100000,count_ge_10,0.03663158,0.0200,0.01778947,1.24212549,9500,348,169,25,144,323,9008,0.147929,0.071839,0.096712,242,17,0.070248,21,0.086777,27,0.111570,48,17,0.354167,2.5617
bgl,b25e,4,50,128,0.00100000,count_ge_20,0.03231579,0.0200,0.01778947,1.24212549,9500,307,169,23,146,284,9047,0.136095,0.074919,0.096639,218,16,0.073394,20,0.091743,25,0.114679,48,17,0.354167,2.5617
bgl,b25e,4,50,128,0.00100000,count_ge_50,0.02926316,0.0200,0.01778947,1.24212549,9500,278,169,20,149,258,9073,0.118343,0.071942,0.089485,203,15,0.073892,17,0.083744,22,0.108374,48,16,0.333333,2.5617
bgl,b25e,4,50,128,0.00100000,count_ge_100,0.02578947,0.0200,0.01778947,1.24212549,9500,245,169,17,152,228,9103,0.100592,0.069388,0.082126,185,13,0.070270,16,0.086486,21,0.113514,48,15,0.312500,2.5617
bgl,b25e,4,50,128,0.00100000,count_ge_200,0.02073684,0.0200,0.01778947,1.24212549,9500,197,169,12,157,185,9146,0.071006,0.060914,0.065574,155,10,0.064516,14,0.090323,18,0.116129,48,14,0.291667,2.5617
bgl,b25e,4,50,128,0.00100000,count_ge_500,0.00936842,0.0200,0.01778947,1.24212549,9500,89,169,10,159,79,9252,0.059172,0.112360,0.077519,84,10,0.119048,12,0.142857,15,0.178571,48,11,0.229167,2.5617
bgl,b25e,4,50,128,0.00100000,count_ge_1000,0.00315789,0.0200,0.01778947,1.24212549,9500,30,169,2,167,28,9303,0.011834,0.066667,0.020101,29,2,0.068966,3,0.103448,4,0.137931,48,3,0.062500,2.5617
bgl,b25e,4,50,128,0.00100000,fraction_ge_0.001,0.08642105,0.0200,0.01778947,1.24212549,9500,821,169,35,134,786,8545,0.207101,0.042631,0.070707,551,25,0.045372,35,0.063521,41,0.074410,48,30,0.625000,2.5617
bgl,b25e,4,50,128,0.00100000,fraction_ge_0.005,0.08126316,0.0200,0.01778947,1.24212549,9500,772,169,34,135,738,8593,0.201183,0.044041,0.072264,513,24,0.046784,35,0.068226,41,0.079922,48,30,0.625000,2.5617
bgl,b25e,4,50,128,0.00100000,fraction_ge_0.010,0.07778947,0.0200,0.01778947,1.24212549,9500,739,169,32,137,707,8624,0.189349,0.043302,0.070485,489,23,0.047035,33,0.067485,38,0.077710,48,27,0.562500,2.5617
bgl,b25e,4,50,128,0.00100000,fraction_ge_0.050,0.05863158,0.0200,0.01778947,1.24212549,9500,557,169,23,146,534,8797,0.136095,0.041293,0.063361,355,17,0.047887,24,0.067606,29,0.081690,48,21,0.437500,2.5617
bgl,b25e,4,50,128,0.00100000,fraction_ge_0.100,0.05526316,0.0200,0.01778947,1.24212549,9500,525,169,20,149,505,8826,0.118343,0.038095,0.057637,333,15,0.045045,22,0.066066,25,0.075075,48,19,0.395833,2.5617
bgl,b25e,4,50,128,0.00100000,fraction_ge_0.200,0.05136842,0.0200,0.01778947,1.24212549,9500,488,169,17,152,471,8860,0.100592,0.034836,0.051750,312,12,0.038462,18,0.057692,21,0.067308,48,17,0.354167,2.5617
bgl,b25e,4,50,128,0.00100000,fraction_ge_0.500,0.03989474,0.0200,0.01778947,1.24212549,9500,379,169,8,161,371,8960,0.047337,0.021108,0.029197,257,8,0.031128,11,0.042802,13,0.050584,48,12,0.250000,2.5617
bgl,b25e,4,50,64,default,count_ge_1,0.08726316,0.0050,0.00357895,1.61802621,9500,829,34,5,29,824,8642,0.147059,0.006031,0.011587,559,4,0.007156,5,0.008945,9,0.016100,10,5,0.500000,0.5154
bgl,b25e,4,50,64,default,count_ge_2,0.06473684,0.0050,0.00357895,1.61802621,9500,615,34,5,29,610,8856,0.147059,0.008130,0.015408,409,4,0.009780,5,0.012225,8,0.019560,10,4,0.400000,0.5154
bgl,b25e,4,50,64,default,count_ge_3,0.04842105,0.0050,0.00357895,1.61802621,9500,460,34,3,31,457,9009,0.088235,0.006522,0.012146,299,2,0.006689,4,0.013378,6,0.020067,10,4,0.400000,0.5154
bgl,b25e,4,50,64,default,count_ge_5,0.04431579,0.0050,0.00357895,1.61802621,9500,421,34,3,31,418,9048,0.088235,0.007126,0.013187,275,2,0.007273,4,0.014545,6,0.021818,10,4,0.400000,0.5154
bgl,b25e,4,50,64,default,count_ge_10,0.03663158,0.0050,0.00357895,1.61802621,9500,348,34,3,31,345,9121,0.088235,0.008621,0.015707,242,2,0.008264,4,0.016529,6,0.024793,10,4,0.400000,0.5154
bgl,b25e,4,50,64,default,count_ge_20,0.03231579,0.0050,0.00357895,1.61802621,9500,307,34,3,31,304,9162,0.088235,0.009772,0.017595,218,2,0.009174,4,0.018349,6,0.027523,10,4,0.400000,0.5154
bgl,b25e,4,50,64,default,count_ge_50,0.02926316,0.0050,0.00357895,1.61802621,9500,278,34,2,32,276,9190,0.058824,0.007194,0.012821,203,1,0.004926,3,0.014778,5,0.024631,10,4,0.400000,0.5154
bgl,b25e,4,50,64,default,count_ge_100,0.02578947,0.0050,0.00357895,1.61802621,9500,245,34,1,33,244,9222,0.029412,0.004082,0.007168,185,1,0.005405,3,0.016216,5,0.027027,10,4,0.400000,0.5154
bgl,b25e,4,50,64,default,count_ge_200,0.02073684,0.0050,0.00357895,1.61802621,9500,197,34,0,34,197,9269,0.000000,0.000000,0.000000,155,0,0.000000,1,0.006452,2,0.012903,10,2,0.200000,0.5154
bgl,b25e,4,50,64,default,count_ge_500,0.00936842,0.0050,0.00357895,1.61802621,9500,89,34,0,34,89,9377,0.000000,0.000000,0.000000,84,0,0.000000,1,0.011905,2,0.023810,10,2,0.200000,0.5154
bgl,b25e,4,50,64,default,count_ge_1000,0.00315789,0.0050,0.00357895,1.61802621,9500,30,34,0,34,30,9436,0.000000,0.000000,0.000000,29,0,0.000000,0,0.000000,0,0.000000,10,0,0.000000,0.5154
bgl,b25e,4,50,64,default,fraction_ge_0.001,0.08642105,0.0050,0.00357895,1.61802621,9500,821,34,4,30,817,8649,0.117647,0.004872,0.009357,551,3,0.005445,4,0.007260,8,0.014519,10,5,0.500000,0.5154
bgl,b25e,4,50,64,default,fraction_ge_0.005,0.08126316,0.0050,0.00357895,1.61802621,9500,772,34,4,30,768,8698,0.117647,0.005181,0.009926,513,3,0.005848,4,0.007797,8,0.015595,10,5,0.500000,0.5154
bgl,b25e,4,50,64,default,fraction_ge_0.010,0.07778947,0.0050,0.00357895,1.61802621,9500,739,34,3,31,736,8730,0.088235,0.004060,0.007762,489,2,0.004090,4,0.008180,8,0.016360,10,5,0.500000,0.5154
bgl,b25e,4,50,64,default,fraction_ge_0.050,0.05863158,0.0050,0.00357895,1.61802621,9500,557,34,2,32,555,8911,0.058824,0.003591,0.006768,355,1,0.002817,3,0.008451,6,0.016901,10,5,0.500000,0.5154
bgl,b25e,4,50,64,default,fraction_ge_0.100,0.05526316,0.0050,0.00357895,1.61802621,9500,525,34,2,32,523,8943,0.058824,0.003810,0.007156,333,1,0.003003,3,0.009009,5,0.015015,10,4,0.400000,0.5154
bgl,b25e,4,50,64,default,fraction_ge_0.200,0.05136842,0.0050,0.00357895,1.61802621,9500,488,34,2,32,486,8980,0.058824,0.004098,0.007663,312,1,0.003205,3,0.009615,3,0.009615,10,3,0.300000,0.5154
bgl,b25e,4,50,64,default,fraction_ge_0.500,0.03989474,0.0050,0.00357895,1.61802621,9500,379,34,0,34,379,9087,0.000000,0.000000,0.000000,257,0,0.000000,1,0.003891,2,0.007782,10,2,0.200000,0.5154
bgl,b25e,4,50,64,default,count_ge_1,0.08726316,0.0100,0.00936842,1.43542487,9500,829,89,11,78,818,8593,0.123596,0.013269,0.023965,559,10,0.017889,15,0.026834,21,0.037567,25,14,0.560000,1.3491
bgl,b25e,4,50,64,default,count_ge_2,0.06473684,0.0100,0.00936842,1.43542487,9500,615,89,11,78,604,8807,0.123596,0.017886,0.031250,409,10,0.024450,14,0.034230,19,0.046455,25,12,0.480000,1.3491
bgl,b25e,4,50,64,default,count_ge_3,0.04842105,0.0100,0.00936842,1.43542487,9500,460,89,8,81,452,8959,0.089888,0.017391,0.029144,299,7,0.023411,12,0.040134,16,0.053512,25,11,0.440000,1.3491
bgl,b25e,4,50,64,default,count_ge_5,0.04431579,0.0100,0.00936842,1.43542487,9500,421,89,8,81,413,8998,0.089888,0.019002,0.031373,275,7,0.025455,12,0.043636,16,0.058182,25,11,0.440000,1.3491
bgl,b25e,4,50,64,default,count_ge_10,0.03663158,0.0100,0.00936842,1.43542487,9500,348,89,7,82,341,9070,0.078652,0.020115,0.032037,242,6,0.024793,10,0.041322,13,0.053719,25,9,0.360000,1.3491
bgl,b25e,4,50,64,default,count_ge_20,0.03231579,0.0100,0.00936842,1.43542487,9500,307,89,6,83,301,9110,0.067416,0.019544,0.030303,218,5,0.022936,9,0.041284,12,0.055046,25,9,0.360000,1.3491
bgl,b25e,4,50,64,default,count_ge_50,0.02926316,0.0100,0.00936842,1.43542487,9500,278,89,5,84,273,9138,0.056180,0.017986,0.027248,203,4,0.019704,8,0.039409,10,0.049261,25,9,0.360000,1.3491
bgl,b25e,4,50,64,default,count_ge_100,0.02578947,0.0100,0.00936842,1.43542487,9500,245,89,3,86,242,9169,0.033708,0.012245,0.017964,185,3,0.016216,7,0.037838,9,0.048649,25,8,0.320000,1.3491
bgl,b25e,4,50,64,default,count_ge_200,0.02073684,0.0100,0.00936842,1.43542487,9500,197,89,2,87,195,9216,0.022472,0.010152,0.013986,155,2,0.012903,5,0.032258,6,0.038710,25,6,0.240000,1.3491
bgl,b25e,4,50,64,default,count_ge_500,0.00936842,0.0100,0.00936842,1.43542487,9500,89,89,2,87,87,9324,0.022472,0.022472,0.022472,84,2,0.023810,5,0.059524,6,0.071429,25,6,0.240000,1.3491
bgl,b25e,4,50,64,default,count_ge_1000,0.00315789,0.0100,0.00936842,1.43542487,9500,30,89,1,88,29,9382,0.011236,0.033333,0.016807,29,1,0.034483,1,0.034483,1,0.034483,25,1,0.040000,1.3491
bgl,b25e,4,50,64,default,fraction_ge_0.001,0.08642105,0.0100,0.00936842,1.43542487,9500,821,89,10,79,811,8600,0.112360,0.012180,0.021978,551,9,0.016334,14,0.025408,18,0.032668,25,12,0.480000,1.3491
bgl,b25e,4,50,64,default,fraction_ge_0.005,0.08126316,0.0100,0.00936842,1.43542487,9500,772,89,10,79,762,8649,0.112360,0.012953,0.023229,513,9,0.017544,14,0.027290,18,0.035088,25,12,0.480000,1.3491
bgl,b25e,4,50,64,default,fraction_ge_0.010,0.07778947,0.0100,0.00936842,1.43542487,9500,739,89,9,80,730,8681,0.101124,0.012179,0.021739,489,8,0.016360,14,0.028630,17,0.034765,25,11,0.440000,1.3491
bgl,b25e,4,50,64,default,fraction_ge_0.050,0.05863158,0.0100,0.00936842,1.43542487,9500,557,89,6,83,551,8860,0.067416,0.010772,0.018576,355,5,0.014085,11,0.030986,14,0.039437,25,11,0.440000,1.3491
bgl,b25e,4,50,64,default,fraction_ge_0.100,0.05526316,0.0100,0.00936842,1.43542487,9500,525,89,6,83,519,8892,0.067416,0.011429,0.019544,333,5,0.015015,9,0.027027,12,0.036036,25,9,0.360000,1.3491
bgl,b25e,4,50,64,default,fraction_ge_0.200,0.05136842,0.0100,0.00936842,1.43542487,9500,488,89,4,85,484,8927,0.044944,0.008197,0.013865,312,3,0.009615,6,0.019231,7,0.022436,25,7,0.280000,1.3491
bgl,b25e,4,50,64,default,fraction_ge_0.500,0.03989474,0.0100,0.00936842,1.43542487,9500,379,89,1,88,378,9033,0.011236,0.002639,0.004274,257,1,0.003891,2,0.007782,4,0.015564,25,4,0.160000,1.3491
bgl,b25e,4,50,64,default,count_ge_1,0.08726316,0.0200,0.02347368,1.28131969,9500,829,223,45,178,784,8493,0.201794,0.054282,0.085551,559,39,0.069767,47,0.084079,60,0.107335,69,43,0.623188,3.3802
bgl,b25e,4,50,64,default,count_ge_2,0.06473684,0.0200,0.02347368,1.28131969,9500,615,223,40,183,575,8702,0.179372,0.065041,0.095465,409,34,0.083130,42,0.102689,53,0.129584,69,38,0.550725,3.3802
bgl,b25e,4,50,64,default,count_ge_3,0.04842105,0.0200,0.02347368,1.28131969,9500,460,223,32,191,428,8849,0.143498,0.069565,0.093704,299,27,0.090301,34,0.113712,43,0.143813,69,35,0.507246,3.3802
bgl,b25e,4,50,64,default,count_ge_5,0.04431579,0.0200,0.02347368,1.28131969,9500,421,223,31,192,390,8887,0.139013,0.073634,0.096273,275,26,0.094545,32,0.116364,42,0.152727,69,32,0.463768,3.3802
bgl,b25e,4,50,64,default,count_ge_10,0.03663158,0.0200,0.02347368,1.28131969,9500,348,223,26,197,322,8955,0.116592,0.074713,0.091068,242,22,0.090909,28,0.115702,39,0.161157,69,29,0.420290,3.3802
bgl,b25e,4,50,64,default,count_ge_20,0.03231579,0.0200,0.02347368,1.28131969,9500,307,223,24,199,283,8994,0.107623,0.078176,0.090566,218,21,0.096330,27,0.123853,38,0.174312,69,29,0.420290,3.3802
bgl,b25e,4,50,64,default,count_ge_50,0.02926316,0.0200,0.02347368,1.28131969,9500,278,223,21,202,257,9020,0.094170,0.075540,0.083832,203,19,0.093596,24,0.118227,32,0.157635,69,26,0.376812,3.3802
bgl,b25e,4,50,64,default,count_ge_100,0.02578947,0.0200,0.02347368,1.28131969,9500,245,223,17,206,228,9049,0.076233,0.069388,0.072650,185,16,0.086486,22,0.118919,29,0.156757,69,24,0.347826,3.3802
bgl,b25e,4,50,64,default,count_ge_200,0.02073684,0.0200,0.02347368,1.28131969,9500,197,223,12,211,185,9092,0.053812,0.060914,0.057143,155,11,0.070968,18,0.116129,23,0.148387,69,22,0.318841,3.3802
bgl,b25e,4,50,64,default,count_ge_500,0.00936842,0.0200,0.02347368,1.28131969,9500,89,223,11,212,78,9199,0.049327,0.123596,0.070513,84,11,0.130952,14,0.166667,18,0.214286,69,17,0.246377,3.3802
bgl,b25e,4,50,64,default,count_ge_1000,0.00315789,0.0200,0.02347368,1.28131969,9500,30,223,6,217,24,9253,0.026906,0.200000,0.047431,29,6,0.206897,7,0.241379,9,0.310345,69,8,0.115942,3.3802
bgl,b25e,4,50,64,default,fraction_ge_0.001,0.08642105,0.0200,0.02347368,1.28131969,9500,821,223,42,181,779,8498,0.188341,0.051157,0.080460,551,36,0.065336,44,0.079855,57,0.103448,69,41,0.594203,3.3802
bgl,b25e,4,50,64,default,fraction_ge_0.005,0.08126316,0.0200,0.02347368,1.28131969,9500,772,223,41,182,731,8546,0.183857,0.053109,0.082412,513,35,0.068226,44,0.085770,57,0.111111,69,41,0.594203,3.3802
bgl,b25e,4,50,64,default,fraction_ge_0.010,0.07778947,0.0200,0.02347368,1.28131969,9500,739,223,38,185,701,8576,0.170404,0.051421,0.079002,489,33,0.067485,41,0.083845,53,0.108384,69,39,0.565217,3.3802
bgl,b25e,4,50,64,default,fraction_ge_0.050,0.05863158,0.0200,0.02347368,1.28131969,9500,557,223,29,194,528,8749,0.130045,0.052065,0.074359,355,26,0.073239,32,0.090141,44,0.123944,69,34,0.492754,3.3802
bgl,b25e,4,50,64,default,fraction_ge_0.100,0.05526316,0.0200,0.02347368,1.28131969,9500,525,223,27,196,498,8779,0.121076,0.051429,0.072193,333,25,0.075075,30,0.090090,41,0.123123,69,32,0.463768,3.3802
bgl,b25e,4,50,64,default,fraction_ge_0.200,0.05136842,0.0200,0.02347368,1.28131969,9500,488,223,23,200,465,8812,0.103139,0.047131,0.064698,312,21,0.067308,25,0.080128,35,0.112179,69,28,0.405797,3.3802
bgl,b25e,4,50,64,default,fraction_ge_0.500,0.03989474,0.0200,0.02347368,1.28131969,9500,379,223,16,207,363,8914,0.071749,0.042216,0.053156,257,15,0.058366,18,0.070039,27,0.105058,69,23,0.333333,3.3802
thunderbird,evidence,1,50,256,default,count_ge_1,0.19934811,0.0050,0.00511734,1.95141604,30680,6116,157,30,127,6086,24437,0.191083,0.004905,0.009565,449,18,0.040089,36,0.080178,39,0.086860,94,39,0.414894,0.7369
thunderbird,evidence,1,50,256,default,count_ge_2,0.18891786,0.0050,0.00511734,1.95141604,30680,5796,157,25,132,5771,24752,0.159236,0.004313,0.008399,254,14,0.055118,27,0.106299,31,0.122047,94,34,0.361702,0.7369
thunderbird,evidence,1,50,256,default,count_ge_3,0.18631030,0.0050,0.00511734,1.95141604,30680,5716,157,23,134,5693,24830,0.146497,0.004024,0.007832,213,12,0.056338,21,0.098592,27,0.126761,94,32,0.340426,0.7369
thunderbird,evidence,1,50,256,default,count_ge_5,0.18350717,0.0050,0.00511734,1.95141604,30680,5630,157,22,135,5608,24915,0.140127,0.003908,0.007603,172,11,0.063953,17,0.098837,19,0.110465,94,27,0.287234,0.7369
thunderbird,evidence,1,50,256,default,count_ge_10,0.17685789,0.0050,0.00511734,1.95141604,30680,5426,157,17,140,5409,25114,0.108280,0.003133,0.006090,157,9,0.057325,14,0.089172,16,0.101911,94,22,0.234043,0.7369
thunderbird,evidence,1,50,256,default,count_ge_20,0.14426336,0.0050,0.00511734,1.95141604,30680,4426,157,17,140,4409,26114,0.108280,0.003841,0.007419,421,11,0.026128,13,0.030879,15,0.035629,94,19,0.202128,0.7369
thunderbird,evidence,1,50,256,default,count_ge_50,0.06072360,0.0050,0.00511734,1.95141604,30680,1863,157,7,150,1856,28667,0.044586,0.003757,0.006931,128,2,0.015625,2,0.015625,2,0.015625,94,6,0.063830,0.7369
thunderbird,evidence,1,50,256,default,count_ge_100,0.01923077,0.0050,0.00511734,1.95141604,30680,590,157,1,156,589,29934,0.006369,0.001695,0.002677,25,1,0.040000,1,0.040000,1,0.040000,94,1,0.010638,0.7369
thunderbird,evidence,1,50,256,default,count_ge_200,0.00475880,0.0050,0.00511734,1.95141604,30680,146,157,1,156,145,30378,0.006369,0.006849,0.006601,6,1,0.166667,1,0.166667,1,0.166667,94,1,0.010638,0.7369
thunderbird,evidence,1,50,256,default,count_ge_500,0.00000000,0.0050,0.00511734,1.95141604,30680,0,157,0,157,0,30523,0.000000,0.000000,0.000000,0,0,0.000000,0,0.000000,0,0.000000,94,0,0.000000,0.7369
thunderbird,evidence,1,50,256,default,count_ge_1000,0.00000000,0.0050,0.00511734,1.95141604,30680,0,157,0,157,0,30523,0.000000,0.000000,0.000000,0,0,0.000000,0,0.000000,0,0.000000,94,0,0.000000,0.7369
thunderbird,evidence,1,50,256,default,fraction_ge_0.001,0.19631682,0.0050,0.00511734,1.95141604,30680,6023,157,19,138,6004,24519,0.121019,0.003155,0.006149,398,10,0.025126,29,0.072864,31,0.077889,94,32,0.340426,0.7369
thunderbird,evidence,1,50,256,default,fraction_ge_0.005,0.18735332,0.0050,0.00511734,1.95141604,30680,5748,157,8,149,5740,24783,0.050955,0.001392,0.002710,280,4,0.014286,33,0.117857,35,0.125000,94,29,0.308511,0.7369
thunderbird,evidence,1,50,256,default,fraction_ge_0.010,0.18272490,0.0050,0.00511734,1.95141604,30680,5606,157,6,151,5600,24923,0.038217,0.001070,0.002082,228,5,0.021930,31,0.135965,33,0.144737,94,26,0.276596,0.7369
thunderbird,evidence,1,50,256,default,fraction_ge_0.050,0.14951108,0.0050,0.00511734,1.95141604,30680,4587,157,2,155,4585,25938,0.012739,0.000436,0.000843,505,2,0.003960,23,0.045545,32,0.063366,94,20,0.212766,0.7369
thunderbird,evidence,1,50,256,default,fraction_ge_0.100,0.09416558,0.0050,0.00511734,1.95141604,30680,2889,157,1,156,2888,27635,0.006369,0.000346,0.000657,673,1,0.001486,10,0.014859,17,0.025260,94,14,0.148936,0.7369
thunderbird,evidence,1,50,256,default,fraction_ge_0.200,0.01450456,0.0050,0.00511734,1.95141604,30680,445,157,0,157,445,30078,0.000000,0.000000,0.000000,202,0,0.000000,4,0.019802,4,0.019802,94,3,0.031915,0.7369
thunderbird,evidence,1,50,256,default,fraction_ge_0.500,0.00000000,0.0050,0.00511734,1.95141604,30680,0,157,0,157,0,30523,0.000000,0.000000,0.000000,0,0,0.000000,0,0.000000,0,0.000000,94,0,0.000000,0.7369
thunderbird,evidence,1,50,256,default,count_ge_1,0.19934811,0.0100,0.01421121,1.57963068,30680,6116,436,90,346,6026,24218,0.206422,0.014716,0.027473,449,42,0.093541,71,0.158129,82,0.182628,236,91,0.385593,2.0464
thunderbird,evidence,1,50,256,default,count_ge_2,0.18891786,0.0100,0.01421121,1.57963068,30680,5796,436,74,362,5722,24522,0.169725,0.012767,0.023748,254,32,0.125984,55,0.216535,63,0.248031,236,75,0.317797,2.0464
thunderbird,evidence,1,50,256,default,count_ge_3,0.18631030,0.0100,0.01421121,1.57963068,30680,5716,436,67,369,5649,24595,0.153670,0.011721,0.021782,213,26,0.122066,43,0.201878,52,0.244131,236,72,0.305085,2.0464
thunderbird,evidence,1,50,256,default,count_ge_5,0.18350717,0.0100,0.01421121,1.57963068,30680,5630,436,63,373,5567,24677,0.144495,0.011190,0.020772,172,23,0.133721,35,0.203488,40,0.232558,236,65,0.275424,2.0464
thunderbird,evidence,1,50,256,default,count_ge_10,0.17685789,0.0100,0.01421121,1.57963068,30680,5426,436,50,386,5376,24868,0.114679,0.009215,0.017059,157,16,0.101911,29,0.184713,37,0.235669,236,55,0.233051,2.0464
thunderbird,evidence,1,50,256,default,count_ge_20,0.14426336,0.0100,0.01421121,1.57963068,30680,4426,436,45,391,4381,25863,0.103211,0.010167,0.018511,421,20,0.047506,22,0.052257,29,0.068884,236,44,0.186441,2.0464
thunderbird,evidence,1,50,256,default,count_ge_50,0.06072360,0.0100,0.01421121,1.57963068,30680,1863,436,18,418,1845,28399,0.041284,0.009662,0.015659,128,2,0.015625,2,0.015625,3,0.023438,236,10,0.042373,2.0464
thunderbird,evidence,1,50,256,default,count_ge_100,0.01923077,0.0100,0.01421121,1.57963068,30680,590,436,1,435,589,29655,0.002294,0.001695,0.001949,25,1,0.040000,1,0.040000,1,0.040000,236,1,0.004237,2.0464
thunderbird,evidence,1,50,256,default,count_ge_200,0.00475880,0.0100,0.01421121,1.57963068,30680,146,436,1,435,145,30099,0.002294,0.006849,0.003436,6,1,0.166667,1,0.166667,1,0.166667,236,1,0.004237,2.0464
thunderbird,evidence,1,50,256,default,count_ge_500,0.00000000,0.0100,0.01421121,1.57963068,30680,0,436,0,436,0,30244,0.000000,0.000000,0.000000,0,0,0.000000,0,0.000000,0,0.000000,236,0,0.000000,2.0464
thunderbird,evidence,1,50,256,default,count_ge_1000,0.00000000,0.0100,0.01421121,1.57963068,30680,0,436,0,436,0,30244,0.000000,0.000000,0.000000,0,0,0.000000,0,0.000000,0,0.000000,236,0,0.000000,2.0464
thunderbird,evidence,1,50,256,default,fraction_ge_0.001,0.19631682,0.0100,0.01421121,1.57963068,30680,6023,436,58,378,5965,24279,0.133028,0.009630,0.017959,398,21,0.052764,50,0.125628,60,0.150754,236,72,0.305085,2.0464
thunderbird,evidence,1,50,256,default,fraction_ge_0.005,0.18735332,0.0100,0.01421121,1.57963068,30680,5748,436,33,403,5715,24529,0.075688,0.005741,0.010673,280,12,0.042857,49,0.175000,58,0.207143,236,58,0.245763,2.0464
thunderbird,evidence,1,50,256,default,fraction_ge_0.010,0.18272490,0.0100,0.01421121,1.57963068,30680,5606,436,26,410,5580,24664,0.059633,0.004638,0.008606,228,12,0.052632,50,0.219298,56,0.245614,236,52,0.220339,2.0464
thunderbird,evidence,1,50,256,default,fraction_ge_0.050,0.14951108,0.0100,0.01421121,1.57963068,30680,4587,436,8,428,4579,25665,0.018349,0.001744,0.003185,505,7,0.013861,51,0.100990,61,0.120792,236,39,0.165254,2.0464
thunderbird,evidence,1,50,256,default,fraction_ge_0.100,0.09416558,0.0100,0.01421121,1.57963068,30680,2889,436,4,432,2885,27359,0.009174,0.001385,0.002406,673,4,0.005944,27,0.040119,33,0.049034,236,28,0.118644,2.0464
thunderbird,evidence,1,50,256,default,fraction_ge_0.200,0.01450456,0.0100,0.01421121,1.57963068,30680,445,436,1,435,444,29800,0.002294,0.002247,0.002270,202,1,0.004950,4,0.019802,4,0.019802,236,3,0.012712,2.0464
thunderbird,evidence,1,50,256,default,fraction_ge_0.500,0.00000000,0.0100,0.01421121,1.57963068,30680,0,436,0,436,0,30244,0.000000,0.000000,0.000000,0,0,0.000000,0,0.000000,0,0.000000,236,0,0.000000,2.0464
thunderbird,evidence,1,50,256,default,count_ge_1,0.19934811,0.0200,0.02470665,1.35507865,30680,6116,758,137,621,5979,23943,0.180739,0.022400,0.039860,449,59,0.131403,100,0.222717,110,0.244989,364,128,0.351648,3.5578
thunderbird,evidence,1,50,256,default,count_ge_2,0.18891786,0.0200,0.02470665,1.35507865,30680,5796,758,116,642,5680,24242,0.153034,0.020014,0.035398,254,44,0.173228,76,0.299213,83,0.326772,364,103,0.282967,3.5578
thunderbird,evidence,1,50,256,default,count_ge_3,0.18631030,0.0200,0.02470665,1.35507865,30680,5716,758,108,650,5608,24314,0.142480,0.018894,0.033364,213,38,0.178404,65,0.305164,73,0.342723,364,99,0.271978,3.5578
thunderbird,evidence,1,50,256,default,count_ge_5,0.18350717,0.0200,0.02470665,1.35507865,30680,5630,758,104,654,5526,24396,0.137203,0.018472,0.032561,172,36,0.209302,53,0.308140,57,0.331395,364,89,0.244505,3.5578
thunderbird,evidence,1,50,256,default,count_ge_10,0.17685789,0.0200,0.02470665,1.35507865,30680,5426,758,87,671,5339,24583,0.114776,0.016034,0.028137,157,29,0.184713,48,0.305732,52,0.331210,364,77,0.211538,3.5578
thunderbird,evidence,1,50,256,default,count_ge_20,0.14426336,0.0200,0.02470665,1.35507865,30680,4426,758,71,687,4355,25567,0.093668,0.016042,0.027392,421,31,0.073634,45,0.106888,51,0.121140,364,63,0.173077,3.5578
thunderbird,evidence,1,50,256,default,count_ge_50,0.06072360,0.0200,0.02470665,1.35507865,30680,1863,758,26,732,1837,28085,0.034301,0.013956,0.019840,128,3,0.023438,4,0.031250,5,0.039063,364,12,0.032967,3.5578
thunderbird,evidence,1,50,256,default,count_ge_100,0.01923077,0.0200,0.02470665,1.35507865,30680,590,758,2,756,588,29334,0.002639,0.003390,0.002967,25,2,0.080000,2,0.080000,2,0.080000,364,2,0.005495,3.5578
thunderbird,evidence,1,50,256,default,count_ge_200,0.00475880,0.0200,0.02470665,1.35507865,30680,146,758,1,757,145,29777,0.001319,0.006849,0.002212,6,1,0.166667,1,0.166667,1,0.166667,364,1,0.002747,3.5578
thunderbird,evidence,1,50,256,default,count_ge_500,0.00000000,0.0200,0.02470665,1.35507865,30680,0,758,0,758,0,29922,0.000000,0.000000,0.000000,0,0,0.000000,0,0.000000,0,0.000000,364,0,0.000000,3.5578
thunderbird,evidence,1,50,256,default,count_ge_1000,0.00000000,0.0200,0.02470665,1.35507865,30680,0,758,0,758,0,29922,0.000000,0.000000,0.000000,0,0,0.000000,0,0.000000,0,0.000000,364,0,0.000000,3.5578
thunderbird,evidence,1,50,256,default,fraction_ge_0.001,0.19631682,0.0200,0.02470665,1.35507865,30680,6023,758,97,661,5926,23996,0.127968,0.016105,0.028609,398,35,0.087940,76,0.190955,84,0.211055,364,104,0.285714,3.5578
thunderbird,evidence,1,50,256,default,fraction_ge_0.005,0.18735332,0.0200,0.02470665,1.35507865,30680,5748,758,63,695,5685,24237,0.083113,0.010960,0.019367,280,19,0.067857,72,0.257143,81,0.289286,364,85,0.233516,3.5578
thunderbird,evidence,1,50,256,default,fraction_ge_0.010,0.18272490,0.0200,0.02470665,1.35507865,30680,5606,758,51,707,5555,24367,0.067282,0.009097,0.016028,228,17,0.074561,69,0.302632,75,0.328947,364,76,0.208791,3.5578
thunderbird,evidence,1,50,256,default,fraction_ge_0.050,0.14951108,0.0200,0.02470665,1.35507865,30680,4587,758,21,737,4566,25356,0.027704,0.004578,0.007858,505,17,0.033663,81,0.160396,95,0.188119,364,61,0.167582,3.5578
thunderbird,evidence,1,50,256,default,fraction_ge_0.100,0.09416558,0.0200,0.02470665,1.35507865,30680,2889,758,7,751,2882,27040,0.009235,0.002423,0.003839,673,6,0.008915,42,0.062407,58,0.086181,364,44,0.120879,3.5578
thunderbird,evidence,1,50,256,default,fraction_ge_0.200,0.01450456,0.0200,0.02470665,1.35507865,30680,445,758,1,757,444,29478,0.001319,0.002247,0.001663,202,1,0.004950,4,0.019802,6,0.029703,364,5,0.013736,3.5578
thunderbird,evidence,1,50,256,default,fraction_ge_0.500,0.00000000,0.0200,0.02470665,1.35507865,30680,0,758,0,758,0,29922,0.000000,0.000000,0.000000,0,0,0.000000,0,0.000000,0,0.000000,364,0,0.000000,3.5578
thunderbird,evidence,4,50,256,default,count_ge_1,0.19934811,0.0050,0.00410691,1.75584125,30680,6116,126,24,102,6092,24462,0.190476,0.003924,0.007690,449,13,0.028953,18,0.040089,21,0.046771,33,16,0.484848,0.5914
thunderbird,evidence,4,50,256,default,count_ge_2,0.18891786,0.0050,0.00410691,1.75584125,30680,5796,126,18,108,5778,24776,0.142857,0.003106,0.006079,254,10,0.039370,14,0.055118,17,0.066929,33,14,0.424242,0.5914
thunderbird,evidence,4,50,256,default,count_ge_3,0.18631030,0.0050,0.00410691,1.75584125,30680,5716,126,15,111,5701,24853,0.119048,0.002624,0.005135,213,8,0.037559,9,0.042254,12,0.056338,33,13,0.393939,0.5914
thunderbird,evidence,4,50,256,default,count_ge_5,0.18350717,0.0050,0.00410691,1.75584125,30680,5630,126,12,114,5618,24936,0.095238,0.002131,0.004170,172,6,0.034884,6,0.034884,7,0.040698,33,10,0.303030,0.5914
thunderbird,evidence,4,50,256,default,count_ge_10,0.17685789,0.0050,0.00410691,1.75584125,30680,5426,126,7,119,5419,25135,0.055556,0.001290,0.002522,157,2,0.012739,5,0.031847,5,0.031847,33,7,0.212121,0.5914
thunderbird,evidence,4,50,256,default,count_ge_20,0.14426336,0.0050,0.00410691,1.75584125,30680,4426,126,7,119,4419,26135,0.055556,0.001582,0.003076,421,2,0.004751,2,0.004751,2,0.004751,33,5,0.151515,0.5914
thunderbird,evidence,4,50,256,default,count_ge_50,0.06072360,0.0050,0.00410691,1.75584125,30680,1863,126,6,120,1857,28697,0.047619,0.003221,0.006033,128,1,0.007813,1,0.007813,1,0.007813,33,4,0.121212,0.5914
thunderbird,evidence,4,50,256,default,count_ge_100,0.01923077,0.0050,0.00410691,1.75584125,30680,590,126,0,126,590,29964,0.000000,0.000000,0.000000,25,0,0.000000,0,0.000000,0,0.000000,33,0,0.000000,0.5914
thunderbird,evidence,4,50,256,default,count_ge_200,0.00475880,0.0050,0.00410691,1.75584125,30680,146,126,0,126,146,30408,0.000000,0.000000,0.000000,6,0,0.000000,0,0.000000,0,0.000000,33,0,0.000000,0.5914
thunderbird,evidence,4,50,256,default,count_ge_500,0.00000000,0.0050,0.00410691,1.75584125,30680,0,126,0,126,0,30554,0.000000,0.000000,0.000000,0,0,0.000000,0,0.000000,0,0.000000,33,0,0.000000,0.5914
thunderbird,evidence,4,50,256,default,count_ge_1000,0.00000000,0.0050,0.00410691,1.75584125,30680,0,126,0,126,0,30554,0.000000,0.000000,0.000000,0,0,0.000000,0,0.000000,0,0.000000,33,0,0.000000,0.5914
thunderbird,evidence,4,50,256,default,fraction_ge_0.001,0.19631682,0.0050,0.00410691,1.75584125,30680,6023,126,18,108,6005,24549,0.142857,0.002989,0.005855,398,8,0.020101,15,0.037688,16,0.040201,33,12,0.363636,0.5914
thunderbird,evidence,4,50,256,default,fraction_ge_0.005,0.18735332,0.0050,0.00410691,1.75584125,30680,5748,126,16,110,5732,24822,0.126984,0.002784,0.005448,280,9,0.032143,16,0.057143,16,0.057143,33,10,0.303030,0.5914
thunderbird,evidence,4,50,256,default,fraction_ge_0.010,0.18272490,0.0050,0.00410691,1.75584125,30680,5606,126,15,111,5591,24963,0.119048,0.002676,0.005234,228,9,0.039474,14,0.061404,14,0.061404,33,9,0.272727,0.5914
thunderbird,evidence,4,50,256,default,fraction_ge_0.050,0.14951108,0.0050,0.00410691,1.75584125,30680,4587,126,6,120,4581,25973,0.047619,0.001308,0.002546,505,5,0.009901,9,0.017822,11,0.021782,33,8,0.242424,0.5914
thunderbird,evidence,4,50,256,default,fraction_ge_0.100,0.09416558,0.0050,0.00410691,1.75584125,30680,2889,126,4,122,2885,27669,0.031746,0.001385,0.002653,673,3,0.004458,5,0.007429,5,0.007429,33,5,0.151515,0.5914
thunderbird,evidence,4,50,256,default,fraction_ge_0.200,0.01450456,0.0050,0.00410691,1.75584125,30680,445,126,0,126,445,30109,0.000000,0.000000,0.000000,202,0,0.000000,1,0.004950,1,0.004950,33,1,0.030303,0.5914
thunderbird,evidence,4,50,256,default,fraction_ge_0.500,0.00000000,0.0050,0.00410691,1.75584125,30680,0,126,0,126,0,30554,0.000000,0.000000,0.000000,0,0,0.000000,0,0.000000,0,0.000000,33,0,0.000000,0.5914
thunderbird,evidence,4,50,256,default,count_ge_1,0.19934811,0.0100,0.01251630,1.44163474,30680,6116,384,60,324,6056,24240,0.156250,0.009810,0.018462,449,22,0.048998,38,0.084633,44,0.097996,99,41,0.414141,1.8023
thunderbird,evidence,4,50,256,default,count_ge_2,0.18891786,0.0100,0.01251630,1.44163474,30680,5796,384,47,337,5749,24547,0.122396,0.008109,0.015210,254,16,0.062992,27,0.106299,35,0.137795,99,35,0.353535,1.8023
thunderbird,evidence,4,50,256,default,count_ge_3,0.18631030,0.0100,0.01251630,1.44163474,30680,5716,384,43,341,5673,24623,0.111979,0.007523,0.014098,213,13,0.061033,20,0.093897,27,0.126761,99,32,0.323232,1.8023
thunderbird,evidence,4,50,256,default,count_ge_5,0.18350717,0.0100,0.01251630,1.44163474,30680,5630,384,39,345,5591,24705,0.101563,0.006927,0.012970,172,10,0.058140,12,0.069767,18,0.104651,99,27,0.272727,1.8023
thunderbird,evidence,4,50,256,default,count_ge_10,0.17685789,0.0100,0.01251630,1.44163474,30680,5426,384,32,352,5394,24902,0.083333,0.005898,0.011015,157,8,0.050955,10,0.063694,15,0.095541,99,22,0.222222,1.8023
thunderbird,evidence,4,50,256,default,count_ge_20,0.14426336,0.0100,0.01251630,1.44163474,30680,4426,384,24,360,4402,25894,0.062500,0.005423,0.009979,421,4,0.009501,6,0.014252,12,0.028504,99,17,0.171717,1.8023
thunderbird,evidence,4,50,256,default,count_ge_50,0.06072360,0.0100,0.01251630,1.44163474,30680,1863,384,20,364,1843,28453,0.052083,0.010735,0.017802,128,1,0.007813,1,0.007813,1,0.007813,99,7,0.070707,1.8023
thunderbird,evidence,4,50,256,default,count_ge_100,0.01923077,0.0100,0.01251630,1.44163474,30680,590,384,0,384,590,29706,0.000000,0.000000,0.000000,25,0,0.000000,0,0.000000,0,0.000000,99,0,0.000000,1.8023
thunderbird,evidence,4,50,256,default,count_ge_200,0.00475880,0.0100,0.01251630,1.44163474,30680,146,384,0,384,146,30150,0.000000,0.000000,0.000000,6,0,0.000000,0,0.000000,0,0.000000,99,0,0.000000,1.8023
thunderbird,evidence,4,50,256,default,count_ge_500,0.00000000,0.0100,0.01251630,1.44163474,30680,0,384,0,384,0,30296,0.000000,0.000000,0.000000,0,0,0.000000,0,0.000000,0,0.000000,99,0,0.000000,1.8023
thunderbird,evidence,4,50,256,default,count_ge_1000,0.00000000,0.0100,0.01251630,1.44163474,30680,0,384,0,384,0,30296,0.000000,0.000000,0.000000,0,0,0.000000,0,0.000000,0,0.000000,99,0,0.000000,1.8023
thunderbird,evidence,4,50,256,default,fraction_ge_0.001,0.19631682,0.0100,0.01251630,1.44163474,30680,6023,384,46,338,5977,24319,0.119792,0.007637,0.014359,398,15,0.037688,27,0.067839,33,0.082915,99,32,0.323232,1.8023
thunderbird,evidence,4,50,256,default,fraction_ge_0.005,0.18735332,0.0100,0.01251630,1.44163474,30680,5748,384,39,345,5709,24587,0.101563,0.006785,0.012720,280,17,0.060714,24,0.085714,31,0.110714,99,26,0.262626,1.8023
thunderbird,evidence,4,50,256,default,fraction_ge_0.010,0.18272490,0.0100,0.01251630,1.44163474,30680,5606,384,33,351,5573,24723,0.085938,0.005887,0.011018,228,16,0.070175,21,0.092105,25,0.109649,99,19,0.191919,1.8023
thunderbird,evidence,4,50,256,default,fraction_ge_0.050,0.14951108,0.0100,0.01251630,1.44163474,30680,4587,384,17,367,4570,25726,0.044271,0.003706,0.006840,505,13,0.025743,19,0.037624,25,0.049505,99,17,0.171717,1.8023
thunderbird,evidence,4,50,256,default,fraction_ge_0.100,0.09416558,0.0100,0.01251630,1.44163474,30680,2889,384,12,372,2877,27419,0.031250,0.004154,0.007333,673,8,0.011887,10,0.014859,13,0.019316,99,11,0.111111,1.8023
thunderbird,evidence,4,50,256,default,fraction_ge_0.200,0.01450456,0.0100,0.01251630,1.44163474,30680,445,384,0,384,445,29851,0.000000,0.000000,0.000000,202,0,0.000000,1,0.004950,2,0.009901,99,2,0.020202,1.8023
thunderbird,evidence,4,50,256,default,fraction_ge_0.500,0.00000000,0.0100,0.01251630,1.44163474,30680,0,384,0,384,0,30296,0.000000,0.000000,0.000000,0,0,0.000000,0,0.000000,0,0.000000,99,0,0.000000,1.8023
thunderbird,evidence,4,50,256,default,count_ge_1,0.19934811,0.0200,0.02493481,1.27018383,30680,6116,765,145,620,5971,23944,0.189542,0.023708,0.042145,449,46,0.102450,63,0.140312,72,0.160356,172,75,0.436047,3.5906
thunderbird,evidence,4,50,256,default,count_ge_2,0.18891786,0.0200,0.02493481,1.27018383,30680,5796,765,122,643,5674,24241,0.159477,0.021049,0.037189,254,33,0.129921,46,0.181102,54,0.212598,172,62,0.360465,3.5906
thunderbird,evidence,4,50,256,default,count_ge_3,0.18631030,0.0200,0.02493481,1.27018383,30680,5716,765,114,651,5602,24313,0.149020,0.019944,0.035180,213,28,0.131455,37,0.173709,45,0.211268,172,58,0.337209,3.5906
thunderbird,evidence,4,50,256,default,count_ge_5,0.18350717,0.0200,0.02493481,1.27018383,30680,5630,765,108,657,5522,24393,0.141176,0.019183,0.033776,172,23,0.133721,29,0.168605,34,0.197674,172,52,0.302326,3.5906
thunderbird,evidence,4,50,256,default,count_ge_10,0.17685789,0.0200,0.02493481,1.27018383,30680,5426,765,92,673,5334,24581,0.120261,0.016955,0.029721,157,20,0.127389,25,0.159236,29,0.184713,172,43,0.250000,3.5906
thunderbird,evidence,4,50,256,default,count_ge_20,0.14426336,0.0200,0.02493481,1.27018383,30680,4426,765,78,687,4348,25567,0.101961,0.017623,0.030052,421,16,0.038005,20,0.047506,27,0.064133,172,36,0.209302,3.5906
thunderbird,evidence,4,50,256,default,count_ge_50,0.06072360,0.0200,0.02493481,1.27018383,30680,1863,765,41,724,1822,28093,0.053595,0.022008,0.031202,128,2,0.015625,2,0.015625,2,0.015625,172,8,0.046512,3.5906
thunderbird,evidence,4,50,256,default,count_ge_100,0.01923077,0.0200,0.02493481,1.27018383,30680,590,765,1,764,589,29326,0.001307,0.001695,0.001476,25,1,0.040000,1,0.040000,1,0.040000,172,1,0.005814,3.5906
thunderbird,evidence,4,50,256,default,count_ge_200,0.00475880,0.0200,0.02493481,1.27018383,30680,146,765,1,764,145,29770,0.001307,0.006849,0.002195,6,1,0.166667,1,0.166667,1,0.166667,172,1,0.005814,3.5906
thunderbird,evidence,4,50,256,default,count_ge_500,0.00000000,0.0200,0.02493481,1.27018383,30680,0,765,0,765,0,29915,0.000000,0.000000,0.000000,0,0,0.000000,0,0.000000,0,0.000000,172,0,0.000000,3.5906
thunderbird,evidence,4,50,256,default,count_ge_1000,0.00000000,0.0200,0.02493481,1.27018383,30680,0,765,0,765,0,29915,0.000000,0.000000,0.000000,0,0,0.000000,0,0.000000,0,0.000000,172,0,0.000000,3.5906
thunderbird,evidence,4,50,256,default,fraction_ge_0.001,0.19631682,0.0200,0.02493481,1.27018383,30680,6023,765,117,648,5906,24009,0.152941,0.019426,0.034473,398,32,0.080402,44,0.110553,52,0.130653,172,58,0.337209,3.5906
thunderbird,evidence,4,50,256,default,fraction_ge_0.005,0.18735332,0.0200,0.02493481,1.27018383,30680,5748,765,97,668,5651,24264,0.126797,0.016875,0.029787,280,29,0.103571,44,0.157143,49,0.175000,172,45,0.261628,3.5906
thunderbird,evidence,4,50,256,default,fraction_ge_0.010,0.18272490,0.0200,0.02493481,1.27018383,30680,5606,765,88,677,5518,24397,0.115033,0.015697,0.027625,228,28,0.122807,41,0.179825,45,0.197368,172,38,0.220930,3.5906
thunderbird,evidence,4,50,256,default,fraction_ge_0.050,0.14951108,0.0200,0.02493481,1.27018383,30680,4587,765,52,713,4535,25380,0.067974,0.011336,0.019432,505,32,0.063366,45,0.089109,58,0.114851,172,32,0.186047,3.5906
thunderbird,evidence,4,50,256,default,fraction_ge_0.100,0.09416558,0.0200,0.02493481,1.27018383,30680,2889,765,29,736,2860,27055,0.037908,0.010038,0.015873,673,17,0.025260,26,0.038633,33,0.049034,172,23,0.133721,3.5906
thunderbird,evidence,4,50,256,default,fraction_ge_0.200,0.01450456,0.0200,0.02493481,1.27018383,30680,445,765,2,763,443,29472,0.002614,0.004494,0.003306,202,2,0.009901,4,0.019802,5,0.024752,172,4,0.023256,3.5906
thunderbird,evidence,4,50,256,default,fraction_ge_0.500,0.00000000,0.0200,0.02493481,1.27018383,30680,0,765,0,765,0,29915,0.000000,0.000000,0.000000,0,0,0.000000,0,0.000000,0,0.000000,172,0,0.000000,3.5906
thunderbird,b25e,1,50,256,default,count_ge_1,0.19934811,0.0050,0.00277053,1.94644189,30680,6116,85,23,62,6093,24502,0.270588,0.003761,0.007418,449,12,0.026726,24,0.053452,29,0.064588,57,33,0.578947,0.3990
thunderbird,b25e,1,50,256,default,count_ge_2,0.18891786,0.0050,0.00277053,1.94644189,30680,5796,85,19,66,5777,24818,0.223529,0.003278,0.006461,254,9,0.035433,18,0.070866,22,0.086614,57,28,0.491228,0.3990
thunderbird,b25e,1,50,256,default,count_ge_3,0.18631030,0.0050,0.00277053,1.94644189,30680,5716,85,17,68,5699,24896,0.200000,0.002974,0.005861,213,7,0.032864,13,0.061033,18,0.084507,57,25,0.438596,0.3990
thunderbird,b25e,1,50,256,default,count_ge_5,0.18350717,0.0050,0.00277053,1.94644189,30680,5630,85,15,70,5615,24980,0.176471,0.002664,0.005249,172,5,0.029070,9,0.052326,12,0.069767,57,22,0.385965,0.3990
thunderbird,b25e,1,50,256,default,count_ge_10,0.17685789,0.0050,0.00277053,1.94644189,30680,5426,85,12,73,5414,25181,0.141176,0.002212,0.004355,157,2,0.012739,3,0.019108,7,0.044586,57,17,0.298246,0.3990
thunderbird,b25e,1,50,256,default,count_ge_20,0.14426336,0.0050,0.00277053,1.94644189,30680,4426,85,12,73,4414,26181,0.141176,0.002711,0.005320,421,5,0.011876,5,0.011876,6,0.014252,57,13,0.228070,0.3990
thunderbird,b25e,1,50,256,default,count_ge_50,0.06072360,0.0050,0.00277053,1.94644189,30680,1863,85,2,83,1861,28734,0.023529,0.001074,0.002053,128,1,0.007813,1,0.007813,1,0.007813,57,2,0.035088,0.3990
thunderbird,b25e,1,50,256,default,count_ge_100,0.01923077,0.0050,0.00277053,1.94644189,30680,590,85,0,85,590,30005,0.000000,0.000000,0.000000,25,0,0.000000,0,0.000000,0,0.000000,57,0,0.000000,0.3990
thunderbird,b25e,1,50,256,default,count_ge_200,0.00475880,0.0050,0.00277053,1.94644189,30680,146,85,0,85,146,30449,0.000000,0.000000,0.000000,6,0,0.000000,0,0.000000,0,0.000000,57,0,0.000000,0.3990
thunderbird,b25e,1,50,256,default,count_ge_500,0.00000000,0.0050,0.00277053,1.94644189,30680,0,85,0,85,0,30595,0.000000,0.000000,0.000000,0,0,0.000000,0,0.000000,0,0.000000,57,0,0.000000,0.3990
thunderbird,b25e,1,50,256,default,count_ge_1000,0.00000000,0.0050,0.00277053,1.94644189,30680,0,85,0,85,0,30595,0.000000,0.000000,0.000000,0,0,0.000000,0,0.000000,0,0.000000,57,0,0.000000,0.3990
thunderbird,b25e,1,50,256,default,fraction_ge_0.001,0.19631682,0.0050,0.00277053,1.94644189,30680,6023,85,12,73,6011,24584,0.141176,0.001992,0.003929,398,2,0.005025,13,0.032663,16,0.040201,57,22,0.385965,0.3990
thunderbird,b25e,1,50,256,default,fraction_ge_0.005,0.18735332,0.0050,0.00277053,1.94644189,30680,5748,85,5,80,5743,24852,0.058824,0.000870,0.001714,280,2,0.007143,16,0.057143,19,0.067857,57,20,0.350877,0.3990
thunderbird,b25e,1,50,256,default,fraction_ge_0.010,0.18272490,0.0050,0.00277053,1.94644189,30680,5606,85,2,83,5604,24991,0.023529,0.000357,0.000703,228,2,0.008772,21,0.092105,22,0.096491,57,18,0.315789,0.3990
thunderbird,b25e,1,50,256,default,fraction_ge_0.050,0.14951108,0.0050,0.00277053,1.94644189,30680,4587,85,0,85,4587,26008,0.000000,0.000000,0.000000,505,0,0.000000,11,0.021782,22,0.043564,57,16,0.280702,0.3990
thunderbird,b25e,1,50,256,default,fraction_ge_0.100,0.09416558,0.0050,0.00277053,1.94644189,30680,2889,85,0,85,2889,27706,0.000000,0.000000,0.000000,673,0,0.000000,7,0.010401,14,0.020802,57,12,0.210526,0.3990
thunderbird,b25e,1,50,256,default,fraction_ge_0.200,0.01450456,0.0050,0.00277053,1.94644189,30680,445,85,0,85,445,30150,0.000000,0.000000,0.000000,202,0,0.000000,2,0.009901,2,0.009901,57,2,0.035088,0.3990
thunderbird,b25e,1,50,256,default,fraction_ge_0.500,0.00000000,0.0050,0.00277053,1.94644189,30680,0,85,0,85,0,30595,0.000000,0.000000,0.000000,0,0,0.000000,0,0.000000,0,0.000000,57,0,0.000000,0.3990
thunderbird,b25e,1,50,256,default,count_ge_1,0.19934811,0.0100,0.00720339,1.65255712,30680,6116,221,57,164,6059,24400,0.257919,0.009320,0.017990,449,32,0.071269,50,0.111359,56,0.124722,125,63,0.504000,1.0373
thunderbird,b25e,1,50,256,default,count_ge_2,0.18891786,0.0100,0.00720339,1.65255712,30680,5796,221,48,173,5748,24711,0.217195,0.008282,0.015955,254,25,0.098425,37,0.145669,43,0.169291,125,54,0.432000,1.0373
thunderbird,b25e,1,50,256,default,count_ge_3,0.18631030,0.0100,0.00720339,1.65255712,30680,5716,221,44,177,5672,24787,0.199095,0.007698,0.014822,213,21,0.098592,30,0.140845,37,0.173709,125,50,0.400000,1.0373
thunderbird,b25e,1,50,256,default,count_ge_5,0.18350717,0.0100,0.00720339,1.65255712,30680,5630,221,42,179,5588,24871,0.190045,0.007460,0.014357,172,19,0.110465,24,0.139535,29,0.168605,125,45,0.360000,1.0373
thunderbird,b25e,1,50,256,default,count_ge_10,0.17685789,0.0100,0.00720339,1.65255712,30680,5426,221,31,190,5395,25064,0.140271,0.005713,0.010979,157,11,0.070064,19,0.121019,25,0.159236,125,38,0.304000,1.0373
thunderbird,b25e,1,50,256,default,count_ge_20,0.14426336,0.0100,0.00720339,1.65255712,30680,4426,221,27,194,4399,26060,0.122172,0.006100,0.011620,421,12,0.028504,13,0.030879,18,0.042755,125,30,0.240000,1.0373
thunderbird,b25e,1,50,256,default,count_ge_50,0.06072360,0.0100,0.00720339,1.65255712,30680,1863,221,10,211,1853,28606,0.045249,0.005368,0.009597,128,3,0.023438,3,0.023438,4,0.031250,125,9,0.072000,1.0373
thunderbird,b25e,1,50,256,default,count_ge_100,0.01923077,0.0100,0.00720339,1.65255712,30680,590,221,4,217,586,29873,0.018100,0.006780,0.009864,25,2,0.080000,2,0.080000,2,0.080000,125,3,0.024000,1.0373
thunderbird,b25e,1,50,256,default,count_ge_200,0.00475880,0.0100,0.00720339,1.65255712,30680,146,221,3,218,143,30316,0.013575,0.020548,0.016349,6,2,0.333333,2,0.333333,2,0.333333,125,3,0.024000,1.0373
thunderbird,b25e,1,50,256,default,count_ge_500,0.00000000,0.0100,0.00720339,1.65255712,30680,0,221,0,221,0,30459,0.000000,0.000000,0.000000,0,0,0.000000,0,0.000000,0,0.000000,125,0,0.000000,1.0373
thunderbird,b25e,1,50,256,default,count_ge_1000,0.00000000,0.0100,0.00720339,1.65255712,30680,0,221,0,221,0,30459,0.000000,0.000000,0.000000,0,0,0.000000,0,0.000000,0,0.000000,125,0,0.000000,1.0373
thunderbird,b25e,1,50,256,default,fraction_ge_0.001,0.19631682,0.0100,0.00720339,1.65255712,30680,6023,221,31,190,5992,24467,0.140271,0.005147,0.009930,398,11,0.027638,33,0.082915,37,0.092965,125,46,0.368000,1.0373
thunderbird,b25e,1,50,256,default,fraction_ge_0.005,0.18735332,0.0100,0.00720339,1.65255712,30680,5748,221,17,204,5731,24728,0.076923,0.002958,0.005696,280,7,0.025000,31,0.110714,38,0.135714,125,39,0.312000,1.0373
thunderbird,b25e,1,50,256,default,fraction_ge_0.010,0.18272490,0.0100,0.00720339,1.65255712,30680,5606,221,10,211,5596,24863,0.045249,0.001784,0.003432,228,8,0.035088,33,0.144737,37,0.162281,125,35,0.280000,1.0373
thunderbird,b25e,1,50,256,default,fraction_ge_0.050,0.14951108,0.0100,0.00720339,1.65255712,30680,4587,221,3,218,4584,25875,0.013575,0.000654,0.001248,505,2,0.003960,24,0.047525,38,0.075248,125,26,0.208000,1.0373
thunderbird,b25e,1,50,256,default,fraction_ge_0.100,0.09416558,0.0100,0.00720339,1.65255712,30680,2889,221,2,219,2887,27572,0.009050,0.000692,0.001286,673,1,0.001486,13,0.019316,22,0.032689,125,19,0.152000,1.0373
thunderbird,b25e,1,50,256,default,fraction_ge_0.200,0.01450456,0.0100,0.00720339,1.65255712,30680,445,221,1,220,444,30015,0.004525,0.002247,0.003003,202,1,0.004950,7,0.034653,7,0.034653,125,5,0.040000,1.0373
thunderbird,b25e,1,50,256,default,fraction_ge_0.500,0.00000000,0.0100,0.00720339,1.65255712,30680,0,221,0,221,0,30459,0.000000,0.000000,0.000000,0,0,0.000000,0,0.000000,0,0.000000,125,0,0.000000,1.0373
thunderbird,b25e,1,50,256,default,count_ge_1,0.19934811,0.0200,0.01812256,1.38513439,30680,6116,556,156,400,5960,24164,0.280576,0.025507,0.046763,449,65,0.144766,90,0.200445,99,0.220490,277,121,0.436823,2.6096
thunderbird,b25e,1,50,256,default,count_ge_2,0.18891786,0.0200,0.01812256,1.38513439,30680,5796,556,139,417,5657,24467,0.250000,0.023982,0.043766,254,51,0.200787,69,0.271654,76,0.299213,277,105,0.379061,2.6096
thunderbird,b25e,1,50,256,default,count_ge_3,0.18631030,0.0200,0.01812256,1.38513439,30680,5716,556,133,423,5583,24541,0.239209,0.023268,0.042411,213,47,0.220657,60,0.281690,69,0.323944,277,101,0.364621,2.6096
thunderbird,b25e,1,50,256,default,count_ge_5,0.18350717,0.0200,0.01812256,1.38513439,30680,5630,556,129,427,5501,24623,0.232014,0.022913,0.041707,172,45,0.261628,53,0.308140,56,0.325581,277,90,0.324910,2.6096
thunderbird,b25e,1,50,256,default,count_ge_10,0.17685789,0.0200,0.01812256,1.38513439,30680,5426,556,112,444,5314,24810,0.201439,0.020641,0.037446,157,38,0.242038,45,0.286624,51,0.324841,277,79,0.285199,2.6096
thunderbird,b25e,1,50,256,default,count_ge_20,0.14426336,0.0200,0.01812256,1.38513439,30680,4426,556,95,461,4331,25793,0.170863,0.021464,0.038137,421,30,0.071259,38,0.090261,43,0.102138,277,65,0.234657,2.6096
thunderbird,b25e,1,50,256,default,count_ge_50,0.06072360,0.0200,0.01812256,1.38513439,30680,1863,556,45,511,1818,28306,0.080935,0.024155,0.037205,128,6,0.046875,7,0.054688,7,0.054688,277,22,0.079422,2.6096
thunderbird,b25e,1,50,256,default,count_ge_100,0.01923077,0.0200,0.01812256,1.38513439,30680,590,556,22,534,568,29556,0.039568,0.037288,0.038394,25,4,0.160000,4,0.160000,4,0.160000,277,10,0.036101,2.6096
thunderbird,b25e,1,50,256,default,count_ge_200,0.00475880,0.0200,0.01812256,1.38513439,30680,146,556,15,541,131,29993,0.026978,0.102740,0.042735,6,2,0.333333,2,0.333333,2,0.333333,277,7,0.025271,2.6096
thunderbird,b25e,1,50,256,default,count_ge_500,0.00000000,0.0200,0.01812256,1.38513439,30680,0,556,0,556,0,30124,0.000000,0.000000,0.000000,0,0,0.000000,0,0.000000,0,0.000000,277,0,0.000000,2.6096
thunderbird,b25e,1,50,256,default,count_ge_1000,0.00000000,0.0200,0.01812256,1.38513439,30680,0,556,0,556,0,30124,0.000000,0.000000,0.000000,0,0,0.000000,0,0.000000,0,0.000000,277,0,0.000000,2.6096
thunderbird,b25e,1,50,256,default,fraction_ge_0.001,0.19631682,0.0200,0.01812256,1.38513439,30680,6023,556,118,438,5905,24219,0.212230,0.019592,0.035872,398,41,0.103015,66,0.165829,73,0.183417,277,99,0.357401,2.6096
thunderbird,b25e,1,50,256,default,fraction_ge_0.005,0.18735332,0.0200,0.01812256,1.38513439,30680,5748,556,82,474,5666,24458,0.147482,0.014266,0.026015,280,25,0.089286,68,0.242857,74,0.264286,277,85,0.306859,2.6096
thunderbird,b25e,1,50,256,default,fraction_ge_0.010,0.18272490,0.0200,0.01812256,1.38513439,30680,5606,556,66,490,5540,24584,0.118705,0.011773,0.021422,228,19,0.083333,70,0.307018,74,0.324561,277,77,0.277978,2.6096
thunderbird,b25e,1,50,256,default,fraction_ge_0.050,0.14951108,0.0200,0.01812256,1.38513439,30680,4587,556,20,536,4567,25557,0.035971,0.004360,0.007778,505,5,0.009901,73,0.144554,86,0.170297,277,58,0.209386,2.6096
thunderbird,b25e,1,50,256,default,fraction_ge_0.100,0.09416558,0.0200,0.01812256,1.38513439,30680,2889,556,15,541,2874,27250,0.026978,0.005192,0.008708,673,3,0.004458,45,0.066865,55,0.081724,277,45,0.162455,2.6096
thunderbird,b25e,1,50,256,default,fraction_ge_0.200,0.01450456,0.0200,0.01812256,1.38513439,30680,445,556,10,546,435,29689,0.017986,0.022472,0.019980,202,5,0.024752,15,0.074257,16,0.079208,277,13,0.046931,2.6096
thunderbird,b25e,1,50,256,default,fraction_ge_0.500,0.00000000,0.0200,0.01812256,1.38513439,30680,0,556,0,556,0,30124,0.000000,0.000000,0.000000,0,0,0.000000,0,0.000000,0,0.000000,277,0,0.000000,2.6096
thunderbird,b25e,4,50,256,default,count_ge_1,0.19934811,0.0050,0.00400913,1.66969894,30680,6116,123,21,102,6095,24462,0.170732,0.003434,0.006732,449,15,0.033408,18,0.040089,21,0.046771,33,20,0.606061,0.5773
thunderbird,b25e,4,50,256,default,count_ge_2,0.18891786,0.0050,0.00400913,1.66969894,30680,5796,123,14,109,5782,24775,0.113821,0.002415,0.004731,254,9,0.035433,13,0.051181,15,0.059055,33,16,0.484848,0.5773
thunderbird,b25e,4,50,256,default,count_ge_3,0.18631030,0.0050,0.00400913,1.66969894,30680,5716,123,13,110,5703,24854,0.105691,0.002274,0.004453,213,8,0.037559,9,0.042254,11,0.051643,33,12,0.363636,0.5773
thunderbird,b25e,4,50,256,default,count_ge_5,0.18350717,0.0050,0.00400913,1.66969894,30680,5630,123,12,111,5618,24939,0.097561,0.002131,0.004172,172,7,0.040698,7,0.040698,9,0.052326,33,11,0.333333,0.5773
thunderbird,b25e,4,50,256,default,count_ge_10,0.17685789,0.0050,0.00400913,1.66969894,30680,5426,123,7,116,5419,25138,0.056911,0.001290,0.002523,157,3,0.019108,6,0.038217,8,0.050955,33,8,0.242424,0.5773
thunderbird,b25e,4,50,256,default,count_ge_20,0.14426336,0.0050,0.00400913,1.66969894,30680,4426,123,6,117,4420,26137,0.048780,0.001356,0.002638,421,3,0.007126,3,0.007126,6,0.014252,33,6,0.181818,0.5773
thunderbird,b25e,4,50,256,default,count_ge_50,0.06072360,0.0050,0.00400913,1.66969894,30680,1863,123,2,121,1861,28696,0.016260,0.001074,0.002014,128,1,0.007813,1,0.007813,1,0.007813,33,1,0.030303,0.5773
thunderbird,b25e,4,50,256,default,count_ge_100,0.01923077,0.0050,0.00400913,1.66969894,30680,590,123,0,123,590,29967,0.000000,0.000000,0.000000,25,0,0.000000,0,0.000000,0,0.000000,33,0,0.000000,0.5773
thunderbird,b25e,4,50,256,default,count_ge_200,0.00475880,0.0050,0.00400913,1.66969894,30680,146,123,0,123,146,30411,0.000000,0.000000,0.000000,6,0,0.000000,0,0.000000,0,0.000000,33,0,0.000000,0.5773
thunderbird,b25e,4,50,256,default,count_ge_500,0.00000000,0.0050,0.00400913,1.66969894,30680,0,123,0,123,0,30557,0.000000,0.000000,0.000000,0,0,0.000000,0,0.000000,0,0.000000,33,0,0.000000,0.5773
thunderbird,b25e,4,50,256,default,count_ge_1000,0.00000000,0.0050,0.00400913,1.66969894,30680,0,123,0,123,0,30557,0.000000,0.000000,0.000000,0,0,0.000000,0,0.000000,0,0.000000,33,0,0.000000,0.5773
thunderbird,b25e,4,50,256,default,fraction_ge_0.001,0.19631682,0.0050,0.00400913,1.66969894,30680,6023,123,8,115,6015,24542,0.065041,0.001328,0.002603,398,3,0.007538,6,0.015075,10,0.025126,33,10,0.303030,0.5773
thunderbird,b25e,4,50,256,default,fraction_ge_0.005,0.18735332,0.0050,0.00400913,1.66969894,30680,5748,123,4,119,5744,24813,0.032520,0.000696,0.001363,280,2,0.007143,6,0.021429,8,0.028571,33,7,0.212121,0.5773
thunderbird,b25e,4,50,256,default,fraction_ge_0.010,0.18272490,0.0050,0.00400913,1.66969894,30680,5606,123,4,119,5602,24955,0.032520,0.000714,0.001396,228,3,0.013158,6,0.026316,6,0.026316,33,5,0.151515,0.5773
thunderbird,b25e,4,50,256,default,fraction_ge_0.050,0.14951108,0.0050,0.00400913,1.66969894,30680,4587,123,2,121,4585,25972,0.016260,0.000436,0.000849,505,2,0.003960,3,0.005941,3,0.005941,33,3,0.090909,0.5773
thunderbird,b25e,4,50,256,default,fraction_ge_0.100,0.09416558,0.0050,0.00400913,1.66969894,30680,2889,123,2,121,2887,27670,0.016260,0.000692,0.001328,673,2,0.002972,3,0.004458,3,0.004458,33,3,0.090909,0.5773
thunderbird,b25e,4,50,256,default,fraction_ge_0.200,0.01450456,0.0050,0.00400913,1.66969894,30680,445,123,0,123,445,30112,0.000000,0.000000,0.000000,202,0,0.000000,1,0.004950,1,0.004950,33,1,0.030303,0.5773
thunderbird,b25e,4,50,256,default,fraction_ge_0.500,0.00000000,0.0050,0.00400913,1.66969894,30680,0,123,0,123,0,30557,0.000000,0.000000,0.000000,0,0,0.000000,0,0.000000,0,0.000000,33,0,0.000000,0.5773
thunderbird,b25e,4,50,256,default,count_ge_1,0.19934811,0.0100,0.00769231,1.51743696,30680,6116,236,46,190,6070,24374,0.194915,0.007521,0.014484,449,24,0.053452,33,0.073497,39,0.086860,66,39,0.590909,1.1077
thunderbird,b25e,4,50,256,default,count_ge_2,0.18891786,0.0100,0.00769231,1.51743696,30680,5796,236,37,199,5759,24685,0.156780,0.006384,0.012268,254,16,0.062992,25,0.098425,30,0.118110,66,34,0.515152,1.1077
thunderbird,b25e,4,50,256,default,count_ge_3,0.18631030,0.0100,0.00769231,1.51743696,30680,5716,236,34,202,5682,24762,0.144068,0.005948,0.011425,213,13,0.061033,19,0.089202,24,0.112676,66,31,0.469697,1.1077
thunderbird,b25e,4,50,256,default,count_ge_5,0.18350717,0.0100,0.00769231,1.51743696,30680,5630,236,33,203,5597,24847,0.139831,0.005861,0.011251,172,12,0.069767,17,0.098837,19,0.110465,66,28,0.424242,1.1077
thunderbird,b25e,4,50,256,default,count_ge_10,0.17685789,0.0100,0.00769231,1.51743696,30680,5426,236,27,209,5399,25045,0.114407,0.004976,0.009537,157,10,0.063694,11,0.070064,15,0.095541,66,21,0.318182,1.1077
thunderbird,b25e,4,50,256,default,count_ge_20,0.14426336,0.0100,0.00769231,1.51743696,30680,4426,236,20,216,4406,26038,0.084746,0.004519,0.008580,421,6,0.014252,7,0.016627,8,0.019002,66,15,0.227273,1.1077
thunderbird,b25e,4,50,256,default,count_ge_50,0.06072360,0.0100,0.00769231,1.51743696,30680,1863,236,10,226,1853,28591,0.042373,0.005368,0.009528,128,2,0.015625,2,0.015625,3,0.023438,66,7,0.106061,1.1077
thunderbird,b25e,4,50,256,default,count_ge_100,0.01923077,0.0100,0.00769231,1.51743696,30680,590,236,1,235,589,29855,0.004237,0.001695,0.002421,25,1,0.040000,1,0.040000,1,0.040000,66,1,0.015152,1.1077
thunderbird,b25e,4,50,256,default,count_ge_200,0.00475880,0.0100,0.00769231,1.51743696,30680,146,236,1,235,145,30299,0.004237,0.006849,0.005236,6,1,0.166667,1,0.166667,1,0.166667,66,1,0.015152,1.1077
thunderbird,b25e,4,50,256,default,count_ge_500,0.00000000,0.0100,0.00769231,1.51743696,30680,0,236,0,236,0,30444,0.000000,0.000000,0.000000,0,0,0.000000,0,0.000000,0,0.000000,66,0,0.000000,1.1077
thunderbird,b25e,4,50,256,default,count_ge_1000,0.00000000,0.0100,0.00769231,1.51743696,30680,0,236,0,236,0,30444,0.000000,0.000000,0.000000,0,0,0.000000,0,0.000000,0,0.000000,66,0,0.000000,1.1077
thunderbird,b25e,4,50,256,default,fraction_ge_0.001,0.19631682,0.0100,0.00769231,1.51743696,30680,6023,236,27,209,5996,24448,0.114407,0.004483,0.008628,398,9,0.022613,14,0.035176,22,0.055276,66,26,0.393939,1.1077
thunderbird,b25e,4,50,256,default,fraction_ge_0.005,0.18735332,0.0100,0.00769231,1.51743696,30680,5748,236,22,214,5726,24718,0.093220,0.003827,0.007353,280,12,0.042857,16,0.057143,22,0.078571,66,21,0.318182,1.1077
thunderbird,b25e,4,50,256,default,fraction_ge_0.010,0.18272490,0.0100,0.00769231,1.51743696,30680,5606,236,17,219,5589,24855,0.072034,0.003032,0.005820,228,12,0.052632,18,0.078947,21,0.092105,66,19,0.287879,1.1077
thunderbird,b25e,4,50,256,default,fraction_ge_0.050,0.14951108,0.0100,0.00769231,1.51743696,30680,4587,236,7,229,4580,25864,0.029661,0.001526,0.002903,505,7,0.013861,12,0.023762,13,0.025743,66,11,0.166667,1.1077
thunderbird,b25e,4,50,256,default,fraction_ge_0.100,0.09416558,0.0100,0.00769231,1.51743696,30680,2889,236,5,231,2884,27560,0.021186,0.001731,0.003200,673,5,0.007429,9,0.013373,9,0.013373,66,9,0.136364,1.1077
thunderbird,b25e,4,50,256,default,fraction_ge_0.200,0.01450456,0.0100,0.00769231,1.51743696,30680,445,236,1,235,444,30000,0.004237,0.002247,0.002937,202,1,0.004950,2,0.009901,2,0.009901,66,2,0.030303,1.1077
thunderbird,b25e,4,50,256,default,fraction_ge_0.500,0.00000000,0.0100,0.00769231,1.51743696,30680,0,236,0,236,0,30444,0.000000,0.000000,0.000000,0,0,0.000000,0,0.000000,0,0.000000,66,0,0.000000,1.1077
thunderbird,b25e,4,50,256,default,count_ge_1,0.19934811,0.0200,0.01828553,1.29428466,30680,6116,561,140,421,5976,24143,0.249554,0.022891,0.041935,449,42,0.093541,57,0.126949,64,0.142539,126,69,0.547619,2.6331
thunderbird,b25e,4,50,256,default,count_ge_2,0.18891786,0.0200,0.01828553,1.29428466,30680,5796,561,127,434,5669,24450,0.226381,0.021912,0.039956,254,31,0.122047,40,0.157480,47,0.185039,126,57,0.452381,2.6331
thunderbird,b25e,4,50,256,default,count_ge_3,0.18631030,0.0200,0.01828553,1.29428466,30680,5716,561,122,439,5594,24525,0.217469,0.021344,0.038872,213,28,0.131455,34,0.159624,40,0.187793,126,55,0.436508,2.6331
thunderbird,b25e,4,50,256,default,count_ge_5,0.18350717,0.0200,0.01828553,1.29428466,30680,5630,561,116,445,5514,24605,0.206774,0.020604,0.037474,172,23,0.133721,28,0.162791,33,0.191860,126,51,0.404762,2.6331
thunderbird,b25e,4,50,256,default,count_ge_10,0.17685789,0.0200,0.01828553,1.29428466,30680,5426,561,98,463,5328,24791,0.174688,0.018061,0.032738,157,18,0.114650,23,0.146497,25,0.159236,126,40,0.317460,2.6331
thunderbird,b25e,4,50,256,default,count_ge_20,0.14426336,0.0200,0.01828553,1.29428466,30680,4426,561,83,478,4343,25776,0.147950,0.018753,0.033287,421,13,0.030879,14,0.033254,17,0.040380,126,30,0.238095,2.6331
thunderbird,b25e,4,50,256,default,count_ge_50,0.06072360,0.0200,0.01828553,1.29428466,30680,1863,561,36,525,1827,28292,0.064171,0.019324,0.029703,128,4,0.031250,5,0.039063,5,0.039063,126,11,0.087302,2.6331
thunderbird,b25e,4,50,256,default,count_ge_100,0.01923077,0.0200,0.01828553,1.29428466,30680,590,561,16,545,574,29545,0.028520,0.027119,0.027802,25,3,0.120000,3,0.120000,3,0.120000,126,4,0.031746,2.6331
thunderbird,b25e,4,50,256,default,count_ge_200,0.00475880,0.0200,0.01828553,1.29428466,30680,146,561,15,546,131,29988,0.026738,0.102740,0.042433,6,2,0.333333,2,0.333333,2,0.333333,126,3,0.023810,2.6331
thunderbird,b25e,4,50,256,default,count_ge_500,0.00000000,0.0200,0.01828553,1.29428466,30680,0,561,0,561,0,30119,0.000000,0.000000,0.000000,0,0,0.000000,0,0.000000,0,0.000000,126,0,0.000000,2.6331
thunderbird,b25e,4,50,256,default,count_ge_1000,0.00000000,0.0200,0.01828553,1.29428466,30680,0,561,0,561,0,30119,0.000000,0.000000,0.000000,0,0,0.000000,0,0.000000,0,0.000000,126,0,0.000000,2.6331
thunderbird,b25e,4,50,256,default,fraction_ge_0.001,0.19631682,0.0200,0.01828553,1.29428466,30680,6023,561,110,451,5913,24206,0.196078,0.018263,0.033414,398,25,0.062814,37,0.092965,44,0.110553,126,54,0.428571,2.6331
thunderbird,b25e,4,50,256,default,fraction_ge_0.005,0.18735332,0.0200,0.01828553,1.29428466,30680,5748,561,89,472,5659,24460,0.158645,0.015484,0.028214,280,22,0.078571,31,0.110714,40,0.142857,126,43,0.341270,2.6331
thunderbird,b25e,4,50,256,default,fraction_ge_0.010,0.18272490,0.0200,0.01828553,1.29428466,30680,5606,561,81,480,5525,24594,0.144385,0.014449,0.026269,228,24,0.105263,33,0.144737,39,0.171053,126,40,0.317460,2.6331
thunderbird,b25e,4,50,256,default,fraction_ge_0.050,0.14951108,0.0200,0.01828553,1.29428466,30680,4587,561,41,520,4546,25573,0.073084,0.008938,0.015929,505,22,0.043564,35,0.069307,43,0.085149,126,27,0.214286,2.6331
thunderbird,b25e,4,50,256,default,fraction_ge_0.100,0.09416558,0.0200,0.01828553,1.29428466,30680,2889,561,33,528,2856,27263,0.058824,0.011423,0.019130,673,17,0.025260,25,0.037147,31,0.046062,126,24,0.190476,2.6331
thunderbird,b25e,4,50,256,default,fraction_ge_0.200,0.01450456,0.0200,0.01828553,1.29428466,30680,445,561,13,548,432,29687,0.023173,0.029213,0.025845,202,7,0.034653,12,0.059406,13,0.064356,126,8,0.063492,2.6331
thunderbird,b25e,4,50,256,default,fraction_ge_0.500,0.00000000,0.0200,0.01828553,1.29428466,30680,0,561,0,561,0,30119,0.000000,0.000000,0.000000,0,0,0.000000,0,0.000000,0,0.000000,126,0,0.000000,2.6331
thunderbird,b50e,1,50,256,default,count_ge_1,0.19934811,0.0050,0.00257497,2.11359131,30680,6116,79,22,57,6094,24507,0.278481,0.003597,0.007103,449,14,0.031180,23,0.051225,28,0.062361,50,31,0.620000,0.3708
thunderbird,b50e,1,50,256,default,count_ge_2,0.18891786,0.0050,0.00257497,2.11359131,30680,5796,79,17,62,5779,24822,0.215190,0.002933,0.005787,254,11,0.043307,17,0.066929,21,0.082677,50,25,0.500000,0.3708
thunderbird,b50e,1,50,256,default,count_ge_3,0.18631030,0.0050,0.00257497,2.11359131,30680,5716,79,15,64,5701,24900,0.189873,0.002624,0.005177,213,9,0.042254,14,0.065728,18,0.084507,50,22,0.440000,0.3708
thunderbird,b50e,1,50,256,default,count_ge_5,0.18350717,0.0050,0.00257497,2.11359131,30680,5630,79,13,66,5617,24984,0.164557,0.002309,0.004554,172,7,0.040698,10,0.058140,13,0.075581,50,19,0.380000,0.3708
thunderbird,b50e,1,50,256,default,count_ge_10,0.17685789,0.0050,0.00257497,2.11359131,30680,5426,79,8,71,5418,25183,0.101266,0.001474,0.002906,157,2,0.012739,5,0.031847,9,0.057325,50,14,0.280000,0.3708
thunderbird,b50e,1,50,256,default,count_ge_20,0.14426336,0.0050,0.00257497,2.11359131,30680,4426,79,8,71,4418,26183,0.101266,0.001808,0.003552,421,4,0.009501,4,0.009501,5,0.011876,50,9,0.180000,0.3708
thunderbird,b50e,1,50,256,default,count_ge_50,0.06072360,0.0050,0.00257497,2.11359131,30680,1863,79,0,79,1863,28738,0.000000,0.000000,0.000000,128,0,0.000000,0,0.000000,0,0.000000,50,0,0.000000,0.3708
thunderbird,b50e,1,50,256,default,count_ge_100,0.01923077,0.0050,0.00257497,2.11359131,30680,590,79,0,79,590,30011,0.000000,0.000000,0.000000,25,0,0.000000,0,0.000000,0,0.000000,50,0,0.000000,0.3708
thunderbird,b50e,1,50,256,default,count_ge_200,0.00475880,0.0050,0.00257497,2.11359131,30680,146,79,0,79,146,30455,0.000000,0.000000,0.000000,6,0,0.000000,0,0.000000,0,0.000000,50,0,0.000000,0.3708
thunderbird,b50e,1,50,256,default,count_ge_500,0.00000000,0.0050,0.00257497,2.11359131,30680,0,79,0,79,0,30601,0.000000,0.000000,0.000000,0,0,0.000000,0,0.000000,0,0.000000,50,0,0.000000,0.3708
thunderbird,b50e,1,50,256,default,count_ge_1000,0.00000000,0.0050,0.00257497,2.11359131,30680,0,79,0,79,0,30601,0.000000,0.000000,0.000000,0,0,0.000000,0,0.000000,0,0.000000,50,0,0.000000,0.3708
thunderbird,b50e,1,50,256,default,fraction_ge_0.001,0.19631682,0.0050,0.00257497,2.11359131,30680,6023,79,8,71,6015,24586,0.101266,0.001328,0.002622,398,2,0.005025,11,0.027638,14,0.035176,50,18,0.360000,0.3708
thunderbird,b50e,1,50,256,default,fraction_ge_0.005,0.18735332,0.0050,0.00257497,2.11359131,30680,5748,79,3,76,5745,24856,0.037975,0.000522,0.001030,280,1,0.003571,10,0.035714,14,0.050000,50,14,0.280000,0.3708
thunderbird,b50e,1,50,256,default,fraction_ge_0.010,0.18272490,0.0050,0.00257497,2.11359131,30680,5606,79,1,78,5605,24996,0.012658,0.000178,0.000352,228,1,0.004386,14,0.061404,16,0.070175,50,13,0.260000,0.3708
thunderbird,b50e,1,50,256,default,fraction_ge_0.050,0.14951108,0.0050,0.00257497,2.11359131,30680,4587,79,0,79,4587,26014,0.000000,0.000000,0.000000,505,0,0.000000,8,0.015842,14,0.027723,50,10,0.200000,0.3708
thunderbird,b50e,1,50,256,default,fraction_ge_0.100,0.09416558,0.0050,0.00257497,2.11359131,30680,2889,79,0,79,2889,27712,0.000000,0.000000,0.000000,673,0,0.000000,6,0.008915,9,0.013373,50,8,0.160000,0.3708
thunderbird,b50e,1,50,256,default,fraction_ge_0.200,0.01450456,0.0050,0.00257497,2.11359131,30680,445,79,0,79,445,30156,0.000000,0.000000,0.000000,202,0,0.000000,2,0.009901,2,0.009901,50,2,0.040000,0.3708
thunderbird,b50e,1,50,256,default,fraction_ge_0.500,0.00000000,0.0050,0.00257497,2.11359131,30680,0,79,0,79,0,30601,0.000000,0.000000,0.000000,0,0,0.000000,0,0.000000,0,0.000000,50,0,0.000000,0.3708
thunderbird,b50e,1,50,256,default,count_ge_1,0.19934811,0.0100,0.00955020,1.62012858,30680,6116,293,75,218,6041,24346,0.255973,0.012263,0.023405,449,37,0.082405,55,0.122494,60,0.133630,144,73,0.506944,1.3752
thunderbird,b50e,1,50,256,default,count_ge_2,0.18891786,0.0100,0.00955020,1.62012858,30680,5796,293,61,232,5735,24652,0.208191,0.010524,0.020036,254,26,0.102362,40,0.157480,46,0.181102,144,63,0.437500,1.3752
thunderbird,b50e,1,50,256,default,count_ge_3,0.18631030,0.0100,0.00955020,1.62012858,30680,5716,293,56,237,5660,24727,0.191126,0.009797,0.018639,213,21,0.098592,32,0.150235,39,0.183099,144,59,0.409722,1.3752
thunderbird,b50e,1,50,256,default,count_ge_5,0.18350717,0.0100,0.00955020,1.62012858,30680,5630,293,54,239,5576,24811,0.184300,0.009591,0.018234,172,20,0.116279,27,0.156977,31,0.180233,144,53,0.368056,1.3752
thunderbird,b50e,1,50,256,default,count_ge_10,0.17685789,0.0100,0.00955020,1.62012858,30680,5426,293,40,253,5386,25001,0.136519,0.007372,0.013988,157,11,0.070064,19,0.121019,26,0.165605,144,43,0.298611,1.3752
thunderbird,b50e,1,50,256,default,count_ge_20,0.14426336,0.0100,0.00955020,1.62012858,30680,4426,293,32,261,4394,25993,0.109215,0.007230,0.013562,421,11,0.026128,13,0.030879,17,0.040380,144,33,0.229167,1.3752
thunderbird,b50e,1,50,256,default,count_ge_50,0.06072360,0.0100,0.00955020,1.62012858,30680,1863,293,11,282,1852,28535,0.037543,0.005904,0.010204,128,3,0.023438,5,0.039063,5,0.039063,144,10,0.069444,1.3752
thunderbird,b50e,1,50,256,default,count_ge_100,0.01923077,0.0100,0.00955020,1.62012858,30680,590,293,1,292,589,29798,0.003413,0.001695,0.002265,25,1,0.040000,2,0.080000,2,0.080000,144,2,0.013889,1.3752
thunderbird,b50e,1,50,256,default,count_ge_200,0.00475880,0.0100,0.00955020,1.62012858,30680,146,293,0,293,146,30241,0.000000,0.000000,0.000000,6,0,0.000000,2,0.333333,2,0.333333,144,2,0.013889,1.3752
thunderbird,b50e,1,50,256,default,count_ge_500,0.00000000,0.0100,0.00955020,1.62012858,30680,0,293,0,293,0,30387,0.000000,0.000000,0.000000,0,0,0.000000,0,0.000000,0,0.000000,144,0,0.000000,1.3752
thunderbird,b50e,1,50,256,default,count_ge_1000,0.00000000,0.0100,0.00955020,1.62012858,30680,0,293,0,293,0,30387,0.000000,0.000000,0.000000,0,0,0.000000,0,0.000000,0,0.000000,144,0,0.000000,1.3752
thunderbird,b50e,1,50,256,default,fraction_ge_0.001,0.19631682,0.0100,0.00955020,1.62012858,30680,6023,293,42,251,5981,24406,0.143345,0.006973,0.013300,398,14,0.035176,34,0.085427,38,0.095477,144,53,0.368056,1.3752
thunderbird,b50e,1,50,256,default,fraction_ge_0.005,0.18735332,0.0100,0.00955020,1.62012858,30680,5748,293,24,269,5724,24663,0.081911,0.004175,0.007946,280,7,0.025000,32,0.114286,36,0.128571,144,45,0.312500,1.3752
thunderbird,b50e,1,50,256,default,fraction_ge_0.010,0.18272490,0.0100,0.00955020,1.62012858,30680,5606,293,18,275,5588,24799,0.061433,0.003211,0.006103,228,11,0.048246,31,0.135965,34,0.149123,144,40,0.277778,1.3752
thunderbird,b50e,1,50,256,default,fraction_ge_0.050,0.14951108,0.0100,0.00955020,1.62012858,30680,4587,293,1,292,4586,25801,0.003413,0.000218,0.000410,505,1,0.001980,27,0.053465,40,0.079208,144,28,0.194444,1.3752
thunderbird,b50e,1,50,256,default,fraction_ge_0.100,0.09416558,0.0100,0.00955020,1.62012858,30680,2889,293,0,293,2889,27498,0.000000,0.000000,0.000000,673,0,0.000000,19,0.028232,26,0.038633,144,21,0.145833,1.3752
thunderbird,b50e,1,50,256,default,fraction_ge_0.200,0.01450456,0.0100,0.00955020,1.62012858,30680,445,293,0,293,445,29942,0.000000,0.000000,0.000000,202,0,0.000000,4,0.019802,4,0.019802,144,4,0.027778,1.3752
thunderbird,b50e,1,50,256,default,fraction_ge_0.500,0.00000000,0.0100,0.00955020,1.62012858,30680,0,293,0,293,0,30387,0.000000,0.000000,0.000000,0,0,0.000000,0,0.000000,0,0.000000,144,0,0.000000,1.3752
thunderbird,b50e,1,50,256,default,count_ge_1,0.19934811,0.0200,0.02004563,1.35860424,30680,6116,615,168,447,5948,24117,0.273171,0.027469,0.049918,449,63,0.140312,84,0.187082,87,0.193764,275,122,0.443636,2.8866
thunderbird,b50e,1,50,256,default,count_ge_2,0.18891786,0.0200,0.02004563,1.35860424,30680,5796,615,146,469,5650,24415,0.237398,0.025190,0.045547,254,45,0.177165,61,0.240157,65,0.255906,275,106,0.385455,2.8866
thunderbird,b50e,1,50,256,default,count_ge_3,0.18631030,0.0200,0.02004563,1.35860424,30680,5716,615,137,478,5579,24486,0.222764,0.023968,0.043279,213,37,0.173709,51,0.239437,56,0.262911,275,101,0.367273,2.8866
thunderbird,b50e,1,50,256,default,count_ge_5,0.18350717,0.0200,0.02004563,1.35860424,30680,5630,615,133,482,5497,24568,0.216260,0.023623,0.042594,172,35,0.203488,46,0.267442,47,0.273256,275,93,0.338182,2.8866
thunderbird,b50e,1,50,256,default,count_ge_10,0.17685789,0.0200,0.02004563,1.35860424,30680,5426,615,115,500,5311,24754,0.186992,0.021194,0.038073,157,27,0.171975,35,0.222930,41,0.261146,275,80,0.290909,2.8866
thunderbird,b50e,1,50,256,default,count_ge_20,0.14426336,0.0200,0.02004563,1.35860424,30680,4426,615,101,514,4325,25740,0.164228,0.022820,0.040071,421,26,0.061758,29,0.068884,33,0.078385,275,68,0.247273,2.8866
thunderbird,b50e,1,50,256,default,count_ge_50,0.06072360,0.0200,0.02004563,1.35860424,30680,1863,615,46,569,1817,28248,0.074797,0.024691,0.037127,128,7,0.054688,9,0.070313,10,0.078125,275,30,0.109091,2.8866
thunderbird,b50e,1,50,256,default,count_ge_100,0.01923077,0.0200,0.02004563,1.35860424,30680,590,615,18,597,572,29493,0.029268,0.030508,0.029876,25,4,0.160000,7,0.280000,7,0.280000,275,13,0.047273,2.8866
thunderbird,b50e,1,50,256,default,count_ge_200,0.00475880,0.0200,0.02004563,1.35860424,30680,146,615,12,603,134,29931,0.019512,0.082192,0.031537,6,2,0.333333,2,0.333333,2,0.333333,275,8,0.029091,2.8866
thunderbird,b50e,1,50,256,default,count_ge_500,0.00000000,0.0200,0.02004563,1.35860424,30680,0,615,0,615,0,30065,0.000000,0.000000,0.000000,0,0,0.000000,0,0.000000,0,0.000000,275,0,0.000000,2.8866
thunderbird,b50e,1,50,256,default,count_ge_1000,0.00000000,0.0200,0.02004563,1.35860424,30680,0,615,0,615,0,30065,0.000000,0.000000,0.000000,0,0,0.000000,0,0.000000,0,0.000000,275,0,0.000000,2.8866
thunderbird,b50e,1,50,256,default,fraction_ge_0.001,0.19631682,0.0200,0.02004563,1.35860424,30680,6023,615,125,490,5898,24167,0.203252,0.020754,0.037662,398,34,0.085427,56,0.140704,59,0.148241,275,98,0.356364,2.8866
thunderbird,b50e,1,50,256,default,fraction_ge_0.005,0.18735332,0.0200,0.02004563,1.35860424,30680,5748,615,90,525,5658,24407,0.146341,0.015658,0.028289,280,23,0.082143,55,0.196429,59,0.210714,275,85,0.309091,2.8866
thunderbird,b50e,1,50,256,default,fraction_ge_0.010,0.18272490,0.0200,0.02004563,1.35860424,30680,5606,615,79,536,5527,24538,0.128455,0.014092,0.025398,228,23,0.100877,52,0.228070,53,0.232456,275,79,0.287273,2.8866
thunderbird,b50e,1,50,256,default,fraction_ge_0.050,0.14951108,0.0200,0.02004563,1.35860424,30680,4587,615,19,596,4568,25497,0.030894,0.004142,0.007305,505,9,0.017822,58,0.114851,67,0.132673,275,58,0.210909,2.8866
thunderbird,b50e,1,50,256,default,fraction_ge_0.100,0.09416558,0.0200,0.02004563,1.35860424,30680,2889,615,11,604,2878,27187,0.017886,0.003808,0.006279,673,3,0.004458,49,0.072808,62,0.092125,275,50,0.181818,2.8866
thunderbird,b50e,1,50,256,default,fraction_ge_0.200,0.01450456,0.0200,0.02004563,1.35860424,30680,445,615,9,606,436,29629,0.014634,0.020225,0.016981,202,6,0.029703,18,0.089109,24,0.118812,275,19,0.069091,2.8866
thunderbird,b50e,1,50,256,default,fraction_ge_0.500,0.00000000,0.0200,0.02004563,1.35860424,30680,0,615,0,615,0,30065,0.000000,0.000000,0.000000,0,0,0.000000,0,0.000000,0,0.000000,275,0,0.000000,2.8866
thunderbird,b50e,4,50,256,default,count_ge_1,0.19934811,0.0050,0.00241199,2.00318820,30680,6116,74,10,64,6106,24500,0.135135,0.001635,0.003231,449,10,0.022272,10,0.022272,14,0.031180,24,11,0.458333,0.3473
thunderbird,b50e,4,50,256,default,count_ge_2,0.18891786,0.0050,0.00241199,2.00318820,30680,5796,74,6,68,5790,24816,0.081081,0.001035,0.002044,254,6,0.023622,6,0.023622,10,0.039370,24,9,0.375000,0.3473
thunderbird,b50e,4,50,256,default,count_ge_3,0.18631030,0.0050,0.00241199,2.00318820,30680,5716,74,5,69,5711,24895,0.067568,0.000875,0.001727,213,5,0.023474,5,0.023474,7,0.032864,24,6,0.250000,0.3473
thunderbird,b50e,4,50,256,default,count_ge_5,0.18350717,0.0050,0.00241199,2.00318820,30680,5630,74,4,70,5626,24980,0.054054,0.000710,0.001403,172,4,0.023256,4,0.023256,5,0.029070,24,5,0.208333,0.3473
thunderbird,b50e,4,50,256,default,count_ge_10,0.17685789,0.0050,0.00241199,2.00318820,30680,5426,74,2,72,5424,25182,0.027027,0.000369,0.000727,157,2,0.012739,2,0.012739,4,0.025478,24,3,0.125000,0.3473
thunderbird,b50e,4,50,256,default,count_ge_20,0.14426336,0.0050,0.00241199,2.00318820,30680,4426,74,0,74,4426,26180,0.000000,0.000000,0.000000,421,0,0.000000,1,0.002375,2,0.004751,24,2,0.083333,0.3473
thunderbird,b50e,4,50,256,default,count_ge_50,0.06072360,0.0050,0.00241199,2.00318820,30680,1863,74,0,74,1863,28743,0.000000,0.000000,0.000000,128,0,0.000000,0,0.000000,0,0.000000,24,0,0.000000,0.3473
thunderbird,b50e,4,50,256,default,count_ge_100,0.01923077,0.0050,0.00241199,2.00318820,30680,590,74,0,74,590,30016,0.000000,0.000000,0.000000,25,0,0.000000,0,0.000000,0,0.000000,24,0,0.000000,0.3473
thunderbird,b50e,4,50,256,default,count_ge_200,0.00475880,0.0050,0.00241199,2.00318820,30680,146,74,0,74,146,30460,0.000000,0.000000,0.000000,6,0,0.000000,0,0.000000,0,0.000000,24,0,0.000000,0.3473
thunderbird,b50e,4,50,256,default,count_ge_500,0.00000000,0.0050,0.00241199,2.00318820,30680,0,74,0,74,0,30606,0.000000,0.000000,0.000000,0,0,0.000000,0,0.000000,0,0.000000,24,0,0.000000,0.3473
thunderbird,b50e,4,50,256,default,count_ge_1000,0.00000000,0.0050,0.00241199,2.00318820,30680,0,74,0,74,0,30606,0.000000,0.000000,0.000000,0,0,0.000000,0,0.000000,0,0.000000,24,0,0.000000,0.3473
thunderbird,b50e,4,50,256,default,fraction_ge_0.001,0.19631682,0.0050,0.00241199,2.00318820,30680,6023,74,2,72,6021,24585,0.027027,0.000332,0.000656,398,2,0.005025,2,0.005025,3,0.007538,24,3,0.125000,0.3473
thunderbird,b50e,4,50,256,default,fraction_ge_0.005,0.18735332,0.0050,0.00241199,2.00318820,30680,5748,74,1,73,5747,24859,0.013514,0.000174,0.000344,280,1,0.003571,1,0.003571,1,0.003571,24,1,0.041667,0.3473
thunderbird,b50e,4,50,256,default,fraction_ge_0.010,0.18272490,0.0050,0.00241199,2.00318820,30680,5606,74,1,73,5605,25001,0.013514,0.000178,0.000352,228,1,0.004386,1,0.004386,1,0.004386,24,1,0.041667,0.3473
thunderbird,b50e,4,50,256,default,fraction_ge_0.050,0.14951108,0.0050,0.00241199,2.00318820,30680,4587,74,0,74,4587,26019,0.000000,0.000000,0.000000,505,0,0.000000,0,0.000000,0,0.000000,24,0,0.000000,0.3473
thunderbird,b50e,4,50,256,default,fraction_ge_0.100,0.09416558,0.0050,0.00241199,2.00318820,30680,2889,74,0,74,2889,27717,0.000000,0.000000,0.000000,673,0,0.000000,0,0.000000,0,0.000000,24,0,0.000000,0.3473
thunderbird,b50e,4,50,256,default,fraction_ge_0.200,0.01450456,0.0050,0.00241199,2.00318820,30680,445,74,0,74,445,30161,0.000000,0.000000,0.000000,202,0,0.000000,0,0.000000,0,0.000000,24,0,0.000000,0.3473
thunderbird,b50e,4,50,256,default,fraction_ge_0.500,0.00000000,0.0050,0.00241199,2.00318820,30680,0,74,0,74,0,30606,0.000000,0.000000,0.000000,0,0,0.000000,0,0.000000,0,0.000000,24,0,0.000000,0.3473
thunderbird,b50e,4,50,256,default,count_ge_1,0.19934811,0.0100,0.00844198,1.59642470,30680,6116,259,47,212,6069,24352,0.181467,0.007685,0.014745,449,28,0.062361,32,0.071269,37,0.082405,62,34,0.548387,1.2156
thunderbird,b50e,4,50,256,default,count_ge_2,0.18891786,0.0100,0.00844198,1.59642470,30680,5796,259,37,222,5759,24662,0.142857,0.006384,0.012221,254,20,0.078740,22,0.086614,25,0.098425,62,27,0.435484,1.2156
thunderbird,b50e,4,50,256,default,count_ge_3,0.18631030,0.0100,0.00844198,1.59642470,30680,5716,259,34,225,5682,24739,0.131274,0.005948,0.011381,213,17,0.079812,19,0.089202,22,0.103286,62,25,0.403226,1.2156
thunderbird,b50e,4,50,256,default,count_ge_5,0.18350717,0.0100,0.00844198,1.59642470,30680,5630,259,33,226,5597,24824,0.127413,0.005861,0.011207,172,16,0.093023,17,0.098837,19,0.110465,62,23,0.370968,1.2156
thunderbird,b50e,4,50,256,default,count_ge_10,0.17685789,0.0100,0.00844198,1.59642470,30680,5426,259,22,237,5404,25017,0.084942,0.004055,0.007740,157,10,0.063694,12,0.076433,14,0.089172,62,16,0.258065,1.2156
thunderbird,b50e,4,50,256,default,count_ge_20,0.14426336,0.0100,0.00844198,1.59642470,30680,4426,259,14,245,4412,26009,0.054054,0.003163,0.005977,421,6,0.014252,6,0.014252,7,0.016627,62,10,0.161290,1.2156
thunderbird,b50e,4,50,256,default,count_ge_50,0.06072360,0.0100,0.00844198,1.59642470,30680,1863,259,0,259,1863,28558,0.000000,0.000000,0.000000,128,0,0.000000,0,0.000000,1,0.007813,62,1,0.016129,1.2156
thunderbird,b50e,4,50,256,default,count_ge_100,0.01923077,0.0100,0.00844198,1.59642470,30680,590,259,0,259,590,29831,0.000000,0.000000,0.000000,25,0,0.000000,0,0.000000,0,0.000000,62,0,0.000000,1.2156
thunderbird,b50e,4,50,256,default,count_ge_200,0.00475880,0.0100,0.00844198,1.59642470,30680,146,259,0,259,146,30275,0.000000,0.000000,0.000000,6,0,0.000000,0,0.000000,0,0.000000,62,0,0.000000,1.2156
thunderbird,b50e,4,50,256,default,count_ge_500,0.00000000,0.0100,0.00844198,1.59642470,30680,0,259,0,259,0,30421,0.000000,0.000000,0.000000,0,0,0.000000,0,0.000000,0,0.000000,62,0,0.000000,1.2156
thunderbird,b50e,4,50,256,default,count_ge_1000,0.00000000,0.0100,0.00844198,1.59642470,30680,0,259,0,259,0,30421,0.000000,0.000000,0.000000,0,0,0.000000,0,0.000000,0,0.000000,62,0,0.000000,1.2156
thunderbird,b50e,4,50,256,default,fraction_ge_0.001,0.19631682,0.0100,0.00844198,1.59642470,30680,6023,259,25,234,5998,24423,0.096525,0.004151,0.007959,398,11,0.027638,14,0.035176,19,0.047739,62,21,0.338710,1.2156
thunderbird,b50e,4,50,256,default,fraction_ge_0.005,0.18735332,0.0100,0.00844198,1.59642470,30680,5748,259,18,241,5730,24691,0.069498,0.003132,0.005993,280,10,0.035714,10,0.035714,15,0.053571,62,13,0.209677,1.2156
thunderbird,b50e,4,50,256,default,fraction_ge_0.010,0.18272490,0.0100,0.00844198,1.59642470,30680,5606,259,17,242,5589,24832,0.065637,0.003032,0.005797,228,11,0.048246,11,0.048246,13,0.057018,62,12,0.193548,1.2156
thunderbird,b50e,4,50,256,default,fraction_ge_0.050,0.14951108,0.0100,0.00844198,1.59642470,30680,4587,259,5,254,4582,25839,0.019305,0.001090,0.002064,505,4,0.007921,7,0.013861,7,0.013861,62,6,0.096774,1.2156
thunderbird,b50e,4,50,256,default,fraction_ge_0.100,0.09416558,0.0100,0.00844198,1.59642470,30680,2889,259,3,256,2886,27535,0.011583,0.001038,0.001906,673,3,0.004458,5,0.007429,5,0.007429,62,5,0.080645,1.2156
thunderbird,b50e,4,50,256,default,fraction_ge_0.200,0.01450456,0.0100,0.00844198,1.59642470,30680,445,259,0,259,445,29976,0.000000,0.000000,0.000000,202,0,0.000000,0,0.000000,0,0.000000,62,0,0.000000,1.2156
thunderbird,b50e,4,50,256,default,fraction_ge_0.500,0.00000000,0.0100,0.00844198,1.59642470,30680,0,259,0,259,0,30421,0.000000,0.000000,0.000000,0,0,0.000000,0,0.000000,0,0.000000,62,0,0.000000,1.2156
thunderbird,b50e,4,50,256,default,count_ge_1,0.19934811,0.0200,0.02382660,1.21794721,30680,6116,731,148,583,5968,23981,0.202462,0.024199,0.043231,449,47,0.104677,64,0.142539,69,0.153675,151,76,0.503311,3.4310
thunderbird,b50e,4,50,256,default,count_ge_2,0.18891786,0.0200,0.02382660,1.21794721,30680,5796,731,130,601,5666,24283,0.177839,0.022429,0.039835,254,32,0.125984,48,0.188976,50,0.196850,151,66,0.437086,3.4310
thunderbird,b50e,4,50,256,default,count_ge_3,0.18631030,0.0200,0.02382660,1.21794721,30680,5716,731,126,605,5590,24359,0.172367,0.022043,0.039088,213,28,0.131455,38,0.178404,43,0.201878,151,61,0.403974,3.4310
thunderbird,b50e,4,50,256,default,count_ge_5,0.18350717,0.0200,0.02382660,1.21794721,30680,5630,731,121,610,5509,24440,0.165527,0.021492,0.038044,172,25,0.145349,34,0.197674,36,0.209302,151,55,0.364238,3.4310
thunderbird,b50e,4,50,256,default,count_ge_10,0.17685789,0.0200,0.02382660,1.21794721,30680,5426,731,104,627,5322,24627,0.142271,0.019167,0.033783,157,23,0.146497,25,0.159236,26,0.165605,151,42,0.278146,3.4310
thunderbird,b50e,4,50,256,default,count_ge_20,0.14426336,0.0200,0.02382660,1.21794721,30680,4426,731,83,648,4343,25606,0.113543,0.018753,0.032189,421,16,0.038005,18,0.042755,20,0.047506,151,32,0.211921,3.4310
thunderbird,b50e,4,50,256,default,count_ge_50,0.06072360,0.0200,0.02382660,1.21794721,30680,1863,731,28,703,1835,28114,0.038304,0.015030,0.021588,128,4,0.031250,6,0.046875,6,0.046875,151,13,0.086093,3.4310
thunderbird,b50e,4,50,256,default,count_ge_100,0.01923077,0.0200,0.02382660,1.21794721,30680,590,731,10,721,580,29369,0.013680,0.016949,0.015140,25,2,0.080000,3,0.120000,3,0.120000,151,6,0.039735,3.4310
thunderbird,b50e,4,50,256,default,count_ge_200,0.00475880,0.0200,0.02382660,1.21794721,30680,146,731,9,722,137,29812,0.012312,0.061644,0.020525,6,2,0.333333,2,0.333333,2,0.333333,151,5,0.033113,3.4310
thunderbird,b50e,4,50,256,default,count_ge_500,0.00000000,0.0200,0.02382660,1.21794721,30680,0,731,0,731,0,29949,0.000000,0.000000,0.000000,0,0,0.000000,0,0.000000,0,0.000000,151,0,0.000000,3.4310
thunderbird,b50e,4,50,256,default,count_ge_1000,0.00000000,0.0200,0.02382660,1.21794721,30680,0,731,0,731,0,29949,0.000000,0.000000,0.000000,0,0,0.000000,0,0.000000,0,0.000000,151,0,0.000000,3.4310
thunderbird,b50e,4,50,256,default,fraction_ge_0.001,0.19631682,0.0200,0.02382660,1.21794721,30680,6023,731,115,616,5908,24041,0.157319,0.019093,0.034054,398,28,0.070352,40,0.100503,45,0.113065,151,59,0.390728,3.4310
thunderbird,b50e,4,50,256,default,fraction_ge_0.005,0.18735332,0.0200,0.02382660,1.21794721,30680,5748,731,93,638,5655,24294,0.127223,0.016180,0.028708,280,26,0.092857,38,0.135714,39,0.139286,151,46,0.304636,3.4310
thunderbird,b50e,4,50,256,default,fraction_ge_0.010,0.18272490,0.0200,0.02382660,1.21794721,30680,5606,731,81,650,5525,24424,0.110807,0.014449,0.025564,228,27,0.118421,38,0.166667,39,0.171053,151,44,0.291391,3.4310
thunderbird,b50e,4,50,256,default,fraction_ge_0.050,0.14951108,0.0200,0.02382660,1.21794721,30680,4587,731,38,693,4549,25400,0.051984,0.008284,0.014291,505,20,0.039604,30,0.059406,35,0.069307,151,27,0.178808,3.4310
thunderbird,b50e,4,50,256,default,fraction_ge_0.100,0.09416558,0.0200,0.02382660,1.21794721,30680,2889,731,27,704,2862,27087,0.036936,0.009346,0.014917,673,14,0.020802,23,0.034175,25,0.037147,151,23,0.152318,3.4310
thunderbird,b50e,4,50,256,default,fraction_ge_0.200,0.01450456,0.0200,0.02382660,1.21794721,30680,445,731,7,724,438,29511,0.009576,0.015730,0.011905,202,5,0.024752,10,0.049505,10,0.049505,151,7,0.046358,3.4310
thunderbird,b50e,4,50,256,default,fraction_ge_0.500,0.00000000,0.0200,0.02382660,1.21794721,30680,0,731,0,731,0,29949,0.000000,0.000000,0.000000,0,0,0.000000,0,0.000000,0,0.000000,151,0,0.000000,3.4310
thunderbird,b25e,4,50,128,0.00100000,count_ge_1,0.19934811,0.0050,0.00329205,1.82006265,30680,6116,101,14,87,6102,24477,0.138614,0.002289,0.004504,449,13,0.028953,18,0.040089,20,0.044543,29,15,0.517241,0.4741
thunderbird,b25e,4,50,128,0.00100000,count_ge_2,0.18891786,0.0050,0.00329205,1.82006265,30680,5796,101,10,91,5786,24793,0.099010,0.001725,0.003392,254,9,0.035433,9,0.035433,12,0.047244,29,10,0.344828,0.4741
thunderbird,b25e,4,50,128,0.00100000,count_ge_3,0.18631030,0.0050,0.00329205,1.82006265,30680,5716,101,8,93,5708,24871,0.079208,0.001400,0.002751,213,7,0.032864,7,0.032864,9,0.042254,29,8,0.275862,0.4741
thunderbird,b25e,4,50,128,0.00100000,count_ge_5,0.18350717,0.0050,0.00329205,1.82006265,30680,5630,101,7,94,5623,24956,0.069307,0.001243,0.002443,172,6,0.034884,6,0.034884,7,0.040698,29,7,0.241379,0.4741
thunderbird,b25e,4,50,128,0.00100000,count_ge_10,0.17685789,0.0050,0.00329205,1.82006265,30680,5426,101,3,98,5423,25156,0.029703,0.000553,0.001086,157,3,0.019108,5,0.031847,6,0.038217,29,5,0.172414,0.4741
thunderbird,b25e,4,50,128,0.00100000,count_ge_20,0.14426336,0.0050,0.00329205,1.82006265,30680,4426,101,1,100,4425,26154,0.009901,0.000226,0.000442,421,1,0.002375,4,0.009501,5,0.011876,29,4,0.137931,0.4741
thunderbird,b25e,4,50,128,0.00100000,count_ge_50,0.06072360,0.0050,0.00329205,1.82006265,30680,1863,101,0,101,1863,28716,0.000000,0.000000,0.000000,128,0,0.000000,0,0.000000,1,0.007813,29,1,0.034483,0.4741
thunderbird,b25e,4,50,128,0.00100000,count_ge_100,0.01923077,0.0050,0.00329205,1.82006265,30680,590,101,0,101,590,29989,0.000000,0.000000,0.000000,25,0,0.000000,0,0.000000,0,0.000000,29,0,0.000000,0.4741
thunderbird,b25e,4,50,128,0.00100000,count_ge_200,0.00475880,0.0050,0.00329205,1.82006265,30680,146,101,0,101,146,30433,0.000000,0.000000,0.000000,6,0,0.000000,0,0.000000,0,0.000000,29,0,0.000000,0.4741
thunderbird,b25e,4,50,128,0.00100000,count_ge_500,0.00000000,0.0050,0.00329205,1.82006265,30680,0,101,0,101,0,30579,0.000000,0.000000,0.000000,0,0,0.000000,0,0.000000,0,0.000000,29,0,0.000000,0.4741
thunderbird,b25e,4,50,128,0.00100000,count_ge_1000,0.00000000,0.0050,0.00329205,1.82006265,30680,0,101,0,101,0,30579,0.000000,0.000000,0.000000,0,0,0.000000,0,0.000000,0,0.000000,29,0,0.000000,0.4741
thunderbird,b25e,4,50,128,0.00100000,fraction_ge_0.001,0.19631682,0.0050,0.00329205,1.82006265,30680,6023,101,4,97,6019,24560,0.039604,0.000664,0.001306,398,4,0.010050,5,0.012563,7,0.017588,29,6,0.206897,0.4741
thunderbird,b25e,4,50,128,0.00100000,fraction_ge_0.005,0.18735332,0.0050,0.00329205,1.82006265,30680,5748,101,2,99,5746,24833,0.019802,0.000348,0.000684,280,2,0.007143,2,0.007143,3,0.010714,29,3,0.103448,0.4741
thunderbird,b25e,4,50,128,0.00100000,fraction_ge_0.010,0.18272490,0.0050,0.00329205,1.82006265,30680,5606,101,1,100,5605,24974,0.009901,0.000178,0.000350,228,1,0.004386,2,0.008772,4,0.017544,29,3,0.103448,0.4741
thunderbird,b25e,4,50,128,0.00100000,fraction_ge_0.050,0.14951108,0.0050,0.00329205,1.82006265,30680,4587,101,0,101,4587,25992,0.000000,0.000000,0.000000,505,0,0.000000,1,0.001980,1,0.001980,29,1,0.034483,0.4741
thunderbird,b25e,4,50,128,0.00100000,fraction_ge_0.100,0.09416558,0.0050,0.00329205,1.82006265,30680,2889,101,0,101,2889,27690,0.000000,0.000000,0.000000,673,0,0.000000,1,0.001486,1,0.001486,29,1,0.034483,0.4741
thunderbird,b25e,4,50,128,0.00100000,fraction_ge_0.200,0.01450456,0.0050,0.00329205,1.82006265,30680,445,101,0,101,445,30134,0.000000,0.000000,0.000000,202,0,0.000000,0,0.000000,0,0.000000,29,0,0.000000,0.4741
thunderbird,b25e,4,50,128,0.00100000,fraction_ge_0.500,0.00000000,0.0050,0.00329205,1.82006265,30680,0,101,0,101,0,30579,0.000000,0.000000,0.000000,0,0,0.000000,0,0.000000,0,0.000000,29,0,0.000000,0.4741
thunderbird,b25e,4,50,128,0.00100000,count_ge_1,0.19934811,0.0100,0.00567145,1.66000536,30680,6116,174,32,142,6084,24422,0.183908,0.005232,0.010175,449,22,0.048998,29,0.064588,32,0.071269,50,29,0.580000,0.8167
thunderbird,b25e,4,50,128,0.00100000,count_ge_2,0.18891786,0.0100,0.00567145,1.66000536,30680,5796,174,24,150,5772,24734,0.137931,0.004141,0.008040,254,14,0.055118,18,0.070866,21,0.082677,50,21,0.420000,0.8167
thunderbird,b25e,4,50,128,0.00100000,count_ge_3,0.18631030,0.0100,0.00567145,1.66000536,30680,5716,174,22,152,5694,24812,0.126437,0.003849,0.007470,213,12,0.056338,15,0.070423,17,0.079812,50,18,0.360000,0.8167
thunderbird,b25e,4,50,128,0.00100000,count_ge_5,0.18350717,0.0100,0.00567145,1.66000536,30680,5630,174,21,153,5609,24897,0.120690,0.003730,0.007236,172,11,0.063953,14,0.081395,15,0.087209,50,17,0.340000,0.8167
thunderbird,b25e,4,50,128,0.00100000,count_ge_10,0.17685789,0.0100,0.00567145,1.66000536,30680,5426,174,15,159,5411,25095,0.086207,0.002764,0.005357,157,8,0.050955,10,0.063694,12,0.076433,50,12,0.240000,0.8167
thunderbird,b25e,4,50,128,0.00100000,count_ge_20,0.14426336,0.0100,0.00567145,1.66000536,30680,4426,174,9,165,4417,26089,0.051724,0.002033,0.003913,421,4,0.009501,5,0.011876,6,0.014252,50,7,0.140000,0.8167
thunderbird,b25e,4,50,128,0.00100000,count_ge_50,0.06072360,0.0100,0.00567145,1.66000536,30680,1863,174,3,171,1860,28646,0.017241,0.001610,0.002946,128,1,0.007813,1,0.007813,2,0.015625,50,2,0.040000,0.8167
thunderbird,b25e,4,50,128,0.00100000,count_ge_100,0.01923077,0.0100,0.00567145,1.66000536,30680,590,174,3,171,587,29919,0.017241,0.005085,0.007853,25,1,0.040000,1,0.040000,1,0.040000,50,1,0.020000,0.8167
thunderbird,b25e,4,50,128,0.00100000,count_ge_200,0.00475880,0.0100,0.00567145,1.66000536,30680,146,174,3,171,143,30363,0.017241,0.020548,0.018750,6,1,0.166667,1,0.166667,1,0.166667,50,1,0.020000,0.8167
thunderbird,b25e,4,50,128,0.00100000,count_ge_500,0.00000000,0.0100,0.00567145,1.66000536,30680,0,174,0,174,0,30506,0.000000,0.000000,0.000000,0,0,0.000000,0,0.000000,0,0.000000,50,0,0.000000,0.8167
thunderbird,b25e,4,50,128,0.00100000,count_ge_1000,0.00000000,0.0100,0.00567145,1.66000536,30680,0,174,0,174,0,30506,0.000000,0.000000,0.000000,0,0,0.000000,0,0.000000,0,0.000000,50,0,0.000000,0.8167
thunderbird,b25e,4,50,128,0.00100000,fraction_ge_0.001,0.19631682,0.0100,0.00567145,1.66000536,30680,6023,174,14,160,6009,24497,0.080460,0.002324,0.004518,398,6,0.015075,12,0.030151,15,0.037688,50,15,0.300000,0.8167
thunderbird,b25e,4,50,128,0.00100000,fraction_ge_0.005,0.18735332,0.0100,0.00567145,1.66000536,30680,5748,174,10,164,5738,24768,0.057471,0.001740,0.003377,280,6,0.021429,10,0.035714,13,0.046429,50,10,0.200000,0.8167
thunderbird,b25e,4,50,128,0.00100000,fraction_ge_0.010,0.18272490,0.0100,0.00567145,1.66000536,30680,5606,174,8,166,5598,24908,0.045977,0.001427,0.002768,228,6,0.026316,10,0.043860,12,0.052632,50,9,0.180000,0.8167
thunderbird,b25e,4,50,128,0.00100000,fraction_ge_0.050,0.14951108,0.0100,0.00567145,1.66000536,30680,4587,174,6,168,4581,25925,0.034483,0.001308,0.002520,505,4,0.007921,6,0.011881,7,0.013861,50,6,0.120000,0.8167
thunderbird,b25e,4,50,128,0.00100000,fraction_ge_0.100,0.09416558,0.0100,0.00567145,1.66000536,30680,2889,174,5,169,2884,27622,0.028736,0.001731,0.003265,673,3,0.004458,5,0.007429,5,0.007429,50,5,0.100000,0.8167
thunderbird,b25e,4,50,128,0.00100000,fraction_ge_0.200,0.01450456,0.0100,0.00567145,1.66000536,30680,445,174,3,171,442,30064,0.017241,0.006742,0.009693,202,2,0.009901,3,0.014851,5,0.024752,50,2,0.040000,0.8167
thunderbird,b25e,4,50,128,0.00100000,fraction_ge_0.500,0.00000000,0.0100,0.00567145,1.66000536,30680,0,174,0,174,0,30506,0.000000,0.000000,0.000000,0,0,0.000000,0,0.000000,0,0.000000,50,0,0.000000,0.8167
thunderbird,b25e,4,50,128,0.00100000,count_ge_1,0.19934811,0.0200,0.02050196,1.37553611,30680,6116,629,175,454,5941,24110,0.278219,0.028613,0.051890,449,54,0.120267,69,0.153675,77,0.171492,154,87,0.564935,2.9523
thunderbird,b25e,4,50,128,0.00100000,count_ge_2,0.18891786,0.0200,0.02050196,1.37553611,30680,5796,629,158,471,5638,24413,0.251192,0.027260,0.049183,254,40,0.157480,52,0.204724,61,0.240157,154,76,0.493506,2.9523
thunderbird,b25e,4,50,128,0.00100000,count_ge_3,0.18631030,0.0200,0.02050196,1.37553611,30680,5716,629,151,478,5565,24486,0.240064,0.026417,0.047597,213,33,0.154930,43,0.201878,52,0.244131,154,71,0.461039,2.9523
thunderbird,b25e,4,50,128,0.00100000,count_ge_5,0.18350717,0.0200,0.02050196,1.37553611,30680,5630,629,148,481,5482,24569,0.235294,0.026288,0.047292,172,32,0.186047,37,0.215116,44,0.255814,154,65,0.422078,2.9523
thunderbird,b25e,4,50,128,0.00100000,count_ge_10,0.17685789,0.0200,0.02050196,1.37553611,30680,5426,629,130,499,5296,24755,0.206677,0.023959,0.042940,157,27,0.171975,30,0.191083,37,0.235669,154,54,0.350649,2.9523
thunderbird,b25e,4,50,128,0.00100000,count_ge_20,0.14426336,0.0200,0.02050196,1.37553611,30680,4426,629,111,518,4315,25736,0.176471,0.025079,0.043917,421,22,0.052257,25,0.059382,32,0.076010,154,44,0.285714,2.9523
thunderbird,b25e,4,50,128,0.00100000,count_ge_50,0.06072360,0.0200,0.02050196,1.37553611,30680,1863,629,45,584,1818,28233,0.071542,0.024155,0.036116,128,7,0.054688,8,0.062500,10,0.078125,154,13,0.084416,2.9523
thunderbird,b25e,4,50,128,0.00100000,count_ge_100,0.01923077,0.0200,0.02050196,1.37553611,30680,590,629,24,605,566,29485,0.038156,0.040678,0.039377,25,3,0.120000,3,0.120000,3,0.120000,154,4,0.025974,2.9523
thunderbird,b25e,4,50,128,0.00100000,count_ge_200,0.00475880,0.0200,0.02050196,1.37553611,30680,146,629,23,606,123,29928,0.036566,0.157534,0.059355,6,2,0.333333,2,0.333333,2,0.333333,154,3,0.019481,2.9523
thunderbird,b25e,4,50,128,0.00100000,count_ge_500,0.00000000,0.0200,0.02050196,1.37553611,30680,0,629,0,629,0,30051,0.000000,0.000000,0.000000,0,0,0.000000,0,0.000000,0,0.000000,154,0,0.000000,2.9523
thunderbird,b25e,4,50,128,0.00100000,count_ge_1000,0.00000000,0.0200,0.02050196,1.37553611,30680,0,629,0,629,0,30051,0.000000,0.000000,0.000000,0,0,0.000000,0,0.000000,0,0.000000,154,0,0.000000,2.9523
thunderbird,b25e,4,50,128,0.00100000,fraction_ge_0.001,0.19631682,0.0200,0.02050196,1.37553611,30680,6023,629,143,486,5880,24171,0.227345,0.023742,0.042995,398,33,0.082915,48,0.120603,57,0.143216,154,71,0.461039,2.9523
thunderbird,b25e,4,50,128,0.00100000,fraction_ge_0.005,0.18735332,0.0200,0.02050196,1.37553611,30680,5748,629,124,505,5624,24427,0.197138,0.021573,0.038890,280,29,0.103571,46,0.164286,52,0.185714,154,56,0.363636,2.9523
thunderbird,b25e,4,50,128,0.00100000,fraction_ge_0.010,0.18272490,0.0200,0.02050196,1.37553611,30680,5606,629,115,514,5491,24560,0.182830,0.020514,0.036889,228,32,0.140351,46,0.201754,49,0.214912,154,51,0.331169,2.9523
thunderbird,b25e,4,50,128,0.00100000,fraction_ge_0.050,0.14951108,0.0200,0.02050196,1.37553611,30680,4587,629,77,552,4510,25541,0.122417,0.016787,0.029525,505,31,0.061386,46,0.091089,56,0.110891,154,38,0.246753,2.9523
thunderbird,b25e,4,50,128,0.00100000,fraction_ge_0.100,0.09416558,0.0200,0.02050196,1.37553611,30680,2889,629,62,567,2827,27224,0.098569,0.021461,0.035247,673,27,0.040119,32,0.047548,39,0.057949,154,29,0.188312,2.9523
thunderbird,b25e,4,50,128,0.00100000,fraction_ge_0.200,0.01450456,0.0200,0.02050196,1.37553611,30680,445,629,23,606,422,29629,0.036566,0.051685,0.042831,202,9,0.044554,14,0.069307,14,0.069307,154,10,0.064935,2.9523
thunderbird,b25e,4,50,128,0.00100000,fraction_ge_0.500,0.00000000,0.0200,0.02050196,1.37553611,30680,0,629,0,629,0,30051,0.000000,0.000000,0.000000,0,0,0.000000,0,0.000000,0,0.000000,154,0,0.000000,2.9523
thunderbird,b25e,4,50,64,default,count_ge_1,0.19934811,0.0050,0.00283572,1.95038013,30680,6116,87,9,78,6107,24486,0.103448,0.001472,0.002902,449,9,0.020045,13,0.028953,15,0.033408,26,11,0.423077,0.4083
thunderbird,b25e,4,50,64,default,count_ge_2,0.18891786,0.0050,0.00283572,1.95038013,30680,5796,87,5,82,5791,24802,0.057471,0.000863,0.001700,254,5,0.019685,6,0.023622,8,0.031496,26,6,0.230769,0.4083
thunderbird,b25e,4,50,64,default,count_ge_3,0.18631030,0.0050,0.00283572,1.95038013,30680,5716,87,4,83,5712,24881,0.045977,0.000700,0.001379,213,4,0.018779,4,0.018779,6,0.028169,26,5,0.192308,0.4083
thunderbird,b25e,4,50,64,default,count_ge_5,0.18350717,0.0050,0.00283572,1.95038013,30680,5630,87,3,84,5627,24966,0.034483,0.000533,0.001050,172,3,0.017442,3,0.017442,4,0.023256,26,4,0.153846,0.4083
thunderbird,b25e,4,50,64,default,count_ge_10,0.17685789,0.0050,0.00283572,1.95038013,30680,5426,87,0,87,5426,25167,0.000000,0.000000,0.000000,157,0,0.000000,2,0.012739,3,0.019108,26,2,0.076923,0.4083
thunderbird,b25e,4,50,64,default,count_ge_20,0.14426336,0.0050,0.00283572,1.95038013,30680,4426,87,0,87,4426,26167,0.000000,0.000000,0.000000,421,0,0.000000,0,0.000000,2,0.004751,26,2,0.076923,0.4083
thunderbird,b25e,4,50,64,default,count_ge_50,0.06072360,0.0050,0.00283572,1.95038013,30680,1863,87,0,87,1863,28730,0.000000,0.000000,0.000000,128,0,0.000000,0,0.000000,1,0.007813,26,1,0.038462,0.4083
thunderbird,b25e,4,50,64,default,count_ge_100,0.01923077,0.0050,0.00283572,1.95038013,30680,590,87,0,87,590,30003,0.000000,0.000000,0.000000,25,0,0.000000,0,0.000000,0,0.000000,26,0,0.000000,0.4083
thunderbird,b25e,4,50,64,default,count_ge_200,0.00475880,0.0050,0.00283572,1.95038013,30680,146,87,0,87,146,30447,0.000000,0.000000,0.000000,6,0,0.000000,0,0.000000,0,0.000000,26,0,0.000000,0.4083
thunderbird,b25e,4,50,64,default,count_ge_500,0.00000000,0.0050,0.00283572,1.95038013,30680,0,87,0,87,0,30593,0.000000,0.000000,0.000000,0,0,0.000000,0,0.000000,0,0.000000,26,0,0.000000,0.4083
thunderbird,b25e,4,50,64,default,count_ge_1000,0.00000000,0.0050,0.00283572,1.95038013,30680,0,87,0,87,0,30593,0.000000,0.000000,0.000000,0,0,0.000000,0,0.000000,0,0.000000,26,0,0.000000,0.4083
thunderbird,b25e,4,50,64,default,fraction_ge_0.001,0.19631682,0.0050,0.00283572,1.95038013,30680,6023,87,0,87,6023,24570,0.000000,0.000000,0.000000,398,0,0.000000,2,0.005025,4,0.010050,26,3,0.115385,0.4083
thunderbird,b25e,4,50,64,default,fraction_ge_0.005,0.18735332,0.0050,0.00283572,1.95038013,30680,5748,87,0,87,5748,24845,0.000000,0.000000,0.000000,280,0,0.000000,1,0.003571,2,0.007143,26,2,0.076923,0.4083
thunderbird,b25e,4,50,64,default,fraction_ge_0.010,0.18272490,0.0050,0.00283572,1.95038013,30680,5606,87,0,87,5606,24987,0.000000,0.000000,0.000000,228,0,0.000000,1,0.004386,2,0.008772,26,2,0.076923,0.4083
thunderbird,b25e,4,50,64,default,fraction_ge_0.050,0.14951108,0.0050,0.00283572,1.95038013,30680,4587,87,0,87,4587,26006,0.000000,0.000000,0.000000,505,0,0.000000,0,0.000000,0,0.000000,26,0,0.000000,0.4083
thunderbird,b25e,4,50,64,default,fraction_ge_0.100,0.09416558,0.0050,0.00283572,1.95038013,30680,2889,87,0,87,2889,27704,0.000000,0.000000,0.000000,673,0,0.000000,0,0.000000,0,0.000000,26,0,0.000000,0.4083
thunderbird,b25e,4,50,64,default,fraction_ge_0.200,0.01450456,0.0050,0.00283572,1.95038013,30680,445,87,0,87,445,30148,0.000000,0.000000,0.000000,202,0,0.000000,0,0.000000,0,0.000000,26,0,0.000000,0.4083
thunderbird,b25e,4,50,64,default,fraction_ge_0.500,0.00000000,0.0050,0.00283572,1.95038013,30680,0,87,0,87,0,30593,0.000000,0.000000,0.000000,0,0,0.000000,0,0.000000,0,0.000000,26,0,0.000000,0.4083
thunderbird,b25e,4,50,64,default,count_ge_1,0.19934811,0.0100,0.00599739,1.77759756,30680,6116,184,26,158,6090,24406,0.141304,0.004251,0.008254,449,19,0.042316,25,0.055679,30,0.066815,55,27,0.490909,0.8636
thunderbird,b25e,4,50,64,default,count_ge_2,0.18891786,0.0100,0.00599739,1.77759756,30680,5796,184,17,167,5779,24717,0.092391,0.002933,0.005686,254,10,0.039370,13,0.051181,17,0.066929,55,18,0.327273,0.8636
thunderbird,b25e,4,50,64,default,count_ge_3,0.18631030,0.0100,0.00599739,1.77759756,30680,5716,184,15,169,5701,24795,0.081522,0.002624,0.005085,213,8,0.037559,11,0.051643,13,0.061033,55,15,0.272727,0.8636
thunderbird,b25e,4,50,64,default,count_ge_5,0.18350717,0.0100,0.00599739,1.77759756,30680,5630,184,14,170,5616,24880,0.076087,0.002487,0.004816,172,7,0.040698,9,0.052326,10,0.058140,55,13,0.236364,0.8636
thunderbird,b25e,4,50,64,default,count_ge_10,0.17685789,0.0100,0.00599739,1.77759756,30680,5426,184,10,174,5416,25080,0.054348,0.001843,0.003565,157,4,0.025478,6,0.038217,7,0.044586,55,9,0.163636,0.8636
thunderbird,b25e,4,50,64,default,count_ge_20,0.14426336,0.0100,0.00599739,1.77759756,30680,4426,184,7,177,4419,26077,0.038043,0.001582,0.003037,421,4,0.009501,5,0.011876,6,0.014252,55,7,0.127273,0.8636
thunderbird,b25e,4,50,64,default,count_ge_50,0.06072360,0.0100,0.00599739,1.77759756,30680,1863,184,0,184,1863,28633,0.000000,0.000000,0.000000,128,0,0.000000,0,0.000000,1,0.007813,55,1,0.018182,0.8636
thunderbird,b25e,4,50,64,default,count_ge_100,0.01923077,0.0100,0.00599739,1.77759756,30680,590,184,0,184,590,29906,0.000000,0.000000,0.000000,25,0,0.000000,0,0.000000,0,0.000000,55,0,0.000000,0.8636
thunderbird,b25e,4,50,64,default,count_ge_200,0.00475880,0.0100,0.00599739,1.77759756,30680,146,184,0,184,146,30350,0.000000,0.000000,0.000000,6,0,0.000000,0,0.000000,0,0.000000,55,0,0.000000,0.8636
thunderbird,b25e,4,50,64,default,count_ge_500,0.00000000,0.0100,0.00599739,1.77759756,30680,0,184,0,184,0,30496,0.000000,0.000000,0.000000,0,0,0.000000,0,0.000000,0,0.000000,55,0,0.000000,0.8636
thunderbird,b25e,4,50,64,default,count_ge_1000,0.00000000,0.0100,0.00599739,1.77759756,30680,0,184,0,184,0,30496,0.000000,0.000000,0.000000,0,0,0.000000,0,0.000000,0,0.000000,55,0,0.000000,0.8636
thunderbird,b25e,4,50,64,default,fraction_ge_0.001,0.19631682,0.0100,0.00599739,1.77759756,30680,6023,184,10,174,6013,24483,0.054348,0.001660,0.003222,398,4,0.010050,7,0.017588,12,0.030151,55,13,0.236364,0.8636
thunderbird,b25e,4,50,64,default,fraction_ge_0.005,0.18735332,0.0100,0.00599739,1.77759756,30680,5748,184,7,177,5741,24755,0.038043,0.001218,0.002360,280,4,0.014286,7,0.025000,9,0.032143,55,9,0.163636,0.8636
thunderbird,b25e,4,50,64,default,fraction_ge_0.010,0.18272490,0.0100,0.00599739,1.77759756,30680,5606,184,6,178,5600,24896,0.032609,0.001070,0.002073,228,5,0.021930,7,0.030702,11,0.048246,55,9,0.163636,0.8636
thunderbird,b25e,4,50,64,default,fraction_ge_0.050,0.14951108,0.0100,0.00599739,1.77759756,30680,4587,184,2,182,4585,25911,0.010870,0.000436,0.000838,505,1,0.001980,5,0.009901,8,0.015842,55,5,0.090909,0.8636
thunderbird,b25e,4,50,64,default,fraction_ge_0.100,0.09416558,0.0100,0.00599739,1.77759756,30680,2889,184,2,182,2887,27609,0.010870,0.000692,0.001302,673,1,0.001486,4,0.005944,5,0.007429,55,5,0.090909,0.8636
thunderbird,b25e,4,50,64,default,fraction_ge_0.200,0.01450456,0.0100,0.00599739,1.77759756,30680,445,184,0,184,445,30051,0.000000,0.000000,0.000000,202,0,0.000000,0,0.000000,1,0.004950,55,1,0.018182,0.8636
thunderbird,b25e,4,50,64,default,fraction_ge_0.500,0.00000000,0.0100,0.00599739,1.77759756,30680,0,184,0,184,0,30496,0.000000,0.000000,0.000000,0,0,0.000000,0,0.000000,0,0.000000,55,0,0.000000,0.8636
thunderbird,b25e,4,50,64,default,count_ge_1,0.19934811,0.0200,0.02105606,1.46752240,30680,6116,646,170,476,5946,24088,0.263158,0.027796,0.050281,449,46,0.102450,58,0.129176,63,0.140312,137,71,0.518248,3.0321
thunderbird,b25e,4,50,64,default,count_ge_2,0.18891786,0.0200,0.02105606,1.46752240,30680,5796,646,156,490,5640,24394,0.241486,0.026915,0.048432,254,34,0.133858,41,0.161417,46,0.181102,137,62,0.452555,3.0321
thunderbird,b25e,4,50,64,default,count_ge_3,0.18631030,0.0200,0.02105606,1.46752240,30680,5716,646,151,495,5565,24469,0.233746,0.026417,0.047469,213,30,0.140845,33,0.154930,37,0.173709,137,58,0.423358,3.0321
thunderbird,b25e,4,50,64,default,count_ge_5,0.18350717,0.0200,0.02105606,1.46752240,30680,5630,646,146,500,5484,24550,0.226006,0.025933,0.046526,172,27,0.156977,28,0.162791,31,0.180233,137,53,0.386861,3.0321
thunderbird,b25e,4,50,64,default,count_ge_10,0.17685789,0.0200,0.02105606,1.46752240,30680,5426,646,128,518,5298,24736,0.198142,0.023590,0.042161,157,21,0.133758,23,0.146497,25,0.159236,137,45,0.328467,3.0321
thunderbird,b25e,4,50,64,default,count_ge_20,0.14426336,0.0200,0.02105606,1.46752240,30680,4426,646,111,535,4315,25719,0.171827,0.025079,0.043770,421,18,0.042755,21,0.049881,23,0.054632,137,37,0.270073,3.0321
thunderbird,b25e,4,50,64,default,count_ge_50,0.06072360,0.0200,0.02105606,1.46752240,30680,1863,646,43,603,1820,28214,0.066563,0.023081,0.034277,128,4,0.031250,5,0.039063,7,0.054688,137,14,0.102190,3.0321
thunderbird,b25e,4,50,64,default,count_ge_100,0.01923077,0.0200,0.02105606,1.46752240,30680,590,646,26,620,564,29470,0.040248,0.044068,0.042071,25,2,0.080000,2,0.080000,2,0.080000,137,5,0.036496,3.0321
thunderbird,b25e,4,50,64,default,count_ge_200,0.00475880,0.0200,0.02105606,1.46752240,30680,146,646,26,620,120,29914,0.040248,0.178082,0.065657,6,2,0.333333,2,0.333333,2,0.333333,137,5,0.036496,3.0321
thunderbird,b25e,4,50,64,default,count_ge_500,0.00000000,0.0200,0.02105606,1.46752240,30680,0,646,0,646,0,30034,0.000000,0.000000,0.000000,0,0,0.000000,0,0.000000,0,0.000000,137,0,0.000000,3.0321
thunderbird,b25e,4,50,64,default,count_ge_1000,0.00000000,0.0200,0.02105606,1.46752240,30680,0,646,0,646,0,30034,0.000000,0.000000,0.000000,0,0,0.000000,0,0.000000,0,0.000000,137,0,0.000000,3.0321
thunderbird,b25e,4,50,64,default,fraction_ge_0.001,0.19631682,0.0200,0.02105606,1.46752240,30680,6023,646,140,506,5883,24151,0.216718,0.023244,0.041985,398,26,0.065327,39,0.097990,42,0.105528,137,56,0.408759,3.0321
thunderbird,b25e,4,50,64,default,fraction_ge_0.005,0.18735332,0.0200,0.02105606,1.46752240,30680,5748,646,123,523,5625,24409,0.190402,0.021399,0.038474,280,24,0.085714,32,0.114286,35,0.125000,137,44,0.321168,3.0321
thunderbird,b25e,4,50,64,default,fraction_ge_0.010,0.18272490,0.0200,0.02105606,1.46752240,30680,5606,646,114,532,5492,24542,0.176471,0.020335,0.036468,228,28,0.122807,32,0.140351,34,0.149123,137,41,0.299270,3.0321
thunderbird,b25e,4,50,64,default,fraction_ge_0.050,0.14951108,0.0200,0.02105606,1.46752240,30680,4587,646,70,576,4517,25517,0.108359,0.015261,0.026753,505,29,0.057426,36,0.071287,43,0.085149,137,31,0.226277,3.0321
thunderbird,b25e,4,50,64,default,fraction_ge_0.100,0.09416558,0.0200,0.02105606,1.46752240,30680,2889,646,52,594,2837,27197,0.080495,0.017999,0.029420,673,22,0.032689,31,0.046062,37,0.054978,137,27,0.197080,3.0321
thunderbird,b25e,4,50,64,default,fraction_ge_0.200,0.01450456,0.0200,0.02105606,1.46752240,30680,445,646,27,619,418,29616,0.041796,0.060674,0.049496,202,10,0.049505,14,0.069307,16,0.079208,137,11,0.080292,3.0321
thunderbird,b25e,4,50,64,default,fraction_ge_0.500,0.00000000,0.0200,0.02105606,1.46752240,30680,0,646,0,646,0,30034,0.000000,0.000000,0.000000,0,0,0.000000,0,0.000000,0,0.000000,137,0,0.000000,3.0321
