dataset,feature,shingle_size,trees,sample_size,transform_method,scoring_strategy,configured_anomaly_rate,actual_grade_rate,z_factor,auto_adjust,mean_threshold,mean_score,label_spec,label_rate,records,positives,predicted,tp,fp,fn,tn,precision,recall,f1,label_segments,segments_hit_w2,segment_recall_w2,alert_groups,alert_groups_hit,alert_group_precision
bgl,b25e,1,100,256,NONE,EXPECTED_INVERSE_DEPTH,0.0010,0.03884211,3.0000,true,1.10193804,0.68558180,count_ge_1,0.08726316,9500,829,369,196,173,633,8498,0.531165,0.236429,0.327212,559,204,0.364937,254,175,0.688976
bgl,b25e,1,100,256,NONE,EXPECTED_INVERSE_DEPTH,0.0010,0.03884211,3.0000,true,1.10193804,0.68558180,count_ge_10,0.03663158,9500,348,369,110,259,238,8893,0.298103,0.316092,0.306834,242,114,0.471074,254,96,0.377953
bgl,b25e,1,100,256,NONE,EXPECTED_INVERSE_DEPTH,0.0010,0.03884211,3.0000,true,1.10193804,0.68558180,count_ge_500,0.00936842,9500,89,369,36,333,53,9078,0.097561,0.404494,0.157205,84,38,0.452381,254,35,0.137795
bgl,b25e,1,100,256,NONE,EXPECTED_INVERSE_DEPTH,0.0010,0.03884211,3.0000,true,1.10193804,0.68558180,count_ge_1000,0.00315789,9500,30,369,14,355,16,9115,0.037940,0.466667,0.070175,29,14,0.482759,254,13,0.051181
bgl,b25e,1,100,256,NONE,EXPECTED_INVERSE_DEPTH,0.0010,0.05073684,3.0000,false,1.10193804,0.68558180,count_ge_1,0.08726316,9500,829,482,224,258,605,8413,0.464730,0.270205,0.341724,559,227,0.406082,282,191,0.677305
bgl,b25e,1,100,256,NONE,EXPECTED_INVERSE_DEPTH,0.0010,0.05073684,3.0000,false,1.10193804,0.68558180,count_ge_10,0.03663158,9500,348,482,124,358,224,8794,0.257261,0.356322,0.298795,242,127,0.524793,282,105,0.372340
bgl,b25e,1,100,256,NONE,EXPECTED_INVERSE_DEPTH,0.0010,0.05073684,3.0000,false,1.10193804,0.68558180,count_ge_500,0.00936842,9500,89,482,43,439,46,8972,0.089212,0.483146,0.150613,84,48,0.571429,282,42,0.148936
bgl,b25e,1,100,256,NONE,EXPECTED_INVERSE_DEPTH,0.0010,0.05073684,3.0000,false,1.10193804,0.68558180,count_ge_1000,0.00315789,9500,30,482,17,465,13,9005,0.035270,0.566667,0.066406,29,18,0.620690,282,17,0.060284
bgl,b25e,1,100,256,NONE,EXPECTED_INVERSE_DEPTH,0.0010,0.04484211,2.5000,true,1.05315532,0.68558180,count_ge_1,0.08726316,9500,829,426,221,205,608,8466,0.518779,0.266586,0.352191,559,226,0.404293,292,194,0.664384
bgl,b25e,1,100,256,NONE,EXPECTED_INVERSE_DEPTH,0.0010,0.04484211,2.5000,true,1.05315532,0.68558180,count_ge_10,0.03663158,9500,348,426,120,306,228,8846,0.281690,0.344828,0.310078,242,120,0.495868,292,102,0.349315
bgl,b25e,1,100,256,NONE,EXPECTED_INVERSE_DEPTH,0.0010,0.04484211,2.5000,true,1.05315532,0.68558180,count_ge_500,0.00936842,9500,89,426,37,389,52,9022,0.086854,0.415730,0.143689,84,39,0.464286,292,36,0.123288
bgl,b25e,1,100,256,NONE,EXPECTED_INVERSE_DEPTH,0.0010,0.04484211,2.5000,true,1.05315532,0.68558180,count_ge_1000,0.00315789,9500,30,426,15,411,15,9059,0.035211,0.500000,0.065789,29,15,0.517241,292,14,0.047945
bgl,b25e,1,100,256,NONE,EXPECTED_INVERSE_DEPTH,0.0010,0.05989474,2.5000,false,1.05315532,0.68558180,count_ge_1,0.08726316,9500,829,569,259,310,570,8361,0.455185,0.312425,0.370529,559,257,0.459750,320,213,0.665625
bgl,b25e,1,100,256,NONE,EXPECTED_INVERSE_DEPTH,0.0010,0.05989474,2.5000,false,1.05315532,0.68558180,count_ge_10,0.03663158,9500,348,569,142,427,206,8725,0.249561,0.408046,0.309706,242,137,0.566116,320,110,0.343750
bgl,b25e,1,100,256,NONE,EXPECTED_INVERSE_DEPTH,0.0010,0.05989474,2.5000,false,1.05315532,0.68558180,count_ge_500,0.00936842,9500,89,569,45,524,44,8887,0.079086,0.505618,0.136778,84,50,0.595238,320,42,0.131250
bgl,b25e,1,100,256,NONE,EXPECTED_INVERSE_DEPTH,0.0010,0.05989474,2.5000,false,1.05315532,0.68558180,count_ge_1000,0.00315789,9500,30,569,18,551,12,8919,0.031634,0.600000,0.060100,29,19,0.655172,320,17,0.053125
bgl,b25e,1,100,256,NONE,EXPECTED_INVERSE_DEPTH,0.0010,0.05547368,2.0000,true,1.00438474,0.68558180,count_ge_1,0.08726316,9500,829,527,257,270,572,8401,0.487666,0.310012,0.379056,559,255,0.456172,344,219,0.636628
bgl,b25e,1,100,256,NONE,EXPECTED_INVERSE_DEPTH,0.0010,0.05547368,2.0000,true,1.00438474,0.68558180,count_ge_10,0.03663158,9500,348,527,136,391,212,8761,0.258065,0.390805,0.310857,242,127,0.524793,344,107,0.311047
bgl,b25e,1,100,256,NONE,EXPECTED_INVERSE_DEPTH,0.0010,0.05547368,2.0000,true,1.00438474,0.68558180,count_ge_500,0.00936842,9500,89,527,41,486,48,8925,0.077799,0.460674,0.133117,84,42,0.500000,344,39,0.113372
bgl,b25e,1,100,256,NONE,EXPECTED_INVERSE_DEPTH,0.0010,0.05547368,2.0000,true,1.00438474,0.68558180,count_ge_1000,0.00315789,9500,30,527,15,512,15,8958,0.028463,0.500000,0.053860,29,15,0.517241,344,14,0.040698
bgl,b25e,1,100,256,NONE,EXPECTED_INVERSE_DEPTH,0.0010,0.07378947,2.0000,false,1.00438474,0.68558180,count_ge_1,0.08726316,9500,829,701,299,402,530,8269,0.426534,0.360676,0.390850,559,289,0.516995,378,239,0.632275
bgl,b25e,1,100,256,NONE,EXPECTED_INVERSE_DEPTH,0.0010,0.07378947,2.0000,false,1.00438474,0.68558180,count_ge_10,0.03663158,9500,348,701,160,541,188,8611,0.228245,0.459770,0.305052,242,145,0.599174,378,116,0.306878
bgl,b25e,1,100,256,NONE,EXPECTED_INVERSE_DEPTH,0.0010,0.07378947,2.0000,false,1.00438474,0.68558180,count_ge_500,0.00936842,9500,89,701,49,652,40,8759,0.069900,0.550562,0.124051,84,53,0.630952,378,45,0.119048
bgl,b25e,1,100,256,NONE,EXPECTED_INVERSE_DEPTH,0.0010,0.07378947,2.0000,false,1.00438474,0.68558180,count_ge_1000,0.00315789,9500,30,701,18,683,12,8787,0.025678,0.600000,0.049248,29,19,0.655172,378,17,0.044974
bgl,b25e,1,100,256,NONE,EXPECTED_INVERSE_DEPTH,0.0020,0.03884211,3.0000,true,1.10193804,0.68558180,count_ge_1,0.08726316,9500,829,369,196,173,633,8498,0.531165,0.236429,0.327212,559,204,0.364937,254,175,0.688976
bgl,b25e,1,100,256,NONE,EXPECTED_INVERSE_DEPTH,0.0020,0.03884211,3.0000,true,1.10193804,0.68558180,count_ge_10,0.03663158,9500,348,369,110,259,238,8893,0.298103,0.316092,0.306834,242,114,0.471074,254,96,0.377953
bgl,b25e,1,100,256,NONE,EXPECTED_INVERSE_DEPTH,0.0020,0.03884211,3.0000,true,1.10193804,0.68558180,count_ge_500,0.00936842,9500,89,369,36,333,53,9078,0.097561,0.404494,0.157205,84,38,0.452381,254,35,0.137795
bgl,b25e,1,100,256,NONE,EXPECTED_INVERSE_DEPTH,0.0020,0.03884211,3.0000,true,1.10193804,0.68558180,count_ge_1000,0.00315789,9500,30,369,14,355,16,9115,0.037940,0.466667,0.070175,29,14,0.482759,254,13,0.051181
bgl,b25e,1,100,256,NONE,EXPECTED_INVERSE_DEPTH,0.0020,0.05073684,3.0000,false,1.10193804,0.68558180,count_ge_1,0.08726316,9500,829,482,224,258,605,8413,0.464730,0.270205,0.341724,559,227,0.406082,282,191,0.677305
bgl,b25e,1,100,256,NONE,EXPECTED_INVERSE_DEPTH,0.0020,0.05073684,3.0000,false,1.10193804,0.68558180,count_ge_10,0.03663158,9500,348,482,124,358,224,8794,0.257261,0.356322,0.298795,242,127,0.524793,282,105,0.372340
bgl,b25e,1,100,256,NONE,EXPECTED_INVERSE_DEPTH,0.0020,0.05073684,3.0000,false,1.10193804,0.68558180,count_ge_500,0.00936842,9500,89,482,43,439,46,8972,0.089212,0.483146,0.150613,84,48,0.571429,282,42,0.148936
bgl,b25e,1,100,256,NONE,EXPECTED_INVERSE_DEPTH,0.0020,0.05073684,3.0000,false,1.10193804,0.68558180,count_ge_1000,0.00315789,9500,30,482,17,465,13,9005,0.035270,0.566667,0.066406,29,18,0.620690,282,17,0.060284
bgl,b25e,1,100,256,NONE,EXPECTED_INVERSE_DEPTH,0.0020,0.04484211,2.5000,true,1.05315532,0.68558180,count_ge_1,0.08726316,9500,829,426,221,205,608,8466,0.518779,0.266586,0.352191,559,226,0.404293,292,194,0.664384
bgl,b25e,1,100,256,NONE,EXPECTED_INVERSE_DEPTH,0.0020,0.04484211,2.5000,true,1.05315532,0.68558180,count_ge_10,0.03663158,9500,348,426,120,306,228,8846,0.281690,0.344828,0.310078,242,120,0.495868,292,102,0.349315
bgl,b25e,1,100,256,NONE,EXPECTED_INVERSE_DEPTH,0.0020,0.04484211,2.5000,true,1.05315532,0.68558180,count_ge_500,0.00936842,9500,89,426,37,389,52,9022,0.086854,0.415730,0.143689,84,39,0.464286,292,36,0.123288
bgl,b25e,1,100,256,NONE,EXPECTED_INVERSE_DEPTH,0.0020,0.04484211,2.5000,true,1.05315532,0.68558180,count_ge_1000,0.00315789,9500,30,426,15,411,15,9059,0.035211,0.500000,0.065789,29,15,0.517241,292,14,0.047945
bgl,b25e,1,100,256,NONE,EXPECTED_INVERSE_DEPTH,0.0020,0.05989474,2.5000,false,1.05315532,0.68558180,count_ge_1,0.08726316,9500,829,569,259,310,570,8361,0.455185,0.312425,0.370529,559,257,0.459750,320,213,0.665625
bgl,b25e,1,100,256,NONE,EXPECTED_INVERSE_DEPTH,0.0020,0.05989474,2.5000,false,1.05315532,0.68558180,count_ge_10,0.03663158,9500,348,569,142,427,206,8725,0.249561,0.408046,0.309706,242,137,0.566116,320,110,0.343750
bgl,b25e,1,100,256,NONE,EXPECTED_INVERSE_DEPTH,0.0020,0.05989474,2.5000,false,1.05315532,0.68558180,count_ge_500,0.00936842,9500,89,569,45,524,44,8887,0.079086,0.505618,0.136778,84,50,0.595238,320,42,0.131250
bgl,b25e,1,100,256,NONE,EXPECTED_INVERSE_DEPTH,0.0020,0.05989474,2.5000,false,1.05315532,0.68558180,count_ge_1000,0.00315789,9500,30,569,18,551,12,8919,0.031634,0.600000,0.060100,29,19,0.655172,320,17,0.053125
bgl,b25e,1,100,256,NONE,EXPECTED_INVERSE_DEPTH,0.0020,0.05547368,2.0000,true,1.00438474,0.68558180,count_ge_1,0.08726316,9500,829,527,257,270,572,8401,0.487666,0.310012,0.379056,559,255,0.456172,344,219,0.636628
bgl,b25e,1,100,256,NONE,EXPECTED_INVERSE_DEPTH,0.0020,0.05547368,2.0000,true,1.00438474,0.68558180,count_ge_10,0.03663158,9500,348,527,136,391,212,8761,0.258065,0.390805,0.310857,242,127,0.524793,344,107,0.311047
bgl,b25e,1,100,256,NONE,EXPECTED_INVERSE_DEPTH,0.0020,0.05547368,2.0000,true,1.00438474,0.68558180,count_ge_500,0.00936842,9500,89,527,41,486,48,8925,0.077799,0.460674,0.133117,84,42,0.500000,344,39,0.113372
bgl,b25e,1,100,256,NONE,EXPECTED_INVERSE_DEPTH,0.0020,0.05547368,2.0000,true,1.00438474,0.68558180,count_ge_1000,0.00315789,9500,30,527,15,512,15,8958,0.028463,0.500000,0.053860,29,15,0.517241,344,14,0.040698
bgl,b25e,1,100,256,NONE,EXPECTED_INVERSE_DEPTH,0.0020,0.07378947,2.0000,false,1.00438474,0.68558180,count_ge_1,0.08726316,9500,829,701,299,402,530,8269,0.426534,0.360676,0.390850,559,289,0.516995,378,239,0.632275
bgl,b25e,1,100,256,NONE,EXPECTED_INVERSE_DEPTH,0.0020,0.07378947,2.0000,false,1.00438474,0.68558180,count_ge_10,0.03663158,9500,348,701,160,541,188,8611,0.228245,0.459770,0.305052,242,145,0.599174,378,116,0.306878
bgl,b25e,1,100,256,NONE,EXPECTED_INVERSE_DEPTH,0.0020,0.07378947,2.0000,false,1.00438474,0.68558180,count_ge_500,0.00936842,9500,89,701,49,652,40,8759,0.069900,0.550562,0.124051,84,53,0.630952,378,45,0.119048
bgl,b25e,1,100,256,NONE,EXPECTED_INVERSE_DEPTH,0.0020,0.07378947,2.0000,false,1.00438474,0.68558180,count_ge_1000,0.00315789,9500,30,701,18,683,12,8787,0.025678,0.600000,0.049248,29,19,0.655172,378,17,0.044974
bgl,b25e,1,100,256,NONE,EXPECTED_INVERSE_DEPTH,0.0050,0.03884211,3.0000,true,1.10193804,0.68558180,count_ge_1,0.08726316,9500,829,369,196,173,633,8498,0.531165,0.236429,0.327212,559,204,0.364937,254,175,0.688976
bgl,b25e,1,100,256,NONE,EXPECTED_INVERSE_DEPTH,0.0050,0.03884211,3.0000,true,1.10193804,0.68558180,count_ge_10,0.03663158,9500,348,369,110,259,238,8893,0.298103,0.316092,0.306834,242,114,0.471074,254,96,0.377953
bgl,b25e,1,100,256,NONE,EXPECTED_INVERSE_DEPTH,0.0050,0.03884211,3.0000,true,1.10193804,0.68558180,count_ge_500,0.00936842,9500,89,369,36,333,53,9078,0.097561,0.404494,0.157205,84,38,0.452381,254,35,0.137795
bgl,b25e,1,100,256,NONE,EXPECTED_INVERSE_DEPTH,0.0050,0.03884211,3.0000,true,1.10193804,0.68558180,count_ge_1000,0.00315789,9500,30,369,14,355,16,9115,0.037940,0.466667,0.070175,29,14,0.482759,254,13,0.051181
bgl,b25e,1,100,256,NONE,EXPECTED_INVERSE_DEPTH,0.0050,0.05073684,3.0000,false,1.10193804,0.68558180,count_ge_1,0.08726316,9500,829,482,224,258,605,8413,0.464730,0.270205,0.341724,559,227,0.406082,282,191,0.677305
bgl,b25e,1,100,256,NONE,EXPECTED_INVERSE_DEPTH,0.0050,0.05073684,3.0000,false,1.10193804,0.68558180,count_ge_10,0.03663158,9500,348,482,124,358,224,8794,0.257261,0.356322,0.298795,242,127,0.524793,282,105,0.372340
bgl,b25e,1,100,256,NONE,EXPECTED_INVERSE_DEPTH,0.0050,0.05073684,3.0000,false,1.10193804,0.68558180,count_ge_500,0.00936842,9500,89,482,43,439,46,8972,0.089212,0.483146,0.150613,84,48,0.571429,282,42,0.148936
bgl,b25e,1,100,256,NONE,EXPECTED_INVERSE_DEPTH,0.0050,0.05073684,3.0000,false,1.10193804,0.68558180,count_ge_1000,0.00315789,9500,30,482,17,465,13,9005,0.035270,0.566667,0.066406,29,18,0.620690,282,17,0.060284
bgl,b25e,1,100,256,NONE,EXPECTED_INVERSE_DEPTH,0.0050,0.04484211,2.5000,true,1.05315532,0.68558180,count_ge_1,0.08726316,9500,829,426,221,205,608,8466,0.518779,0.266586,0.352191,559,226,0.404293,292,194,0.664384
bgl,b25e,1,100,256,NONE,EXPECTED_INVERSE_DEPTH,0.0050,0.04484211,2.5000,true,1.05315532,0.68558180,count_ge_10,0.03663158,9500,348,426,120,306,228,8846,0.281690,0.344828,0.310078,242,120,0.495868,292,102,0.349315
bgl,b25e,1,100,256,NONE,EXPECTED_INVERSE_DEPTH,0.0050,0.04484211,2.5000,true,1.05315532,0.68558180,count_ge_500,0.00936842,9500,89,426,37,389,52,9022,0.086854,0.415730,0.143689,84,39,0.464286,292,36,0.123288
bgl,b25e,1,100,256,NONE,EXPECTED_INVERSE_DEPTH,0.0050,0.04484211,2.5000,true,1.05315532,0.68558180,count_ge_1000,0.00315789,9500,30,426,15,411,15,9059,0.035211,0.500000,0.065789,29,15,0.517241,292,14,0.047945
bgl,b25e,1,100,256,NONE,EXPECTED_INVERSE_DEPTH,0.0050,0.05989474,2.5000,false,1.05315532,0.68558180,count_ge_1,0.08726316,9500,829,569,259,310,570,8361,0.455185,0.312425,0.370529,559,257,0.459750,320,213,0.665625
bgl,b25e,1,100,256,NONE,EXPECTED_INVERSE_DEPTH,0.0050,0.05989474,2.5000,false,1.05315532,0.68558180,count_ge_10,0.03663158,9500,348,569,142,427,206,8725,0.249561,0.408046,0.309706,242,137,0.566116,320,110,0.343750
bgl,b25e,1,100,256,NONE,EXPECTED_INVERSE_DEPTH,0.0050,0.05989474,2.5000,false,1.05315532,0.68558180,count_ge_500,0.00936842,9500,89,569,45,524,44,8887,0.079086,0.505618,0.136778,84,50,0.595238,320,42,0.131250
bgl,b25e,1,100,256,NONE,EXPECTED_INVERSE_DEPTH,0.0050,0.05989474,2.5000,false,1.05315532,0.68558180,count_ge_1000,0.00315789,9500,30,569,18,551,12,8919,0.031634,0.600000,0.060100,29,19,0.655172,320,17,0.053125
bgl,b25e,1,100,256,NONE,EXPECTED_INVERSE_DEPTH,0.0050,0.05547368,2.0000,true,1.00438474,0.68558180,count_ge_1,0.08726316,9500,829,527,257,270,572,8401,0.487666,0.310012,0.379056,559,255,0.456172,344,219,0.636628
bgl,b25e,1,100,256,NONE,EXPECTED_INVERSE_DEPTH,0.0050,0.05547368,2.0000,true,1.00438474,0.68558180,count_ge_10,0.03663158,9500,348,527,136,391,212,8761,0.258065,0.390805,0.310857,242,127,0.524793,344,107,0.311047
bgl,b25e,1,100,256,NONE,EXPECTED_INVERSE_DEPTH,0.0050,0.05547368,2.0000,true,1.00438474,0.68558180,count_ge_500,0.00936842,9500,89,527,41,486,48,8925,0.077799,0.460674,0.133117,84,42,0.500000,344,39,0.113372
bgl,b25e,1,100,256,NONE,EXPECTED_INVERSE_DEPTH,0.0050,0.05547368,2.0000,true,1.00438474,0.68558180,count_ge_1000,0.00315789,9500,30,527,15,512,15,8958,0.028463,0.500000,0.053860,29,15,0.517241,344,14,0.040698
bgl,b25e,1,100,256,NONE,EXPECTED_INVERSE_DEPTH,0.0050,0.07378947,2.0000,false,1.00438474,0.68558180,count_ge_1,0.08726316,9500,829,701,299,402,530,8269,0.426534,0.360676,0.390850,559,289,0.516995,378,239,0.632275
bgl,b25e,1,100,256,NONE,EXPECTED_INVERSE_DEPTH,0.0050,0.07378947,2.0000,false,1.00438474,0.68558180,count_ge_10,0.03663158,9500,348,701,160,541,188,8611,0.228245,0.459770,0.305052,242,145,0.599174,378,116,0.306878
bgl,b25e,1,100,256,NONE,EXPECTED_INVERSE_DEPTH,0.0050,0.07378947,2.0000,false,1.00438474,0.68558180,count_ge_500,0.00936842,9500,89,701,49,652,40,8759,0.069900,0.550562,0.124051,84,53,0.630952,378,45,0.119048
bgl,b25e,1,100,256,NONE,EXPECTED_INVERSE_DEPTH,0.0050,0.07378947,2.0000,false,1.00438474,0.68558180,count_ge_1000,0.00315789,9500,30,701,18,683,12,8787,0.025678,0.600000,0.049248,29,19,0.655172,378,17,0.044974
bgl,b25e,1,100,256,NONE,EXPECTED_INVERSE_DEPTH,0.0100,0.03884211,3.0000,true,1.10193804,0.68558180,count_ge_1,0.08726316,9500,829,369,196,173,633,8498,0.531165,0.236429,0.327212,559,204,0.364937,254,175,0.688976
bgl,b25e,1,100,256,NONE,EXPECTED_INVERSE_DEPTH,0.0100,0.03884211,3.0000,true,1.10193804,0.68558180,count_ge_10,0.03663158,9500,348,369,110,259,238,8893,0.298103,0.316092,0.306834,242,114,0.471074,254,96,0.377953
bgl,b25e,1,100,256,NONE,EXPECTED_INVERSE_DEPTH,0.0100,0.03884211,3.0000,true,1.10193804,0.68558180,count_ge_500,0.00936842,9500,89,369,36,333,53,9078,0.097561,0.404494,0.157205,84,38,0.452381,254,35,0.137795
bgl,b25e,1,100,256,NONE,EXPECTED_INVERSE_DEPTH,0.0100,0.03884211,3.0000,true,1.10193804,0.68558180,count_ge_1000,0.00315789,9500,30,369,14,355,16,9115,0.037940,0.466667,0.070175,29,14,0.482759,254,13,0.051181
bgl,b25e,1,100,256,NONE,EXPECTED_INVERSE_DEPTH,0.0100,0.05073684,3.0000,false,1.10193804,0.68558180,count_ge_1,0.08726316,9500,829,482,224,258,605,8413,0.464730,0.270205,0.341724,559,227,0.406082,282,191,0.677305
bgl,b25e,1,100,256,NONE,EXPECTED_INVERSE_DEPTH,0.0100,0.05073684,3.0000,false,1.10193804,0.68558180,count_ge_10,0.03663158,9500,348,482,124,358,224,8794,0.257261,0.356322,0.298795,242,127,0.524793,282,105,0.372340
bgl,b25e,1,100,256,NONE,EXPECTED_INVERSE_DEPTH,0.0100,0.05073684,3.0000,false,1.10193804,0.68558180,count_ge_500,0.00936842,9500,89,482,43,439,46,8972,0.089212,0.483146,0.150613,84,48,0.571429,282,42,0.148936
bgl,b25e,1,100,256,NONE,EXPECTED_INVERSE_DEPTH,0.0100,0.05073684,3.0000,false,1.10193804,0.68558180,count_ge_1000,0.00315789,9500,30,482,17,465,13,9005,0.035270,0.566667,0.066406,29,18,0.620690,282,17,0.060284
bgl,b25e,1,100,256,NONE,EXPECTED_INVERSE_DEPTH,0.0100,0.04484211,2.5000,true,1.05315532,0.68558180,count_ge_1,0.08726316,9500,829,426,221,205,608,8466,0.518779,0.266586,0.352191,559,226,0.404293,292,194,0.664384
bgl,b25e,1,100,256,NONE,EXPECTED_INVERSE_DEPTH,0.0100,0.04484211,2.5000,true,1.05315532,0.68558180,count_ge_10,0.03663158,9500,348,426,120,306,228,8846,0.281690,0.344828,0.310078,242,120,0.495868,292,102,0.349315
bgl,b25e,1,100,256,NONE,EXPECTED_INVERSE_DEPTH,0.0100,0.04484211,2.5000,true,1.05315532,0.68558180,count_ge_500,0.00936842,9500,89,426,37,389,52,9022,0.086854,0.415730,0.143689,84,39,0.464286,292,36,0.123288
bgl,b25e,1,100,256,NONE,EXPECTED_INVERSE_DEPTH,0.0100,0.04484211,2.5000,true,1.05315532,0.68558180,count_ge_1000,0.00315789,9500,30,426,15,411,15,9059,0.035211,0.500000,0.065789,29,15,0.517241,292,14,0.047945
bgl,b25e,1,100,256,NONE,EXPECTED_INVERSE_DEPTH,0.0100,0.05989474,2.5000,false,1.05315532,0.68558180,count_ge_1,0.08726316,9500,829,569,259,310,570,8361,0.455185,0.312425,0.370529,559,257,0.459750,320,213,0.665625
bgl,b25e,1,100,256,NONE,EXPECTED_INVERSE_DEPTH,0.0100,0.05989474,2.5000,false,1.05315532,0.68558180,count_ge_10,0.03663158,9500,348,569,142,427,206,8725,0.249561,0.408046,0.309706,242,137,0.566116,320,110,0.343750
bgl,b25e,1,100,256,NONE,EXPECTED_INVERSE_DEPTH,0.0100,0.05989474,2.5000,false,1.05315532,0.68558180,count_ge_500,0.00936842,9500,89,569,45,524,44,8887,0.079086,0.505618,0.136778,84,50,0.595238,320,42,0.131250
bgl,b25e,1,100,256,NONE,EXPECTED_INVERSE_DEPTH,0.0100,0.05989474,2.5000,false,1.05315532,0.68558180,count_ge_1000,0.00315789,9500,30,569,18,551,12,8919,0.031634,0.600000,0.060100,29,19,0.655172,320,17,0.053125
bgl,b25e,1,100,256,NONE,EXPECTED_INVERSE_DEPTH,0.0100,0.05547368,2.0000,true,1.00438474,0.68558180,count_ge_1,0.08726316,9500,829,527,257,270,572,8401,0.487666,0.310012,0.379056,559,255,0.456172,344,219,0.636628
bgl,b25e,1,100,256,NONE,EXPECTED_INVERSE_DEPTH,0.0100,0.05547368,2.0000,true,1.00438474,0.68558180,count_ge_10,0.03663158,9500,348,527,136,391,212,8761,0.258065,0.390805,0.310857,242,127,0.524793,344,107,0.311047
bgl,b25e,1,100,256,NONE,EXPECTED_INVERSE_DEPTH,0.0100,0.05547368,2.0000,true,1.00438474,0.68558180,count_ge_500,0.00936842,9500,89,527,41,486,48,8925,0.077799,0.460674,0.133117,84,42,0.500000,344,39,0.113372
bgl,b25e,1,100,256,NONE,EXPECTED_INVERSE_DEPTH,0.0100,0.05547368,2.0000,true,1.00438474,0.68558180,count_ge_1000,0.00315789,9500,30,527,15,512,15,8958,0.028463,0.500000,0.053860,29,15,0.517241,344,14,0.040698
bgl,b25e,1,100,256,NONE,EXPECTED_INVERSE_DEPTH,0.0100,0.07378947,2.0000,false,1.00438474,0.68558180,count_ge_1,0.08726316,9500,829,701,299,402,530,8269,0.426534,0.360676,0.390850,559,289,0.516995,378,239,0.632275
bgl,b25e,1,100,256,NONE,EXPECTED_INVERSE_DEPTH,0.0100,0.07378947,2.0000,false,1.00438474,0.68558180,count_ge_10,0.03663158,9500,348,701,160,541,188,8611,0.228245,0.459770,0.305052,242,145,0.599174,378,116,0.306878
bgl,b25e,1,100,256,NONE,EXPECTED_INVERSE_DEPTH,0.0100,0.07378947,2.0000,false,1.00438474,0.68558180,count_ge_500,0.00936842,9500,89,701,49,652,40,8759,0.069900,0.550562,0.124051,84,53,0.630952,378,45,0.119048
bgl,b25e,1,100,256,NONE,EXPECTED_INVERSE_DEPTH,0.0100,0.07378947,2.0000,false,1.00438474,0.68558180,count_ge_1000,0.00315789,9500,30,701,18,683,12,8787,0.025678,0.600000,0.049248,29,19,0.655172,378,17,0.044974
bgl,b25e,1,100,256,NONE,EXPECTED_INVERSE_DEPTH,0.0200,0.03884211,3.0000,true,1.10193804,0.68558180,count_ge_1,0.08726316,9500,829,369,196,173,633,8498,0.531165,0.236429,0.327212,559,204,0.364937,254,175,0.688976
bgl,b25e,1,100,256,NONE,EXPECTED_INVERSE_DEPTH,0.0200,0.03884211,3.0000,true,1.10193804,0.68558180,count_ge_10,0.03663158,9500,348,369,110,259,238,8893,0.298103,0.316092,0.306834,242,114,0.471074,254,96,0.377953
bgl,b25e,1,100,256,NONE,EXPECTED_INVERSE_DEPTH,0.0200,0.03884211,3.0000,true,1.10193804,0.68558180,count_ge_500,0.00936842,9500,89,369,36,333,53,9078,0.097561,0.404494,0.157205,84,38,0.452381,254,35,0.137795
bgl,b25e,1,100,256,NONE,EXPECTED_INVERSE_DEPTH,0.0200,0.03884211,3.0000,true,1.10193804,0.68558180,count_ge_1000,0.00315789,9500,30,369,14,355,16,9115,0.037940,0.466667,0.070175,29,14,0.482759,254,13,0.051181
bgl,b25e,1,100,256,NONE,EXPECTED_INVERSE_DEPTH,0.0200,0.05073684,3.0000,false,1.10193804,0.68558180,count_ge_1,0.08726316,9500,829,482,224,258,605,8413,0.464730,0.270205,0.341724,559,227,0.406082,282,191,0.677305
bgl,b25e,1,100,256,NONE,EXPECTED_INVERSE_DEPTH,0.0200,0.05073684,3.0000,false,1.10193804,0.68558180,count_ge_10,0.03663158,9500,348,482,124,358,224,8794,0.257261,0.356322,0.298795,242,127,0.524793,282,105,0.372340
bgl,b25e,1,100,256,NONE,EXPECTED_INVERSE_DEPTH,0.0200,0.05073684,3.0000,false,1.10193804,0.68558180,count_ge_500,0.00936842,9500,89,482,43,439,46,8972,0.089212,0.483146,0.150613,84,48,0.571429,282,42,0.148936
bgl,b25e,1,100,256,NONE,EXPECTED_INVERSE_DEPTH,0.0200,0.05073684,3.0000,false,1.10193804,0.68558180,count_ge_1000,0.00315789,9500,30,482,17,465,13,9005,0.035270,0.566667,0.066406,29,18,0.620690,282,17,0.060284
bgl,b25e,1,100,256,NONE,EXPECTED_INVERSE_DEPTH,0.0200,0.04484211,2.5000,true,1.05315532,0.68558180,count_ge_1,0.08726316,9500,829,426,221,205,608,8466,0.518779,0.266586,0.352191,559,226,0.404293,292,194,0.664384
bgl,b25e,1,100,256,NONE,EXPECTED_INVERSE_DEPTH,0.0200,0.04484211,2.5000,true,1.05315532,0.68558180,count_ge_10,0.03663158,9500,348,426,120,306,228,8846,0.281690,0.344828,0.310078,242,120,0.495868,292,102,0.349315
bgl,b25e,1,100,256,NONE,EXPECTED_INVERSE_DEPTH,0.0200,0.04484211,2.5000,true,1.05315532,0.68558180,count_ge_500,0.00936842,9500,89,426,37,389,52,9022,0.086854,0.415730,0.143689,84,39,0.464286,292,36,0.123288
bgl,b25e,1,100,256,NONE,EXPECTED_INVERSE_DEPTH,0.0200,0.04484211,2.5000,true,1.05315532,0.68558180,count_ge_1000,0.00315789,9500,30,426,15,411,15,9059,0.035211,0.500000,0.065789,29,15,0.517241,292,14,0.047945
bgl,b25e,1,100,256,NONE,EXPECTED_INVERSE_DEPTH,0.0200,0.05989474,2.5000,false,1.05315532,0.68558180,count_ge_1,0.08726316,9500,829,569,259,310,570,8361,0.455185,0.312425,0.370529,559,257,0.459750,320,213,0.665625
bgl,b25e,1,100,256,NONE,EXPECTED_INVERSE_DEPTH,0.0200,0.05989474,2.5000,false,1.05315532,0.68558180,count_ge_10,0.03663158,9500,348,569,142,427,206,8725,0.249561,0.408046,0.309706,242,137,0.566116,320,110,0.343750
bgl,b25e,1,100,256,NONE,EXPECTED_INVERSE_DEPTH,0.0200,0.05989474,2.5000,false,1.05315532,0.68558180,count_ge_500,0.00936842,9500,89,569,45,524,44,8887,0.079086,0.505618,0.136778,84,50,0.595238,320,42,0.131250
bgl,b25e,1,100,256,NONE,EXPECTED_INVERSE_DEPTH,0.0200,0.05989474,2.5000,false,1.05315532,0.68558180,count_ge_1000,0.00315789,9500,30,569,18,551,12,8919,0.031634,0.600000,0.060100,29,19,0.655172,320,17,0.053125
bgl,b25e,1,100,256,NONE,EXPECTED_INVERSE_DEPTH,0.0200,0.05547368,2.0000,true,1.00438474,0.68558180,count_ge_1,0.08726316,9500,829,527,257,270,572,8401,0.487666,0.310012,0.379056,559,255,0.456172,344,219,0.636628
bgl,b25e,1,100,256,NONE,EXPECTED_INVERSE_DEPTH,0.0200,0.05547368,2.0000,true,1.00438474,0.68558180,count_ge_10,0.03663158,9500,348,527,136,391,212,8761,0.258065,0.390805,0.310857,242,127,0.524793,344,107,0.311047
bgl,b25e,1,100,256,NONE,EXPECTED_INVERSE_DEPTH,0.0200,0.05547368,2.0000,true,1.00438474,0.68558180,count_ge_500,0.00936842,9500,89,527,41,486,48,8925,0.077799,0.460674,0.133117,84,42,0.500000,344,39,0.113372
bgl,b25e,1,100,256,NONE,EXPECTED_INVERSE_DEPTH,0.0200,0.05547368,2.0000,true,1.00438474,0.68558180,count_ge_1000,0.00315789,9500,30,527,15,512,15,8958,0.028463,0.500000,0.053860,29,15,0.517241,344,14,0.040698
bgl,b25e,1,100,256,NONE,EXPECTED_INVERSE_DEPTH,0.0200,0.07378947,2.0000,false,1.00438474,0.68558180,count_ge_1,0.08726316,9500,829,701,299,402,530,8269,0.426534,0.360676,0.390850,559,289,0.516995,378,239,0.632275
bgl,b25e,1,100,256,NONE,EXPECTED_INVERSE_DEPTH,0.0200,0.07378947,2.0000,false,1.00438474,0.68558180,count_ge_10,0.03663158,9500,348,701,160,541,188,8611,0.228245,0.459770,0.305052,242,145,0.599174,378,116,0.306878
bgl,b25e,1,100,256,NONE,EXPECTED_INVERSE_DEPTH,0.0200,0.07378947,2.0000,false,1.00438474,0.68558180,count_ge_500,0.00936842,9500,89,701,49,652,40,8759,0.069900,0.550562,0.124051,84,53,0.630952,378,45,0.119048
bgl,b25e,1,100,256,NONE,EXPECTED_INVERSE_DEPTH,0.0200,0.07378947,2.0000,false,1.00438474,0.68558180,count_ge_1000,0.00315789,9500,30,701,18,683,12,8787,0.025678,0.600000,0.049248,29,19,0.655172,378,17,0.044974
bgl,b25e,4,100,256,NONE,EXPECTED_INVERSE_DEPTH,0.0010,0.00968421,3.0000,true,1.06317564,0.66642350,count_ge_1,0.08726316,9500,829,92,27,65,802,8606,0.293478,0.032569,0.058632,559,47,0.084079,82,39,0.475610
bgl,b25e,4,100,256,NONE,EXPECTED_INVERSE_DEPTH,0.0010,0.00968421,3.0000,true,1.06317564,0.66642350,count_ge_10,0.03663158,9500,348,92,14,78,334,9074,0.152174,0.040230,0.063636,242,26,0.107438,82,22,0.268293
bgl,b25e,4,100,256,NONE,EXPECTED_INVERSE_DEPTH,0.0010,0.00968421,3.0000,true,1.06317564,0.66642350,count_ge_500,0.00936842,9500,89,92,5,87,84,9324,0.054348,0.056180,0.055249,84,15,0.178571,82,13,0.158537
bgl,b25e,4,100,256,NONE,EXPECTED_INVERSE_DEPTH,0.0010,0.00968421,3.0000,true,1.06317564,0.66642350,count_ge_1000,0.00315789,9500,30,92,0,92,30,9378,0.000000,0.000000,0.000000,29,4,0.137931,82,4,0.048780
bgl,b25e,4,100,256,NONE,EXPECTED_INVERSE_DEPTH,0.0010,0.01042105,3.0000,false,1.06318235,0.66642350,count_ge_1,0.08726316,9500,829,99,28,71,801,8600,0.282828,0.033776,0.060345,559,48,0.085868,87,40,0.459770
bgl,b25e,4,100,256,NONE,EXPECTED_INVERSE_DEPTH,0.0010,0.01042105,3.0000,false,1.06318235,0.66642350,count_ge_10,0.03663158,9500,348,99,15,84,333,9068,0.151515,0.043103,0.067114,242,28,0.115702,87,23,0.264368
bgl,b25e,4,100,256,NONE,EXPECTED_INVERSE_DEPTH,0.0010,0.01042105,3.0000,false,1.06318235,0.66642350,count_ge_500,0.00936842,9500,89,99,5,94,84,9317,0.050505,0.056180,0.053191,84,15,0.178571,87,13,0.149425
bgl,b25e,4,100,256,NONE,EXPECTED_INVERSE_DEPTH,0.0010,0.01042105,3.0000,false,1.06318235,0.66642350,count_ge_1000,0.00315789,9500,30,99,0,99,30,9371,0.000000,0.000000,0.000000,29,4,0.137931,87,4,0.045977
bgl,b25e,4,100,256,NONE,EXPECTED_INVERSE_DEPTH,0.0010,0.01557895,2.5000,true,1.01026363,0.66642350,count_ge_1,0.08726316,9500,829,148,42,106,787,8565,0.283784,0.050663,0.085977,559,84,0.150268,134,69,0.514925
bgl,b25e,4,100,256,NONE,EXPECTED_INVERSE_DEPTH,0.0010,0.01557895,2.5000,true,1.01026363,0.66642350,count_ge_10,0.03663158,9500,348,148,18,130,330,9022,0.121622,0.051724,0.072581,242,46,0.190083,134,38,0.283582
bgl,b25e,4,100,256,NONE,EXPECTED_INVERSE_DEPTH,0.0010,0.01557895,2.5000,true,1.01026363,0.66642350,count_ge_500,0.00936842,9500,89,148,5,143,84,9268,0.033784,0.056180,0.042194,84,21,0.250000,134,18,0.134328
bgl,b25e,4,100,256,NONE,EXPECTED_INVERSE_DEPTH,0.0010,0.01557895,2.5000,true,1.01026363,0.66642350,count_ge_1000,0.00315789,9500,30,148,1,147,29,9323,0.006757,0.033333,0.011236,29,6,0.206897,134,7,0.052239
bgl,b25e,4,100,256,NONE,EXPECTED_INVERSE_DEPTH,0.0010,0.01684211,2.5000,false,1.01027263,0.66642350,count_ge_1,0.08726316,9500,829,160,44,116,785,8555,0.275000,0.053076,0.088979,559,86,0.153846,137,71,0.518248
bgl,b25e,4,100,256,NONE,EXPECTED_INVERSE_DEPTH,0.0010,0.01684211,2.5000,false,1.01027263,0.66642350,count_ge_10,0.03663158,9500,348,160,19,141,329,9011,0.118750,0.054598,0.074803,242,48,0.198347,137,39,0.284672
bgl,b25e,4,100,256,NONE,EXPECTED_INVERSE_DEPTH,0.0010,0.01684211,2.5000,false,1.01027263,0.66642350,count_ge_500,0.00936842,9500,89,160,5,155,84,9256,0.031250,0.056180,0.040161,84,21,0.250000,137,18,0.131387
bgl,b25e,4,100,256,NONE,EXPECTED_INVERSE_DEPTH,0.0010,0.01684211,2.5000,false,1.01027263,0.66642350,count_ge_1000,0.00315789,9500,30,160,1,159,29,9311,0.006250,0.033333,0.010526,29,6,0.206897,137,7,0.051095
bgl,b25e,4,100,256,NONE,EXPECTED_INVERSE_DEPTH,0.0010,0.02315789,2.0000,true,0.95705033,0.66642350,count_ge_1,0.08726316,9500,829,220,67,153,762,8518,0.304545,0.080820,0.127741,559,124,0.221825,201,107,0.532338
bgl,b25e,4,100,256,NONE,EXPECTED_INVERSE_DEPTH,0.0010,0.02315789,2.0000,true,0.95705033,0.66642350,count_ge_10,0.03663158,9500,348,220,34,186,314,8966,0.154545,0.097701,0.119718,242,69,0.285124,201,59,0.293532
bgl,b25e,4,100,256,NONE,EXPECTED_INVERSE_DEPTH,0.0010,0.02315789,2.0000,true,0.95705033,0.66642350,count_ge_500,0.00936842,9500,89,220,12,208,77,9203,0.054545,0.134831,0.077670,84,31,0.369048,201,29,0.144279
bgl,b25e,4,100,256,NONE,EXPECTED_INVERSE_DEPTH,0.0010,0.02315789,2.0000,true,0.95705033,0.66642350,count_ge_1000,0.00315789,9500,30,220,6,214,24,9256,0.027273,0.200000,0.048000,29,11,0.379310,201,12,0.059701
bgl,b25e,4,100,256,NONE,EXPECTED_INVERSE_DEPTH,0.0010,0.02494737,2.0000,false,0.95689402,0.66642350,count_ge_1,0.08726316,9500,829,237,69,168,760,8503,0.291139,0.083233,0.129456,559,128,0.228980,209,111,0.531100
bgl,b25e,4,100,256,NONE,EXPECTED_INVERSE_DEPTH,0.0010,0.02494737,2.0000,false,0.95689402,0.66642350,count_ge_10,0.03663158,9500,348,237,35,202,313,8950,0.147679,0.100575,0.119658,242,71,0.293388,209,60,0.287081
bgl,b25e,4,100,256,NONE,EXPECTED_INVERSE_DEPTH,0.0010,0.02494737,2.0000,false,0.95689402,0.66642350,count_ge_500,0.00936842,9500,89,237,12,225,77,9186,0.050633,0.134831,0.073620,84,31,0.369048,209,29,0.138756
bgl,b25e,4,100,256,NONE,EXPECTED_INVERSE_DEPTH,0.0010,0.02494737,2.0000,false,0.95689402,0.66642350,count_ge_1000,0.00315789,9500,30,237,6,231,24,9239,0.025316,0.200000,0.044944,29,11,0.379310,209,12,0.057416
bgl,b25e,4,100,256,NONE,EXPECTED_INVERSE_DEPTH,0.0020,0.00968421,3.0000,true,1.06293632,0.66642350,count_ge_1,0.08726316,9500,829,92,27,65,802,8606,0.293478,0.032569,0.058632,559,47,0.084079,82,39,0.475610
bgl,b25e,4,100,256,NONE,EXPECTED_INVERSE_DEPTH,0.0020,0.00968421,3.0000,true,1.06293632,0.66642350,count_ge_10,0.03663158,9500,348,92,14,78,334,9074,0.152174,0.040230,0.063636,242,26,0.107438,82,22,0.268293
bgl,b25e,4,100,256,NONE,EXPECTED_INVERSE_DEPTH,0.0020,0.00968421,3.0000,true,1.06293632,0.66642350,count_ge_500,0.00936842,9500,89,92,5,87,84,9324,0.054348,0.056180,0.055249,84,15,0.178571,82,13,0.158537
bgl,b25e,4,100,256,NONE,EXPECTED_INVERSE_DEPTH,0.0020,0.00968421,3.0000,true,1.06293632,0.66642350,count_ge_1000,0.00315789,9500,30,92,0,92,30,9378,0.000000,0.000000,0.000000,29,4,0.137931,82,4,0.048780
bgl,b25e,4,100,256,NONE,EXPECTED_INVERSE_DEPTH,0.0020,0.01042105,3.0000,false,1.06294268,0.66642350,count_ge_1,0.08726316,9500,829,99,28,71,801,8600,0.282828,0.033776,0.060345,559,48,0.085868,87,40,0.459770
bgl,b25e,4,100,256,NONE,EXPECTED_INVERSE_DEPTH,0.0020,0.01042105,3.0000,false,1.06294268,0.66642350,count_ge_10,0.03663158,9500,348,99,15,84,333,9068,0.151515,0.043103,0.067114,242,28,0.115702,87,23,0.264368
bgl,b25e,4,100,256,NONE,EXPECTED_INVERSE_DEPTH,0.0020,0.01042105,3.0000,false,1.06294268,0.66642350,count_ge_500,0.00936842,9500,89,99,5,94,84,9317,0.050505,0.056180,0.053191,84,15,0.178571,87,13,0.149425
bgl,b25e,4,100,256,NONE,EXPECTED_INVERSE_DEPTH,0.0020,0.01042105,3.0000,false,1.06294268,0.66642350,count_ge_1000,0.00315789,9500,30,99,0,99,30,9371,0.000000,0.000000,0.000000,29,4,0.137931,87,4,0.045977
bgl,b25e,4,100,256,NONE,EXPECTED_INVERSE_DEPTH,0.0020,0.01547368,2.5000,true,1.00999678,0.66642350,count_ge_1,0.08726316,9500,829,147,41,106,788,8565,0.278912,0.049457,0.084016,559,81,0.144902,133,67,0.503759
bgl,b25e,4,100,256,NONE,EXPECTED_INVERSE_DEPTH,0.0020,0.01547368,2.5000,true,1.00999678,0.66642350,count_ge_10,0.03663158,9500,348,147,18,129,330,9023,0.122449,0.051724,0.072727,242,45,0.185950,133,37,0.278195
bgl,b25e,4,100,256,NONE,EXPECTED_INVERSE_DEPTH,0.0020,0.01547368,2.5000,true,1.00999678,0.66642350,count_ge_500,0.00936842,9500,89,147,5,142,84,9269,0.034014,0.056180,0.042373,84,20,0.238095,133,17,0.127820
bgl,b25e,4,100,256,NONE,EXPECTED_INVERSE_DEPTH,0.0020,0.01547368,2.5000,true,1.00999678,0.66642350,count_ge_1000,0.00315789,9500,30,147,1,146,29,9324,0.006803,0.033333,0.011299,29,5,0.172414,133,6,0.045113
bgl,b25e,4,100,256,NONE,EXPECTED_INVERSE_DEPTH,0.0020,0.01684211,2.5000,false,1.01000961,0.66642350,count_ge_1,0.08726316,9500,829,160,43,117,786,8554,0.268750,0.051870,0.086957,559,83,0.148479,137,69,0.503650
bgl,b25e,4,100,256,NONE,EXPECTED_INVERSE_DEPTH,0.0020,0.01684211,2.5000,false,1.01000961,0.66642350,count_ge_10,0.03663158,9500,348,160,19,141,329,9011,0.118750,0.054598,0.074803,242,47,0.194215,137,38,0.277372
bgl,b25e,4,100,256,NONE,EXPECTED_INVERSE_DEPTH,0.0020,0.01684211,2.5000,false,1.01000961,0.66642350,count_ge_500,0.00936842,9500,89,160,5,155,84,9256,0.031250,0.056180,0.040161,84,20,0.238095,137,17,0.124088
bgl,b25e,4,100,256,NONE,EXPECTED_INVERSE_DEPTH,0.0020,0.01684211,2.5000,false,1.01000961,0.66642350,count_ge_1000,0.00315789,9500,30,160,1,159,29,9311,0.006250,0.033333,0.010526,29,5,0.172414,137,6,0.043796
bgl,b25e,4,100,256,NONE,EXPECTED_INVERSE_DEPTH,0.0020,0.02315789,2.0000,true,0.95689275,0.66642350,count_ge_1,0.08726316,9500,829,220,67,153,762,8518,0.304545,0.080820,0.127741,559,124,0.221825,201,107,0.532338
bgl,b25e,4,100,256,NONE,EXPECTED_INVERSE_DEPTH,0.0020,0.02315789,2.0000,true,0.95689275,0.66642350,count_ge_10,0.03663158,9500,348,220,34,186,314,8966,0.154545,0.097701,0.119718,242,69,0.285124,201,59,0.293532
bgl,b25e,4,100,256,NONE,EXPECTED_INVERSE_DEPTH,0.0020,0.02315789,2.0000,true,0.95689275,0.66642350,count_ge_500,0.00936842,9500,89,220,12,208,77,9203,0.054545,0.134831,0.077670,84,31,0.369048,201,29,0.144279
bgl,b25e,4,100,256,NONE,EXPECTED_INVERSE_DEPTH,0.0020,0.02315789,2.0000,true,0.95689275,0.66642350,count_ge_1000,0.00315789,9500,30,220,6,214,24,9256,0.027273,0.200000,0.048000,29,11,0.379310,201,12,0.059701
bgl,b25e,4,100,256,NONE,EXPECTED_INVERSE_DEPTH,0.0020,0.02494737,2.0000,false,0.95680255,0.66642350,count_ge_1,0.08726316,9500,829,237,69,168,760,8503,0.291139,0.083233,0.129456,559,127,0.227191,209,110,0.526316
bgl,b25e,4,100,256,NONE,EXPECTED_INVERSE_DEPTH,0.0020,0.02494737,2.0000,false,0.95680255,0.66642350,count_ge_10,0.03663158,9500,348,237,35,202,313,8950,0.147679,0.100575,0.119658,242,71,0.293388,209,60,0.287081
bgl,b25e,4,100,256,NONE,EXPECTED_INVERSE_DEPTH,0.0020,0.02494737,2.0000,false,0.95680255,0.66642350,count_ge_500,0.00936842,9500,89,237,12,225,77,9186,0.050633,0.134831,0.073620,84,31,0.369048,209,29,0.138756
bgl,b25e,4,100,256,NONE,EXPECTED_INVERSE_DEPTH,0.0020,0.02494737,2.0000,false,0.95680255,0.66642350,count_ge_1000,0.00315789,9500,30,237,6,231,24,9239,0.025316,0.200000,0.044944,29,11,0.379310,209,12,0.057416
bgl,b25e,4,100,256,NONE,EXPECTED_INVERSE_DEPTH,0.0050,0.00957895,3.0000,true,1.06270623,0.66642350,count_ge_1,0.08726316,9500,829,91,26,65,803,8606,0.285714,0.031363,0.056522,559,46,0.082290,81,38,0.469136
bgl,b25e,4,100,256,NONE,EXPECTED_INVERSE_DEPTH,0.0050,0.00957895,3.0000,true,1.06270623,0.66642350,count_ge_10,0.03663158,9500,348,91,14,77,334,9075,0.153846,0.040230,0.063781,242,26,0.107438,81,22,0.271605
bgl,b25e,4,100,256,NONE,EXPECTED_INVERSE_DEPTH,0.0050,0.00957895,3.0000,true,1.06270623,0.66642350,count_ge_500,0.00936842,9500,89,91,5,86,84,9325,0.054945,0.056180,0.055556,84,15,0.178571,81,13,0.160494
bgl,b25e,4,100,256,NONE,EXPECTED_INVERSE_DEPTH,0.0050,0.00957895,3.0000,true,1.06270623,0.66642350,count_ge_1000,0.00315789,9500,30,91,0,91,30,9379,0.000000,0.000000,0.000000,29,4,0.137931,81,4,0.049383
bgl,b25e,4,100,256,NONE,EXPECTED_INVERSE_DEPTH,0.0050,0.01031579,3.0000,false,1.06271313,0.66642350,count_ge_1,0.08726316,9500,829,98,27,71,802,8600,0.275510,0.032569,0.058252,559,47,0.084079,86,39,0.453488
bgl,b25e,4,100,256,NONE,EXPECTED_INVERSE_DEPTH,0.0050,0.01031579,3.0000,false,1.06271313,0.66642350,count_ge_10,0.03663158,9500,348,98,15,83,333,9069,0.153061,0.043103,0.067265,242,28,0.115702,86,23,0.267442
bgl,b25e,4,100,256,NONE,EXPECTED_INVERSE_DEPTH,0.0050,0.01031579,3.0000,false,1.06271313,0.66642350,count_ge_500,0.00936842,9500,89,98,5,93,84,9318,0.051020,0.056180,0.053476,84,15,0.178571,86,13,0.151163
bgl,b25e,4,100,256,NONE,EXPECTED_INVERSE_DEPTH,0.0050,0.01031579,3.0000,false,1.06271313,0.66642350,count_ge_1000,0.00315789,9500,30,98,0,98,30,9372,0.000000,0.000000,0.000000,29,4,0.137931,86,4,0.046512
bgl,b25e,4,100,256,NONE,EXPECTED_INVERSE_DEPTH,0.0050,0.01568421,2.5000,true,1.00974587,0.66642350,count_ge_1,0.08726316,9500,829,149,43,106,786,8565,0.288591,0.051870,0.087935,559,81,0.144902,133,67,0.503759
bgl,b25e,4,100,256,NONE,EXPECTED_INVERSE_DEPTH,0.0050,0.01568421,2.5000,true,1.00974587,0.66642350,count_ge_10,0.03663158,9500,348,149,19,130,329,9022,0.127517,0.054598,0.076459,242,47,0.194215,133,38,0.285714
bgl,b25e,4,100,256,NONE,EXPECTED_INVERSE_DEPTH,0.0050,0.01568421,2.5000,true,1.00974587,0.66642350,count_ge_500,0.00936842,9500,89,149,5,144,84,9267,0.033557,0.056180,0.042017,84,20,0.238095,133,17,0.127820
bgl,b25e,4,100,256,NONE,EXPECTED_INVERSE_DEPTH,0.0050,0.01568421,2.5000,true,1.00974587,0.66642350,count_ge_1000,0.00315789,9500,30,149,1,148,29,9322,0.006711,0.033333,0.011173,29,5,0.172414,133,6,0.045113
bgl,b25e,4,100,256,NONE,EXPECTED_INVERSE_DEPTH,0.0050,0.01715789,2.5000,false,1.00976525,0.66642350,count_ge_1,0.08726316,9500,829,163,45,118,784,8553,0.276074,0.054282,0.090726,559,83,0.148479,138,69,0.500000
bgl,b25e,4,100,256,NONE,EXPECTED_INVERSE_DEPTH,0.0050,0.01715789,2.5000,false,1.00976525,0.66642350,count_ge_10,0.03663158,9500,348,163,20,143,328,9009,0.122699,0.057471,0.078278,242,49,0.202479,138,39,0.282609
bgl,b25e,4,100,256,NONE,EXPECTED_INVERSE_DEPTH,0.0050,0.01715789,2.5000,false,1.00976525,0.66642350,count_ge_500,0.00936842,9500,89,163,5,158,84,9253,0.030675,0.056180,0.039683,84,20,0.238095,138,17,0.123188
bgl,b25e,4,100,256,NONE,EXPECTED_INVERSE_DEPTH,0.0050,0.01715789,2.5000,false,1.00976525,0.66642350,count_ge_1000,0.00315789,9500,30,163,1,162,29,9308,0.006135,0.033333,0.010363,29,5,0.172414,138,6,0.043478
bgl,b25e,4,100,256,NONE,EXPECTED_INVERSE_DEPTH,0.0050,0.02336842,2.0000,true,0.95674920,0.66642350,count_ge_1,0.08726316,9500,829,222,67,155,762,8516,0.301802,0.080820,0.127498,559,125,0.223614,203,108,0.532020
bgl,b25e,4,100,256,NONE,EXPECTED_INVERSE_DEPTH,0.0050,0.02336842,2.0000,true,0.95674920,0.66642350,count_ge_10,0.03663158,9500,348,222,34,188,314,8964,0.153153,0.097701,0.119298,242,69,0.285124,203,59,0.290640
bgl,b25e,4,100,256,NONE,EXPECTED_INVERSE_DEPTH,0.0050,0.02336842,2.0000,true,0.95674920,0.66642350,count_ge_500,0.00936842,9500,89,222,12,210,77,9201,0.054054,0.134831,0.077170,84,31,0.369048,203,29,0.142857
bgl,b25e,4,100,256,NONE,EXPECTED_INVERSE_DEPTH,0.0050,0.02336842,2.0000,true,0.95674920,0.66642350,count_ge_1000,0.00315789,9500,30,222,6,216,24,9254,0.027027,0.200000,0.047619,29,11,0.379310,203,12,0.059113
bgl,b25e,4,100,256,NONE,EXPECTED_INVERSE_DEPTH,0.0050,0.02494737,2.0000,false,0.95673338,0.66642350,count_ge_1,0.08726316,9500,829,237,69,168,760,8503,0.291139,0.083233,0.129456,559,128,0.228980,210,111,0.528571
bgl,b25e,4,100,256,NONE,EXPECTED_INVERSE_DEPTH,0.0050,0.02494737,2.0000,false,0.95673338,0.66642350,count_ge_10,0.03663158,9500,348,237,35,202,313,8950,0.147679,0.100575,0.119658,242,71,0.293388,210,60,0.285714
bgl,b25e,4,100,256,NONE,EXPECTED_INVERSE_DEPTH,0.0050,0.02494737,2.0000,false,0.95673338,0.66642350,count_ge_500,0.00936842,9500,89,237,12,225,77,9186,0.050633,0.134831,0.073620,84,31,0.369048,210,29,0.138095
bgl,b25e,4,100,256,NONE,EXPECTED_INVERSE_DEPTH,0.0050,0.02494737,2.0000,false,0.95673338,0.66642350,count_ge_1000,0.00315789,9500,30,237,6,231,24,9239,0.025316,0.200000,0.044944,29,11,0.379310,210,12,0.057143
bgl,b25e,4,100,256,NONE,EXPECTED_INVERSE_DEPTH,0.0100,0.00957895,3.0000,true,1.06290559,0.66642350,count_ge_1,0.08726316,9500,829,91,26,65,803,8606,0.285714,0.031363,0.056522,559,47,0.084079,81,38,0.469136
bgl,b25e,4,100,256,NONE,EXPECTED_INVERSE_DEPTH,0.0100,0.00957895,3.0000,true,1.06290559,0.66642350,count_ge_10,0.03663158,9500,348,91,14,77,334,9075,0.153846,0.040230,0.063781,242,27,0.111570,81,22,0.271605
bgl,b25e,4,100,256,NONE,EXPECTED_INVERSE_DEPTH,0.0100,0.00957895,3.0000,true,1.06290559,0.66642350,count_ge_500,0.00936842,9500,89,91,4,87,85,9324,0.043956,0.044944,0.044444,84,15,0.178571,81,13,0.160494
bgl,b25e,4,100,256,NONE,EXPECTED_INVERSE_DEPTH,0.0100,0.00957895,3.0000,true,1.06290559,0.66642350,count_ge_1000,0.00315789,9500,30,91,0,91,30,9379,0.000000,0.000000,0.000000,29,4,0.137931,81,4,0.049383
bgl,b25e,4,100,256,NONE,EXPECTED_INVERSE_DEPTH,0.0100,0.01010526,3.0000,false,1.06291317,0.66642350,count_ge_1,0.08726316,9500,829,96,27,69,802,8602,0.281250,0.032569,0.058378,559,48,0.085868,84,39,0.464286
bgl,b25e,4,100,256,NONE,EXPECTED_INVERSE_DEPTH,0.0100,0.01010526,3.0000,false,1.06291317,0.66642350,count_ge_10,0.03663158,9500,348,96,15,81,333,9071,0.156250,0.043103,0.067568,242,29,0.119835,84,23,0.273810
bgl,b25e,4,100,256,NONE,EXPECTED_INVERSE_DEPTH,0.0100,0.01010526,3.0000,false,1.06291317,0.66642350,count_ge_500,0.00936842,9500,89,96,4,92,85,9319,0.041667,0.044944,0.043243,84,15,0.178571,84,13,0.154762
bgl,b25e,4,100,256,NONE,EXPECTED_INVERSE_DEPTH,0.0100,0.01010526,3.0000,false,1.06291317,0.66642350,count_ge_1000,0.00315789,9500,30,96,0,96,30,9374,0.000000,0.000000,0.000000,29,4,0.137931,84,4,0.047619
bgl,b25e,4,100,256,NONE,EXPECTED_INVERSE_DEPTH,0.0100,0.01547368,2.5000,true,1.00989402,0.66642350,count_ge_1,0.08726316,9500,829,147,42,105,787,8566,0.285714,0.050663,0.086066,559,80,0.143113,132,66,0.500000
bgl,b25e,4,100,256,NONE,EXPECTED_INVERSE_DEPTH,0.0100,0.01547368,2.5000,true,1.00989402,0.66642350,count_ge_10,0.03663158,9500,348,147,19,128,329,9024,0.129252,0.054598,0.076768,242,47,0.194215,132,38,0.287879
bgl,b25e,4,100,256,NONE,EXPECTED_INVERSE_DEPTH,0.0100,0.01547368,2.5000,true,1.00989402,0.66642350,count_ge_500,0.00936842,9500,89,147,5,142,84,9269,0.034014,0.056180,0.042373,84,20,0.238095,132,17,0.128788
bgl,b25e,4,100,256,NONE,EXPECTED_INVERSE_DEPTH,0.0100,0.01547368,2.5000,true,1.00989402,0.66642350,count_ge_1000,0.00315789,9500,30,147,1,146,29,9324,0.006803,0.033333,0.011299,29,5,0.172414,132,6,0.045455
bgl,b25e,4,100,256,NONE,EXPECTED_INVERSE_DEPTH,0.0100,0.01694737,2.5000,false,1.00991707,0.66642350,count_ge_1,0.08726316,9500,829,161,44,117,785,8554,0.273292,0.053076,0.088889,559,82,0.146691,137,68,0.496350
bgl,b25e,4,100,256,NONE,EXPECTED_INVERSE_DEPTH,0.0100,0.01694737,2.5000,false,1.00991707,0.66642350,count_ge_10,0.03663158,9500,348,161,20,141,328,9011,0.124224,0.057471,0.078585,242,49,0.202479,137,39,0.284672
bgl,b25e,4,100,256,NONE,EXPECTED_INVERSE_DEPTH,0.0100,0.01694737,2.5000,false,1.00991707,0.66642350,count_ge_500,0.00936842,9500,89,161,5,156,84,9255,0.031056,0.056180,0.040000,84,20,0.238095,137,17,0.124088
bgl,b25e,4,100,256,NONE,EXPECTED_INVERSE_DEPTH,0.0100,0.01694737,2.5000,false,1.00991707,0.66642350,count_ge_1000,0.00315789,9500,30,161,1,160,29,9310,0.006211,0.033333,0.010471,29,5,0.172414,137,6,0.043796
bgl,b25e,4,100,256,NONE,EXPECTED_INVERSE_DEPTH,0.0100,0.02336842,2.0000,true,0.95684675,0.66642350,count_ge_1,0.08726316,9500,829,222,66,156,763,8515,0.297297,0.079614,0.125595,559,124,0.221825,202,107,0.529703
bgl,b25e,4,100,256,NONE,EXPECTED_INVERSE_DEPTH,0.0100,0.02336842,2.0000,true,0.95684675,0.66642350,count_ge_10,0.03663158,9500,348,222,34,188,314,8964,0.153153,0.097701,0.119298,242,69,0.285124,202,59,0.292079
bgl,b25e,4,100,256,NONE,EXPECTED_INVERSE_DEPTH,0.0100,0.02336842,2.0000,true,0.95684675,0.66642350,count_ge_500,0.00936842,9500,89,222,12,210,77,9201,0.054054,0.134831,0.077170,84,31,0.369048,202,29,0.143564
bgl,b25e,4,100,256,NONE,EXPECTED_INVERSE_DEPTH,0.0100,0.02336842,2.0000,true,0.95684675,0.66642350,count_ge_1000,0.00315789,9500,30,222,6,216,24,9254,0.027027,0.200000,0.047619,29,11,0.379310,202,12,0.059406
bgl,b25e,4,100,256,NONE,EXPECTED_INVERSE_DEPTH,0.0100,0.02494737,2.0000,false,0.95684402,0.66642350,count_ge_1,0.08726316,9500,829,237,68,169,761,8502,0.286920,0.082027,0.127580,559,127,0.227191,209,110,0.526316
bgl,b25e,4,100,256,NONE,EXPECTED_INVERSE_DEPTH,0.0100,0.02494737,2.0000,false,0.95684402,0.66642350,count_ge_10,0.03663158,9500,348,237,35,202,313,8950,0.147679,0.100575,0.119658,242,71,0.293388,209,60,0.287081
bgl,b25e,4,100,256,NONE,EXPECTED_INVERSE_DEPTH,0.0100,0.02494737,2.0000,false,0.95684402,0.66642350,count_ge_500,0.00936842,9500,89,237,12,225,77,9186,0.050633,0.134831,0.073620,84,31,0.369048,209,29,0.138756
bgl,b25e,4,100,256,NONE,EXPECTED_INVERSE_DEPTH,0.0100,0.02494737,2.0000,false,0.95684402,0.66642350,count_ge_1000,0.00315789,9500,30,237,6,231,24,9239,0.025316,0.200000,0.044944,29,11,0.379310,209,12,0.057416
bgl,b25e,4,100,256,NONE,EXPECTED_INVERSE_DEPTH,0.0200,0.00915789,3.0000,true,1.06325189,0.66642350,count_ge_1,0.08726316,9500,829,87,25,62,804,8609,0.287356,0.030157,0.054585,559,46,0.082290,78,37,0.474359
bgl,b25e,4,100,256,NONE,EXPECTED_INVERSE_DEPTH,0.0200,0.00915789,3.0000,true,1.06325189,0.66642350,count_ge_10,0.03663158,9500,348,87,13,74,335,9078,0.149425,0.037356,0.059770,242,26,0.107438,78,21,0.269231
bgl,b25e,4,100,256,NONE,EXPECTED_INVERSE_DEPTH,0.0200,0.00915789,3.0000,true,1.06325189,0.66642350,count_ge_500,0.00936842,9500,89,87,4,83,85,9328,0.045977,0.044944,0.045455,84,15,0.178571,78,13,0.166667
bgl,b25e,4,100,256,NONE,EXPECTED_INVERSE_DEPTH,0.0200,0.00915789,3.0000,true,1.06325189,0.66642350,count_ge_1000,0.00315789,9500,30,87,0,87,30,9383,0.000000,0.000000,0.000000,29,4,0.137931,78,4,0.051282
bgl,b25e,4,100,256,NONE,EXPECTED_INVERSE_DEPTH,0.0200,0.00957895,3.0000,false,1.06325985,0.66642350,count_ge_1,0.08726316,9500,829,91,26,65,803,8606,0.285714,0.031363,0.056522,559,47,0.084079,81,38,0.469136
bgl,b25e,4,100,256,NONE,EXPECTED_INVERSE_DEPTH,0.0200,0.00957895,3.0000,false,1.06325985,0.66642350,count_ge_10,0.03663158,9500,348,91,14,77,334,9075,0.153846,0.040230,0.063781,242,28,0.115702,81,22,0.271605
bgl,b25e,4,100,256,NONE,EXPECTED_INVERSE_DEPTH,0.0200,0.00957895,3.0000,false,1.06325985,0.66642350,count_ge_500,0.00936842,9500,89,91,4,87,85,9324,0.043956,0.044944,0.044444,84,15,0.178571,81,13,0.160494
bgl,b25e,4,100,256,NONE,EXPECTED_INVERSE_DEPTH,0.0200,0.00957895,3.0000,false,1.06325985,0.66642350,count_ge_1000,0.00315789,9500,30,91,0,91,30,9379,0.000000,0.000000,0.000000,29,4,0.137931,81,4,0.049383
bgl,b25e,4,100,256,NONE,EXPECTED_INVERSE_DEPTH,0.0200,0.01515789,2.5000,true,1.01015497,0.66642350,count_ge_1,0.08726316,9500,829,144,42,102,787,8569,0.291667,0.050663,0.086331,559,77,0.137746,128,63,0.492188
bgl,b25e,4,100,256,NONE,EXPECTED_INVERSE_DEPTH,0.0200,0.01515789,2.5000,true,1.01015497,0.66642350,count_ge_10,0.03663158,9500,348,144,18,126,330,9026,0.125000,0.051724,0.073171,242,42,0.173554,128,35,0.273438
bgl,b25e,4,100,256,NONE,EXPECTED_INVERSE_DEPTH,0.0200,0.01515789,2.5000,true,1.01015497,0.66642350,count_ge_500,0.00936842,9500,89,144,5,139,84,9272,0.034722,0.056180,0.042918,84,19,0.226190,128,16,0.125000
bgl,b25e,4,100,256,NONE,EXPECTED_INVERSE_DEPTH,0.0200,0.01515789,2.5000,true,1.01015497,0.66642350,count_ge_1000,0.00315789,9500,30,144,1,143,29,9327,0.006944,0.033333,0.011494,29,5,0.172414,128,6,0.046875
bgl,b25e,4,100,256,NONE,EXPECTED_INVERSE_DEPTH,0.0200,0.01663158,2.5000,false,1.01017618,0.66642350,count_ge_1,0.08726316,9500,829,158,43,115,786,8556,0.272152,0.051870,0.087133,559,78,0.139535,135,64,0.474074
bgl,b25e,4,100,256,NONE,EXPECTED_INVERSE_DEPTH,0.0200,0.01663158,2.5000,false,1.01017618,0.66642350,count_ge_10,0.03663158,9500,348,158,19,139,329,9013,0.120253,0.054598,0.075099,242,44,0.181818,135,36,0.266667
bgl,b25e,4,100,256,NONE,EXPECTED_INVERSE_DEPTH,0.0200,0.01663158,2.5000,false,1.01017618,0.66642350,count_ge_500,0.00936842,9500,89,158,5,153,84,9258,0.031646,0.056180,0.040486,84,19,0.226190,135,16,0.118519
bgl,b25e,4,100,256,NONE,EXPECTED_INVERSE_DEPTH,0.0200,0.01663158,2.5000,false,1.01017618,0.66642350,count_ge_1000,0.00315789,9500,30,158,1,157,29,9313,0.006329,0.033333,0.010638,29,5,0.172414,135,6,0.044444
bgl,b25e,4,100,256,NONE,EXPECTED_INVERSE_DEPTH,0.0200,0.02273684,2.0000,true,0.95702332,0.66642350,count_ge_1,0.08726316,9500,829,216,65,151,764,8520,0.300926,0.078408,0.124402,559,122,0.218247,196,103,0.525510
bgl,b25e,4,100,256,NONE,EXPECTED_INVERSE_DEPTH,0.0200,0.02273684,2.0000,true,0.95702332,0.66642350,count_ge_10,0.03663158,9500,348,216,32,184,316,8968,0.148148,0.091954,0.113475,242,66,0.272727,196,55,0.280612
bgl,b25e,4,100,256,NONE,EXPECTED_INVERSE_DEPTH,0.0200,0.02273684,2.0000,true,0.95702332,0.66642350,count_ge_500,0.00936842,9500,89,216,11,205,78,9206,0.050926,0.123596,0.072131,84,30,0.357143,196,27,0.137755
bgl,b25e,4,100,256,NONE,EXPECTED_INVERSE_DEPTH,0.0200,0.02273684,2.0000,true,0.95702332,0.66642350,count_ge_1000,0.00315789,9500,30,216,6,210,24,9260,0.027778,0.200000,0.048780,29,11,0.379310,196,12,0.061224
bgl,b25e,4,100,256,NONE,EXPECTED_INVERSE_DEPTH,0.0200,0.02421053,2.0000,false,0.95702838,0.66642350,count_ge_1,0.08726316,9500,829,230,67,163,762,8508,0.291304,0.080820,0.126534,559,125,0.223614,203,106,0.522167
bgl,b25e,4,100,256,NONE,EXPECTED_INVERSE_DEPTH,0.0200,0.02421053,2.0000,false,0.95702838,0.66642350,count_ge_10,0.03663158,9500,348,230,33,197,315,8955,0.143478,0.094828,0.114187,242,68,0.280992,203,56,0.275862
bgl,b25e,4,100,256,NONE,EXPECTED_INVERSE_DEPTH,0.0200,0.02421053,2.0000,false,0.95702838,0.66642350,count_ge_500,0.00936842,9500,89,230,11,219,78,9192,0.047826,0.123596,0.068966,84,30,0.357143,203,27,0.133005
bgl,b25e,4,100,256,NONE,EXPECTED_INVERSE_DEPTH,0.0200,0.02421053,2.0000,false,0.95702838,0.66642350,count_ge_1000,0.00315789,9500,30,230,6,224,24,9246,0.026087,0.200000,0.046154,29,11,0.379310,203,12,0.059113
thunderbird,b25e,1,100,256,NONE,EXPECTED_INVERSE_DEPTH,0.0010,0.04035202,3.0000,true,1.11096774,0.71074831,count_ge_1,0.19934811,30680,6116,1238,347,891,5769,23673,0.280291,0.056736,0.094370,449,151,0.336303,591,213,0.360406
thunderbird,b25e,1,100,256,NONE,EXPECTED_INVERSE_DEPTH,0.0010,0.04035202,3.0000,true,1.11096774,0.71074831,count_ge_10,0.17685789,30680,5426,1238,271,967,5155,24287,0.218901,0.049945,0.081333,157,77,0.490446,591,150,0.253807
thunderbird,b25e,1,100,256,NONE,EXPECTED_INVERSE_DEPTH,0.0010,0.04035202,3.0000,true,1.11096774,0.71074831,count_ge_100,0.01923077,30680,590,1238,71,1167,519,28923,0.057351,0.120339,0.077681,25,8,0.320000,591,23,0.038917
thunderbird,b25e,1,100,256,NONE,EXPECTED_INVERSE_DEPTH,0.0010,0.04035202,3.0000,true,1.11096774,0.71074831,count_ge_200,0.00475880,30680,146,1238,42,1196,104,29338,0.033926,0.287671,0.060694,6,2,0.333333,591,9,0.015228
thunderbird,b25e,1,100,256,NONE,EXPECTED_INVERSE_DEPTH,0.0010,0.04035202,3.0000,true,1.11096774,0.71074831,fraction_ge_0.200,0.01450456,30680,445,1238,42,1196,403,29039,0.033926,0.094382,0.049911,202,35,0.173267,591,27,0.045685
thunderbird,b25e,1,100,256,NONE,EXPECTED_INVERSE_DEPTH,0.0010,0.04374185,3.0000,false,1.11096774,0.71074831,count_ge_1,0.19934811,30680,6116,1342,364,978,5752,23586,0.271237,0.059516,0.097613,449,158,0.351893,588,215,0.365646
thunderbird,b25e,1,100,256,NONE,EXPECTED_INVERSE_DEPTH,0.0010,0.04374185,3.0000,false,1.11096774,0.71074831,count_ge_10,0.17685789,30680,5426,1342,281,1061,5145,24193,0.209389,0.051788,0.083038,157,79,0.503185,588,151,0.256803
thunderbird,b25e,1,100,256,NONE,EXPECTED_INVERSE_DEPTH,0.0010,0.04374185,3.0000,false,1.11096774,0.71074831,count_ge_100,0.01923077,30680,590,1342,72,1270,518,28820,0.053651,0.122034,0.074534,25,8,0.320000,588,23,0.039116
thunderbird,b25e,1,100,256,NONE,EXPECTED_INVERSE_DEPTH,0.0010,0.04374185,3.0000,false,1.11096774,0.71074831,count_ge_200,0.00475880,30680,146,1342,43,1299,103,29235,0.032042,0.294521,0.057796,6,2,0.333333,588,9,0.015306
thunderbird,b25e,1,100,256,NONE,EXPECTED_INVERSE_DEPTH,0.0010,0.04374185,3.0000,false,1.11096774,0.71074831,fraction_ge_0.200,0.01450456,30680,445,1342,43,1299,402,28936,0.032042,0.096629,0.048125,202,35,0.173267,588,27,0.045918
thunderbird,b25e,1,100,256,NONE,EXPECTED_INVERSE_DEPTH,0.0010,0.04934811,2.5000,true,1.06480928,0.71074831,count_ge_1,0.19934811,30680,6116,1514,439,1075,5677,23489,0.289960,0.071779,0.115072,449,169,0.376392,689,258,0.374456
thunderbird,b25e,1,100,256,NONE,EXPECTED_INVERSE_DEPTH,0.0010,0.04934811,2.5000,true,1.06480928,0.71074831,count_ge_10,0.17685789,30680,5426,1514,355,1159,5071,24095,0.234478,0.065426,0.102305,157,81,0.515924,689,183,0.265602
thunderbird,b25e,1,100,256,NONE,EXPECTED_INVERSE_DEPTH,0.0010,0.04934811,2.5000,true,1.06480928,0.71074831,count_ge_100,0.01923077,30680,590,1514,103,1411,487,28679,0.068032,0.174576,0.097909,25,13,0.520000,689,38,0.055152
thunderbird,b25e,1,100,256,NONE,EXPECTED_INVERSE_DEPTH,0.0010,0.04934811,2.5000,true,1.06480928,0.71074831,count_ge_200,0.00475880,30680,146,1514,56,1458,90,29076,0.036988,0.383562,0.067470,6,3,0.500000,689,12,0.017417
thunderbird,b25e,1,100,256,NONE,EXPECTED_INVERSE_DEPTH,0.0010,0.04934811,2.5000,true,1.06480928,0.71074831,fraction_ge_0.200,0.01450456,30680,445,1514,56,1458,389,28777,0.036988,0.125843,0.057172,202,49,0.242574,689,40,0.058055
thunderbird,b25e,1,100,256,NONE,EXPECTED_INVERSE_DEPTH,0.0010,0.05368318,2.5000,false,1.06480928,0.71074831,count_ge_1,0.19934811,30680,6116,1647,473,1174,5643,23390,0.287189,0.077338,0.121860,449,175,0.389755,678,257,0.379056
thunderbird,b25e,1,100,256,NONE,EXPECTED_INVERSE_DEPTH,0.0010,0.05368318,2.5000,false,1.06480928,0.71074831,count_ge_10,0.17685789,30680,5426,1647,381,1266,5045,23988,0.231330,0.070217,0.107734,157,83,0.528662,678,181,0.266962
thunderbird,b25e,1,100,256,NONE,EXPECTED_INVERSE_DEPTH,0.0010,0.05368318,2.5000,false,1.06480928,0.71074831,count_ge_100,0.01923077,30680,590,1647,107,1540,483,28550,0.064967,0.181356,0.095664,25,13,0.520000,678,37,0.054572
thunderbird,b25e,1,100,256,NONE,EXPECTED_INVERSE_DEPTH,0.0010,0.05368318,2.5000,false,1.06480928,0.71074831,count_ge_200,0.00475880,30680,146,1647,57,1590,89,28944,0.034608,0.390411,0.063581,6,3,0.500000,678,12,0.017699
thunderbird,b25e,1,100,256,NONE,EXPECTED_INVERSE_DEPTH,0.0010,0.05368318,2.5000,false,1.06480928,0.71074831,fraction_ge_0.200,0.01450456,30680,445,1647,59,1588,386,28647,0.035823,0.132584,0.056405,202,49,0.242574,678,39,0.057522
thunderbird,b25e,1,100,256,NONE,EXPECTED_INVERSE_DEPTH,0.0010,0.06052803,2.0000,true,1.01864987,0.71074831,count_ge_1,0.19934811,30680,6116,1857,563,1294,5553,23270,0.303177,0.092054,0.141227,449,183,0.407572,792,308,0.388889
thunderbird,b25e,1,100,256,NONE,EXPECTED_INVERSE_DEPTH,0.0010,0.06052803,2.0000,true,1.01864987,0.71074831,count_ge_10,0.17685789,30680,5426,1857,467,1390,4959,23864,0.251481,0.086067,0.128244,157,85,0.541401,792,227,0.286616
thunderbird,b25e,1,100,256,NONE,EXPECTED_INVERSE_DEPTH,0.0010,0.06052803,2.0000,true,1.01864987,0.71074831,count_ge_100,0.01923077,30680,590,1857,142,1715,448,28375,0.076467,0.240678,0.116060,25,14,0.560000,792,55,0.069444
thunderbird,b25e,1,100,256,NONE,EXPECTED_INVERSE_DEPTH,0.0010,0.06052803,2.0000,true,1.01864987,0.71074831,count_ge_200,0.00475880,30680,146,1857,72,1785,74,28749,0.038772,0.493151,0.071892,6,4,0.666667,792,14,0.017677
thunderbird,b25e,1,100,256,NONE,EXPECTED_INVERSE_DEPTH,0.0010,0.06052803,2.0000,true,1.01864987,0.71074831,fraction_ge_0.200,0.01450456,30680,445,1857,68,1789,377,28446,0.036618,0.152809,0.059079,202,66,0.326733,792,55,0.069444
thunderbird,b25e,1,100,256,NONE,EXPECTED_INVERSE_DEPTH,0.0010,0.06652542,2.0000,false,1.01864987,0.71074831,count_ge_1,0.19934811,30680,6116,2041,620,1421,5496,23143,0.303773,0.101373,0.152017,449,188,0.418708,773,304,0.393273
thunderbird,b25e,1,100,256,NONE,EXPECTED_INVERSE_DEPTH,0.0010,0.06652542,2.0000,false,1.01864987,0.71074831,count_ge_10,0.17685789,30680,5426,2041,516,1525,4910,23729,0.252817,0.095098,0.138208,157,87,0.554140,773,224,0.289780
thunderbird,b25e,1,100,256,NONE,EXPECTED_INVERSE_DEPTH,0.0010,0.06652542,2.0000,false,1.01864987,0.71074831,count_ge_100,0.01923077,30680,590,2041,150,1891,440,28199,0.073493,0.254237,0.114025,25,14,0.560000,773,54,0.069858
thunderbird,b25e,1,100,256,NONE,EXPECTED_INVERSE_DEPTH,0.0010,0.06652542,2.0000,false,1.01864987,0.71074831,count_ge_200,0.00475880,30680,146,2041,74,1967,72,28567,0.036257,0.506849,0.067673,6,4,0.666667,773,14,0.018111
thunderbird,b25e,1,100,256,NONE,EXPECTED_INVERSE_DEPTH,0.0010,0.06652542,2.0000,false,1.01864987,0.71074831,fraction_ge_0.200,0.01450456,30680,445,2041,75,1966,370,28269,0.036747,0.168539,0.060338,202,66,0.326733,773,54,0.069858
thunderbird,b25e,1,100,256,NONE,EXPECTED_INVERSE_DEPTH,0.0020,0.04035202,3.0000,true,1.11096774,0.71074831,count_ge_1,0.19934811,30680,6116,1238,347,891,5769,23673,0.280291,0.056736,0.094370,449,151,0.336303,591,213,0.360406
thunderbird,b25e,1,100,256,NONE,EXPECTED_INVERSE_DEPTH,0.0020,0.04035202,3.0000,true,1.11096774,0.71074831,count_ge_10,0.17685789,30680,5426,1238,271,967,5155,24287,0.218901,0.049945,0.081333,157,77,0.490446,591,150,0.253807
thunderbird,b25e,1,100,256,NONE,EXPECTED_INVERSE_DEPTH,0.0020,0.04035202,3.0000,true,1.11096774,0.71074831,count_ge_100,0.01923077,30680,590,1238,71,1167,519,28923,0.057351,0.120339,0.077681,25,8,0.320000,591,23,0.038917
thunderbird,b25e,1,100,256,NONE,EXPECTED_INVERSE_DEPTH,0.0020,0.04035202,3.0000,true,1.11096774,0.71074831,count_ge_200,0.00475880,30680,146,1238,42,1196,104,29338,0.033926,0.287671,0.060694,6,2,0.333333,591,9,0.015228
thunderbird,b25e,1,100,256,NONE,EXPECTED_INVERSE_DEPTH,0.0020,0.04035202,3.0000,true,1.11096774,0.71074831,fraction_ge_0.200,0.01450456,30680,445,1238,42,1196,403,29039,0.033926,0.094382,0.049911,202,35,0.173267,591,27,0.045685
thunderbird,b25e,1,100,256,NONE,EXPECTED_INVERSE_DEPTH,0.0020,0.04374185,3.0000,false,1.11096774,0.71074831,count_ge_1,0.19934811,30680,6116,1342,364,978,5752,23586,0.271237,0.059516,0.097613,449,158,0.351893,588,215,0.365646
thunderbird,b25e,1,100,256,NONE,EXPECTED_INVERSE_DEPTH,0.0020,0.04374185,3.0000,false,1.11096774,0.71074831,count_ge_10,0.17685789,30680,5426,1342,281,1061,5145,24193,0.209389,0.051788,0.083038,157,79,0.503185,588,151,0.256803
thunderbird,b25e,1,100,256,NONE,EXPECTED_INVERSE_DEPTH,0.0020,0.04374185,3.0000,false,1.11096774,0.71074831,count_ge_100,0.01923077,30680,590,1342,72,1270,518,28820,0.053651,0.122034,0.074534,25,8,0.320000,588,23,0.039116
thunderbird,b25e,1,100,256,NONE,EXPECTED_INVERSE_DEPTH,0.0020,0.04374185,3.0000,false,1.11096774,0.71074831,count_ge_200,0.00475880,30680,146,1342,43,1299,103,29235,0.032042,0.294521,0.057796,6,2,0.333333,588,9,0.015306
thunderbird,b25e,1,100,256,NONE,EXPECTED_INVERSE_DEPTH,0.0020,0.04374185,3.0000,false,1.11096774,0.71074831,fraction_ge_0.200,0.01450456,30680,445,1342,43,1299,402,28936,0.032042,0.096629,0.048125,202,35,0.173267,588,27,0.045918
thunderbird,b25e,1,100,256,NONE,EXPECTED_INVERSE_DEPTH,0.0020,0.04934811,2.5000,true,1.06480928,0.71074831,count_ge_1,0.19934811,30680,6116,1514,439,1075,5677,23489,0.289960,0.071779,0.115072,449,169,0.376392,689,258,0.374456
thunderbird,b25e,1,100,256,NONE,EXPECTED_INVERSE_DEPTH,0.0020,0.04934811,2.5000,true,1.06480928,0.71074831,count_ge_10,0.17685789,30680,5426,1514,355,1159,5071,24095,0.234478,0.065426,0.102305,157,81,0.515924,689,183,0.265602
thunderbird,b25e,1,100,256,NONE,EXPECTED_INVERSE_DEPTH,0.0020,0.04934811,2.5000,true,1.06480928,0.71074831,count_ge_100,0.01923077,30680,590,1514,103,1411,487,28679,0.068032,0.174576,0.097909,25,13,0.520000,689,38,0.055152
thunderbird,b25e,1,100,256,NONE,EXPECTED_INVERSE_DEPTH,0.0020,0.04934811,2.5000,true,1.06480928,0.71074831,count_ge_200,0.00475880,30680,146,1514,56,1458,90,29076,0.036988,0.383562,0.067470,6,3,0.500000,689,12,0.017417
thunderbird,b25e,1,100,256,NONE,EXPECTED_INVERSE_DEPTH,0.0020,0.04934811,2.5000,true,1.06480928,0.71074831,fraction_ge_0.200,0.01450456,30680,445,1514,56,1458,389,28777,0.036988,0.125843,0.057172,202,49,0.242574,689,40,0.058055
thunderbird,b25e,1,100,256,NONE,EXPECTED_INVERSE_DEPTH,0.0020,0.05368318,2.5000,false,1.06480928,0.71074831,count_ge_1,0.19934811,30680,6116,1647,473,1174,5643,23390,0.287189,0.077338,0.121860,449,175,0.389755,678,257,0.379056
thunderbird,b25e,1,100,256,NONE,EXPECTED_INVERSE_DEPTH,0.0020,0.05368318,2.5000,false,1.06480928,0.71074831,count_ge_10,0.17685789,30680,5426,1647,381,1266,5045,23988,0.231330,0.070217,0.107734,157,83,0.528662,678,181,0.266962
thunderbird,b25e,1,100,256,NONE,EXPECTED_INVERSE_DEPTH,0.0020,0.05368318,2.5000,false,1.06480928,0.71074831,count_ge_100,0.01923077,30680,590,1647,107,1540,483,28550,0.064967,0.181356,0.095664,25,13,0.520000,678,37,0.054572
thunderbird,b25e,1,100,256,NONE,EXPECTED_INVERSE_DEPTH,0.0020,0.05368318,2.5000,false,1.06480928,0.71074831,count_ge_200,0.00475880,30680,146,1647,57,1590,89,28944,0.034608,0.390411,0.063581,6,3,0.500000,678,12,0.017699
thunderbird,b25e,1,100,256,NONE,EXPECTED_INVERSE_DEPTH,0.0020,0.05368318,2.5000,false,1.06480928,0.71074831,fraction_ge_0.200,0.01450456,30680,445,1647,59,1588,386,28647,0.035823,0.132584,0.056405,202,49,0.242574,678,39,0.057522
thunderbird,b25e,1,100,256,NONE,EXPECTED_INVERSE_DEPTH,0.0020,0.06052803,2.0000,true,1.01864987,0.71074831,count_ge_1,0.19934811,30680,6116,1857,563,1294,5553,23270,0.303177,0.092054,0.141227,449,183,0.407572,792,308,0.388889
thunderbird,b25e,1,100,256,NONE,EXPECTED_INVERSE_DEPTH,0.0020,0.06052803,2.0000,true,1.01864987,0.71074831,count_ge_10,0.17685789,30680,5426,1857,467,1390,4959,23864,0.251481,0.086067,0.128244,157,85,0.541401,792,227,0.286616
thunderbird,b25e,1,100,256,NONE,EXPECTED_INVERSE_DEPTH,0.0020,0.06052803,2.0000,true,1.01864987,0.71074831,count_ge_100,0.01923077,30680,590,1857,142,1715,448,28375,0.076467,0.240678,0.116060,25,14,0.560000,792,55,0.069444
thunderbird,b25e,1,100,256,NONE,EXPECTED_INVERSE_DEPTH,0.0020,0.06052803,2.0000,true,1.01864987,0.71074831,count_ge_200,0.00475880,30680,146,1857,72,1785,74,28749,0.038772,0.493151,0.071892,6,4,0.666667,792,14,0.017677
thunderbird,b25e,1,100,256,NONE,EXPECTED_INVERSE_DEPTH,0.0020,0.06052803,2.0000,true,1.01864987,0.71074831,fraction_ge_0.200,0.01450456,30680,445,1857,68,1789,377,28446,0.036618,0.152809,0.059079,202,66,0.326733,792,55,0.069444
thunderbird,b25e,1,100,256,NONE,EXPECTED_INVERSE_DEPTH,0.0020,0.06652542,2.0000,false,1.01864987,0.71074831,count_ge_1,0.19934811,30680,6116,2041,620,1421,5496,23143,0.303773,0.101373,0.152017,449,188,0.418708,773,304,0.393273
thunderbird,b25e,1,100,256,NONE,EXPECTED_INVERSE_DEPTH,0.0020,0.06652542,2.0000,false,1.01864987,0.71074831,count_ge_10,0.17685789,30680,5426,2041,516,1525,4910,23729,0.252817,0.095098,0.138208,157,87,0.554140,773,224,0.289780
thunderbird,b25e,1,100,256,NONE,EXPECTED_INVERSE_DEPTH,0.0020,0.06652542,2.0000,false,1.01864987,0.71074831,count_ge_100,0.01923077,30680,590,2041,150,1891,440,28199,0.073493,0.254237,0.114025,25,14,0.560000,773,54,0.069858
thunderbird,b25e,1,100,256,NONE,EXPECTED_INVERSE_DEPTH,0.0020,0.06652542,2.0000,false,1.01864987,0.71074831,count_ge_200,0.00475880,30680,146,2041,74,1967,72,28567,0.036257,0.506849,0.067673,6,4,0.666667,773,14,0.018111
thunderbird,b25e,1,100,256,NONE,EXPECTED_INVERSE_DEPTH,0.0020,0.06652542,2.0000,false,1.01864987,0.71074831,fraction_ge_0.200,0.01450456,30680,445,2041,75,1966,370,28269,0.036747,0.168539,0.060338,202,66,0.326733,773,54,0.069858
thunderbird,b25e,1,100,256,NONE,EXPECTED_INVERSE_DEPTH,0.0050,0.04035202,3.0000,true,1.11096774,0.71074831,count_ge_1,0.19934811,30680,6116,1238,347,891,5769,23673,0.280291,0.056736,0.094370,449,151,0.336303,591,213,0.360406
thunderbird,b25e,1,100,256,NONE,EXPECTED_INVERSE_DEPTH,0.0050,0.04035202,3.0000,true,1.11096774,0.71074831,count_ge_10,0.17685789,30680,5426,1238,271,967,5155,24287,0.218901,0.049945,0.081333,157,77,0.490446,591,150,0.253807
thunderbird,b25e,1,100,256,NONE,EXPECTED_INVERSE_DEPTH,0.0050,0.04035202,3.0000,true,1.11096774,0.71074831,count_ge_100,0.01923077,30680,590,1238,71,1167,519,28923,0.057351,0.120339,0.077681,25,8,0.320000,591,23,0.038917
thunderbird,b25e,1,100,256,NONE,EXPECTED_INVERSE_DEPTH,0.0050,0.04035202,3.0000,true,1.11096774,0.71074831,count_ge_200,0.00475880,30680,146,1238,42,1196,104,29338,0.033926,0.287671,0.060694,6,2,0.333333,591,9,0.015228
thunderbird,b25e,1,100,256,NONE,EXPECTED_INVERSE_DEPTH,0.0050,0.04035202,3.0000,true,1.11096774,0.71074831,fraction_ge_0.200,0.01450456,30680,445,1238,42,1196,403,29039,0.033926,0.094382,0.049911,202,35,0.173267,591,27,0.045685
thunderbird,b25e,1,100,256,NONE,EXPECTED_INVERSE_DEPTH,0.0050,0.04374185,3.0000,false,1.11096774,0.71074831,count_ge_1,0.19934811,30680,6116,1342,364,978,5752,23586,0.271237,0.059516,0.097613,449,158,0.351893,588,215,0.365646
thunderbird,b25e,1,100,256,NONE,EXPECTED_INVERSE_DEPTH,0.0050,0.04374185,3.0000,false,1.11096774,0.71074831,count_ge_10,0.17685789,30680,5426,1342,281,1061,5145,24193,0.209389,0.051788,0.083038,157,79,0.503185,588,151,0.256803
thunderbird,b25e,1,100,256,NONE,EXPECTED_INVERSE_DEPTH,0.0050,0.04374185,3.0000,false,1.11096774,0.71074831,count_ge_100,0.01923077,30680,590,1342,72,1270,518,28820,0.053651,0.122034,0.074534,25,8,0.320000,588,23,0.039116
thunderbird,b25e,1,100,256,NONE,EXPECTED_INVERSE_DEPTH,0.0050,0.04374185,3.0000,false,1.11096774,0.71074831,count_ge_200,0.00475880,30680,146,1342,43,1299,103,29235,0.032042,0.294521,0.057796,6,2,0.333333,588,9,0.015306
thunderbird,b25e,1,100,256,NONE,EXPECTED_INVERSE_DEPTH,0.0050,0.04374185,3.0000,false,1.11096774,0.71074831,fraction_ge_0.200,0.01450456,30680,445,1342,43,1299,402,28936,0.032042,0.096629,0.048125,202,35,0.173267,588,27,0.045918
thunderbird,b25e,1,100,256,NONE,EXPECTED_INVERSE_DEPTH,0.0050,0.04934811,2.5000,true,1.06480928,0.71074831,count_ge_1,0.19934811,30680,6116,1514,439,1075,5677,23489,0.289960,0.071779,0.115072,449,169,0.376392,689,258,0.374456
thunderbird,b25e,1,100,256,NONE,EXPECTED_INVERSE_DEPTH,0.0050,0.04934811,2.5000,true,1.06480928,0.71074831,count_ge_10,0.17685789,30680,5426,1514,355,1159,5071,24095,0.234478,0.065426,0.102305,157,81,0.515924,689,183,0.265602
thunderbird,b25e,1,100,256,NONE,EXPECTED_INVERSE_DEPTH,0.0050,0.04934811,2.5000,true,1.06480928,0.71074831,count_ge_100,0.01923077,30680,590,1514,103,1411,487,28679,0.068032,0.174576,0.097909,25,13,0.520000,689,38,0.055152
thunderbird,b25e,1,100,256,NONE,EXPECTED_INVERSE_DEPTH,0.0050,0.04934811,2.5000,true,1.06480928,0.71074831,count_ge_200,0.00475880,30680,146,1514,56,1458,90,29076,0.036988,0.383562,0.067470,6,3,0.500000,689,12,0.017417
thunderbird,b25e,1,100,256,NONE,EXPECTED_INVERSE_DEPTH,0.0050,0.04934811,2.5000,true,1.06480928,0.71074831,fraction_ge_0.200,0.01450456,30680,445,1514,56,1458,389,28777,0.036988,0.125843,0.057172,202,49,0.242574,689,40,0.058055
thunderbird,b25e,1,100,256,NONE,EXPECTED_INVERSE_DEPTH,0.0050,0.05368318,2.5000,false,1.06480928,0.71074831,count_ge_1,0.19934811,30680,6116,1647,473,1174,5643,23390,0.287189,0.077338,0.121860,449,175,0.389755,678,257,0.379056
thunderbird,b25e,1,100,256,NONE,EXPECTED_INVERSE_DEPTH,0.0050,0.05368318,2.5000,false,1.06480928,0.71074831,count_ge_10,0.17685789,30680,5426,1647,381,1266,5045,23988,0.231330,0.070217,0.107734,157,83,0.528662,678,181,0.266962
thunderbird,b25e,1,100,256,NONE,EXPECTED_INVERSE_DEPTH,0.0050,0.05368318,2.5000,false,1.06480928,0.71074831,count_ge_100,0.01923077,30680,590,1647,107,1540,483,28550,0.064967,0.181356,0.095664,25,13,0.520000,678,37,0.054572
thunderbird,b25e,1,100,256,NONE,EXPECTED_INVERSE_DEPTH,0.0050,0.05368318,2.5000,false,1.06480928,0.71074831,count_ge_200,0.00475880,30680,146,1647,57,1590,89,28944,0.034608,0.390411,0.063581,6,3,0.500000,678,12,0.017699
thunderbird,b25e,1,100,256,NONE,EXPECTED_INVERSE_DEPTH,0.0050,0.05368318,2.5000,false,1.06480928,0.71074831,fraction_ge_0.200,0.01450456,30680,445,1647,59,1588,386,28647,0.035823,0.132584,0.056405,202,49,0.242574,678,39,0.057522
thunderbird,b25e,1,100,256,NONE,EXPECTED_INVERSE_DEPTH,0.0050,0.06052803,2.0000,true,1.01864987,0.71074831,count_ge_1,0.19934811,30680,6116,1857,563,1294,5553,23270,0.303177,0.092054,0.141227,449,183,0.407572,792,308,0.388889
thunderbird,b25e,1,100,256,NONE,EXPECTED_INVERSE_DEPTH,0.0050,0.06052803,2.0000,true,1.01864987,0.71074831,count_ge_10,0.17685789,30680,5426,1857,467,1390,4959,23864,0.251481,0.086067,0.128244,157,85,0.541401,792,227,0.286616
thunderbird,b25e,1,100,256,NONE,EXPECTED_INVERSE_DEPTH,0.0050,0.06052803,2.0000,true,1.01864987,0.71074831,count_ge_100,0.01923077,30680,590,1857,142,1715,448,28375,0.076467,0.240678,0.116060,25,14,0.560000,792,55,0.069444
thunderbird,b25e,1,100,256,NONE,EXPECTED_INVERSE_DEPTH,0.0050,0.06052803,2.0000,true,1.01864987,0.71074831,count_ge_200,0.00475880,30680,146,1857,72,1785,74,28749,0.038772,0.493151,0.071892,6,4,0.666667,792,14,0.017677
thunderbird,b25e,1,100,256,NONE,EXPECTED_INVERSE_DEPTH,0.0050,0.06052803,2.0000,true,1.01864987,0.71074831,fraction_ge_0.200,0.01450456,30680,445,1857,68,1789,377,28446,0.036618,0.152809,0.059079,202,66,0.326733,792,55,0.069444
thunderbird,b25e,1,100,256,NONE,EXPECTED_INVERSE_DEPTH,0.0050,0.06652542,2.0000,false,1.01864987,0.71074831,count_ge_1,0.19934811,30680,6116,2041,620,1421,5496,23143,0.303773,0.101373,0.152017,449,188,0.418708,773,304,0.393273
thunderbird,b25e,1,100,256,NONE,EXPECTED_INVERSE_DEPTH,0.0050,0.06652542,2.0000,false,1.01864987,0.71074831,count_ge_10,0.17685789,30680,5426,2041,516,1525,4910,23729,0.252817,0.095098,0.138208,157,87,0.554140,773,224,0.289780
thunderbird,b25e,1,100,256,NONE,EXPECTED_INVERSE_DEPTH,0.0050,0.06652542,2.0000,false,1.01864987,0.71074831,count_ge_100,0.01923077,30680,590,2041,150,1891,440,28199,0.073493,0.254237,0.114025,25,14,0.560000,773,54,0.069858
thunderbird,b25e,1,100,256,NONE,EXPECTED_INVERSE_DEPTH,0.0050,0.06652542,2.0000,false,1.01864987,0.71074831,count_ge_200,0.00475880,30680,146,2041,74,1967,72,28567,0.036257,0.506849,0.067673,6,4,0.666667,773,14,0.018111
thunderbird,b25e,1,100,256,NONE,EXPECTED_INVERSE_DEPTH,0.0050,0.06652542,2.0000,false,1.01864987,0.71074831,fraction_ge_0.200,0.01450456,30680,445,2041,75,1966,370,28269,0.036747,0.168539,0.060338,202,66,0.326733,773,54,0.069858
thunderbird,b25e,1,100,256,NONE,EXPECTED_INVERSE_DEPTH,0.0100,0.04035202,3.0000,true,1.11096774,0.71074831,count_ge_1,0.19934811,30680,6116,1238,347,891,5769,23673,0.280291,0.056736,0.094370,449,151,0.336303,591,213,0.360406
thunderbird,b25e,1,100,256,NONE,EXPECTED_INVERSE_DEPTH,0.0100,0.04035202,3.0000,true,1.11096774,0.71074831,count_ge_10,0.17685789,30680,5426,1238,271,967,5155,24287,0.218901,0.049945,0.081333,157,77,0.490446,591,150,0.253807
thunderbird,b25e,1,100,256,NONE,EXPECTED_INVERSE_DEPTH,0.0100,0.04035202,3.0000,true,1.11096774,0.71074831,count_ge_100,0.01923077,30680,590,1238,71,1167,519,28923,0.057351,0.120339,0.077681,25,8,0.320000,591,23,0.038917
thunderbird,b25e,1,100,256,NONE,EXPECTED_INVERSE_DEPTH,0.0100,0.04035202,3.0000,true,1.11096774,0.71074831,count_ge_200,0.00475880,30680,146,1238,42,1196,104,29338,0.033926,0.287671,0.060694,6,2,0.333333,591,9,0.015228
thunderbird,b25e,1,100,256,NONE,EXPECTED_INVERSE_DEPTH,0.0100,0.04035202,3.0000,true,1.11096774,0.71074831,fraction_ge_0.200,0.01450456,30680,445,1238,42,1196,403,29039,0.033926,0.094382,0.049911,202,35,0.173267,591,27,0.045685
thunderbird,b25e,1,100,256,NONE,EXPECTED_INVERSE_DEPTH,0.0100,0.04374185,3.0000,false,1.11096774,0.71074831,count_ge_1,0.19934811,30680,6116,1342,364,978,5752,23586,0.271237,0.059516,0.097613,449,158,0.351893,588,215,0.365646
thunderbird,b25e,1,100,256,NONE,EXPECTED_INVERSE_DEPTH,0.0100,0.04374185,3.0000,false,1.11096774,0.71074831,count_ge_10,0.17685789,30680,5426,1342,281,1061,5145,24193,0.209389,0.051788,0.083038,157,79,0.503185,588,151,0.256803
thunderbird,b25e,1,100,256,NONE,EXPECTED_INVERSE_DEPTH,0.0100,0.04374185,3.0000,false,1.11096774,0.71074831,count_ge_100,0.01923077,30680,590,1342,72,1270,518,28820,0.053651,0.122034,0.074534,25,8,0.320000,588,23,0.039116
thunderbird,b25e,1,100,256,NONE,EXPECTED_INVERSE_DEPTH,0.0100,0.04374185,3.0000,false,1.11096774,0.71074831,count_ge_200,0.00475880,30680,146,1342,43,1299,103,29235,0.032042,0.294521,0.057796,6,2,0.333333,588,9,0.015306
thunderbird,b25e,1,100,256,NONE,EXPECTED_INVERSE_DEPTH,0.0100,0.04374185,3.0000,false,1.11096774,0.71074831,fraction_ge_0.200,0.01450456,30680,445,1342,43,1299,402,28936,0.032042,0.096629,0.048125,202,35,0.173267,588,27,0.045918
thunderbird,b25e,1,100,256,NONE,EXPECTED_INVERSE_DEPTH,0.0100,0.04934811,2.5000,true,1.06480928,0.71074831,count_ge_1,0.19934811,30680,6116,1514,439,1075,5677,23489,0.289960,0.071779,0.115072,449,169,0.376392,689,258,0.374456
thunderbird,b25e,1,100,256,NONE,EXPECTED_INVERSE_DEPTH,0.0100,0.04934811,2.5000,true,1.06480928,0.71074831,count_ge_10,0.17685789,30680,5426,1514,355,1159,5071,24095,0.234478,0.065426,0.102305,157,81,0.515924,689,183,0.265602
thunderbird,b25e,1,100,256,NONE,EXPECTED_INVERSE_DEPTH,0.0100,0.04934811,2.5000,true,1.06480928,0.71074831,count_ge_100,0.01923077,30680,590,1514,103,1411,487,28679,0.068032,0.174576,0.097909,25,13,0.520000,689,38,0.055152
thunderbird,b25e,1,100,256,NONE,EXPECTED_INVERSE_DEPTH,0.0100,0.04934811,2.5000,true,1.06480928,0.71074831,count_ge_200,0.00475880,30680,146,1514,56,1458,90,29076,0.036988,0.383562,0.067470,6,3,0.500000,689,12,0.017417
thunderbird,b25e,1,100,256,NONE,EXPECTED_INVERSE_DEPTH,0.0100,0.04934811,2.5000,true,1.06480928,0.71074831,fraction_ge_0.200,0.01450456,30680,445,1514,56,1458,389,28777,0.036988,0.125843,0.057172,202,49,0.242574,689,40,0.058055
thunderbird,b25e,1,100,256,NONE,EXPECTED_INVERSE_DEPTH,0.0100,0.05368318,2.5000,false,1.06480928,0.71074831,count_ge_1,0.19934811,30680,6116,1647,473,1174,5643,23390,0.287189,0.077338,0.121860,449,175,0.389755,678,257,0.379056
thunderbird,b25e,1,100,256,NONE,EXPECTED_INVERSE_DEPTH,0.0100,0.05368318,2.5000,false,1.06480928,0.71074831,count_ge_10,0.17685789,30680,5426,1647,381,1266,5045,23988,0.231330,0.070217,0.107734,157,83,0.528662,678,181,0.266962
thunderbird,b25e,1,100,256,NONE,EXPECTED_INVERSE_DEPTH,0.0100,0.05368318,2.5000,false,1.06480928,0.71074831,count_ge_100,0.01923077,30680,590,1647,107,1540,483,28550,0.064967,0.181356,0.095664,25,13,0.520000,678,37,0.054572
thunderbird,b25e,1,100,256,NONE,EXPECTED_INVERSE_DEPTH,0.0100,0.05368318,2.5000,false,1.06480928,0.71074831,count_ge_200,0.00475880,30680,146,1647,57,1590,89,28944,0.034608,0.390411,0.063581,6,3,0.500000,678,12,0.017699
thunderbird,b25e,1,100,256,NONE,EXPECTED_INVERSE_DEPTH,0.0100,0.05368318,2.5000,false,1.06480928,0.71074831,fraction_ge_0.200,0.01450456,30680,445,1647,59,1588,386,28647,0.035823,0.132584,0.056405,202,49,0.242574,678,39,0.057522
thunderbird,b25e,1,100,256,NONE,EXPECTED_INVERSE_DEPTH,0.0100,0.06052803,2.0000,true,1.01864987,0.71074831,count_ge_1,0.19934811,30680,6116,1857,563,1294,5553,23270,0.303177,0.092054,0.141227,449,183,0.407572,792,308,0.388889
thunderbird,b25e,1,100,256,NONE,EXPECTED_INVERSE_DEPTH,0.0100,0.06052803,2.0000,true,1.01864987,0.71074831,count_ge_10,0.17685789,30680,5426,1857,467,1390,4959,23864,0.251481,0.086067,0.128244,157,85,0.541401,792,227,0.286616
thunderbird,b25e,1,100,256,NONE,EXPECTED_INVERSE_DEPTH,0.0100,0.06052803,2.0000,true,1.01864987,0.71074831,count_ge_100,0.01923077,30680,590,1857,142,1715,448,28375,0.076467,0.240678,0.116060,25,14,0.560000,792,55,0.069444
thunderbird,b25e,1,100,256,NONE,EXPECTED_INVERSE_DEPTH,0.0100,0.06052803,2.0000,true,1.01864987,0.71074831,count_ge_200,0.00475880,30680,146,1857,72,1785,74,28749,0.038772,0.493151,0.071892,6,4,0.666667,792,14,0.017677
thunderbird,b25e,1,100,256,NONE,EXPECTED_INVERSE_DEPTH,0.0100,0.06052803,2.0000,true,1.01864987,0.71074831,fraction_ge_0.200,0.01450456,30680,445,1857,68,1789,377,28446,0.036618,0.152809,0.059079,202,66,0.326733,792,55,0.069444
thunderbird,b25e,1,100,256,NONE,EXPECTED_INVERSE_DEPTH,0.0100,0.06652542,2.0000,false,1.01864987,0.71074831,count_ge_1,0.19934811,30680,6116,2041,620,1421,5496,23143,0.303773,0.101373,0.152017,449,188,0.418708,773,304,0.393273
thunderbird,b25e,1,100,256,NONE,EXPECTED_INVERSE_DEPTH,0.0100,0.06652542,2.0000,false,1.01864987,0.71074831,count_ge_10,0.17685789,30680,5426,2041,516,1525,4910,23729,0.252817,0.095098,0.138208,157,87,0.554140,773,224,0.289780
thunderbird,b25e,1,100,256,NONE,EXPECTED_INVERSE_DEPTH,0.0100,0.06652542,2.0000,false,1.01864987,0.71074831,count_ge_100,0.01923077,30680,590,2041,150,1891,440,28199,0.073493,0.254237,0.114025,25,14,0.560000,773,54,0.069858
thunderbird,b25e,1,100,256,NONE,EXPECTED_INVERSE_DEPTH,0.0100,0.06652542,2.0000,false,1.01864987,0.71074831,count_ge_200,0.00475880,30680,146,2041,74,1967,72,28567,0.036257,0.506849,0.067673,6,4,0.666667,773,14,0.018111
thunderbird,b25e,1,100,256,NONE,EXPECTED_INVERSE_DEPTH,0.0100,0.06652542,2.0000,false,1.01864987,0.71074831,fraction_ge_0.200,0.01450456,30680,445,2041,75,1966,370,28269,0.036747,0.168539,0.060338,202,66,0.326733,773,54,0.069858
thunderbird,b25e,1,100,256,NONE,EXPECTED_INVERSE_DEPTH,0.0200,0.04035202,3.0000,true,1.11096774,0.71074831,count_ge_1,0.19934811,30680,6116,1238,347,891,5769,23673,0.280291,0.056736,0.094370,449,151,0.336303,591,213,0.360406
thunderbird,b25e,1,100,256,NONE,EXPECTED_INVERSE_DEPTH,0.0200,0.04035202,3.0000,true,1.11096774,0.71074831,count_ge_10,0.17685789,30680,5426,1238,271,967,5155,24287,0.218901,0.049945,0.081333,157,77,0.490446,591,150,0.253807
thunderbird,b25e,1,100,256,NONE,EXPECTED_INVERSE_DEPTH,0.0200,0.04035202,3.0000,true,1.11096774,0.71074831,count_ge_100,0.01923077,30680,590,1238,71,1167,519,28923,0.057351,0.120339,0.077681,25,8,0.320000,591,23,0.038917
thunderbird,b25e,1,100,256,NONE,EXPECTED_INVERSE_DEPTH,0.0200,0.04035202,3.0000,true,1.11096774,0.71074831,count_ge_200,0.00475880,30680,146,1238,42,1196,104,29338,0.033926,0.287671,0.060694,6,2,0.333333,591,9,0.015228
thunderbird,b25e,1,100,256,NONE,EXPECTED_INVERSE_DEPTH,0.0200,0.04035202,3.0000,true,1.11096774,0.71074831,fraction_ge_0.200,0.01450456,30680,445,1238,42,1196,403,29039,0.033926,0.094382,0.049911,202,35,0.173267,591,27,0.045685
thunderbird,b25e,1,100,256,NONE,EXPECTED_INVERSE_DEPTH,0.0200,0.04374185,3.0000,false,1.11096774,0.71074831,count_ge_1,0.19934811,30680,6116,1342,364,978,5752,23586,0.271237,0.059516,0.097613,449,158,0.351893,588,215,0.365646
thunderbird,b25e,1,100,256,NONE,EXPECTED_INVERSE_DEPTH,0.0200,0.04374185,3.0000,false,1.11096774,0.71074831,count_ge_10,0.17685789,30680,5426,1342,281,1061,5145,24193,0.209389,0.051788,0.083038,157,79,0.503185,588,151,0.256803
thunderbird,b25e,1,100,256,NONE,EXPECTED_INVERSE_DEPTH,0.0200,0.04374185,3.0000,false,1.11096774,0.71074831,count_ge_100,0.01923077,30680,590,1342,72,1270,518,28820,0.053651,0.122034,0.074534,25,8,0.320000,588,23,0.039116
thunderbird,b25e,1,100,256,NONE,EXPECTED_INVERSE_DEPTH,0.0200,0.04374185,3.0000,false,1.11096774,0.71074831,count_ge_200,0.00475880,30680,146,1342,43,1299,103,29235,0.032042,0.294521,0.057796,6,2,0.333333,588,9,0.015306
thunderbird,b25e,1,100,256,NONE,EXPECTED_INVERSE_DEPTH,0.0200,0.04374185,3.0000,false,1.11096774,0.71074831,fraction_ge_0.200,0.01450456,30680,445,1342,43,1299,402,28936,0.032042,0.096629,0.048125,202,35,0.173267,588,27,0.045918
thunderbird,b25e,1,100,256,NONE,EXPECTED_INVERSE_DEPTH,0.0200,0.04934811,2.5000,true,1.06480928,0.71074831,count_ge_1,0.19934811,30680,6116,1514,439,1075,5677,23489,0.289960,0.071779,0.115072,449,169,0.376392,689,258,0.374456
thunderbird,b25e,1,100,256,NONE,EXPECTED_INVERSE_DEPTH,0.0200,0.04934811,2.5000,true,1.06480928,0.71074831,count_ge_10,0.17685789,30680,5426,1514,355,1159,5071,24095,0.234478,0.065426,0.102305,157,81,0.515924,689,183,0.265602
thunderbird,b25e,1,100,256,NONE,EXPECTED_INVERSE_DEPTH,0.0200,0.04934811,2.5000,true,1.06480928,0.71074831,count_ge_100,0.01923077,30680,590,1514,103,1411,487,28679,0.068032,0.174576,0.097909,25,13,0.520000,689,38,0.055152
thunderbird,b25e,1,100,256,NONE,EXPECTED_INVERSE_DEPTH,0.0200,0.04934811,2.5000,true,1.06480928,0.71074831,count_ge_200,0.00475880,30680,146,1514,56,1458,90,29076,0.036988,0.383562,0.067470,6,3,0.500000,689,12,0.017417
thunderbird,b25e,1,100,256,NONE,EXPECTED_INVERSE_DEPTH,0.0200,0.04934811,2.5000,true,1.06480928,0.71074831,fraction_ge_0.200,0.01450456,30680,445,1514,56,1458,389,28777,0.036988,0.125843,0.057172,202,49,0.242574,689,40,0.058055
thunderbird,b25e,1,100,256,NONE,EXPECTED_INVERSE_DEPTH,0.0200,0.05368318,2.5000,false,1.06480928,0.71074831,count_ge_1,0.19934811,30680,6116,1647,473,1174,5643,23390,0.287189,0.077338,0.121860,449,175,0.389755,678,257,0.379056
thunderbird,b25e,1,100,256,NONE,EXPECTED_INVERSE_DEPTH,0.0200,0.05368318,2.5000,false,1.06480928,0.71074831,count_ge_10,0.17685789,30680,5426,1647,381,1266,5045,23988,0.231330,0.070217,0.107734,157,83,0.528662,678,181,0.266962
thunderbird,b25e,1,100,256,NONE,EXPECTED_INVERSE_DEPTH,0.0200,0.05368318,2.5000,false,1.06480928,0.71074831,count_ge_100,0.01923077,30680,590,1647,107,1540,483,28550,0.064967,0.181356,0.095664,25,13,0.520000,678,37,0.054572
thunderbird,b25e,1,100,256,NONE,EXPECTED_INVERSE_DEPTH,0.0200,0.05368318,2.5000,false,1.06480928,0.71074831,count_ge_200,0.00475880,30680,146,1647,57,1590,89,28944,0.034608,0.390411,0.063581,6,3,0.500000,678,12,0.017699
thunderbird,b25e,1,100,256,NONE,EXPECTED_INVERSE_DEPTH,0.0200,0.05368318,2.5000,false,1.06480928,0.71074831,fraction_ge_0.200,0.01450456,30680,445,1647,59,1588,386,28647,0.035823,0.132584,0.056405,202,49,0.242574,678,39,0.057522
thunderbird,b25e,1,100,256,NONE,EXPECTED_INVERSE_DEPTH,0.0200,0.06052803,2.0000,true,1.01864987,0.71074831,count_ge_1,0.19934811,30680,6116,1857,563,1294,5553,23270,0.303177,0.092054,0.141227,449,183,0.407572,792,308,0.388889
thunderbird,b25e,1,100,256,NONE,EXPECTED_INVERSE_DEPTH,0.0200,0.06052803,2.0000,true,1.01864987,0.71074831,count_ge_10,0.17685789,30680,5426,1857,467,1390,4959,23864,0.251481,0.086067,0.128244,157,85,0.541401,792,227,0.286616
thunderbird,b25e,1,100,256,NONE,EXPECTED_INVERSE_DEPTH,0.0200,0.06052803,2.0000,true,1.01864987,0.71074831,count_ge_100,0.01923077,30680,590,1857,142,1715,448,28375,0.076467,0.240678,0.116060,25,14,0.560000,792,55,0.069444
thunderbird,b25e,1,100,256,NONE,EXPECTED_INVERSE_DEPTH,0.0200,0.06052803,2.0000,true,1.01864987,0.71074831,count_ge_200,0.00475880,30680,146,1857,72,1785,74,28749,0.038772,0.493151,0.071892,6,4,0.666667,792,14,0.017677
thunderbird,b25e,1,100,256,NONE,EXPECTED_INVERSE_DEPTH,0.0200,0.06052803,2.0000,true,1.01864987,0.71074831,fraction_ge_0.200,0.01450456,30680,445,1857,68,1789,377,28446,0.036618,0.152809,0.059079,202,66,0.326733,792,55,0.069444
thunderbird,b25e,1,100,256,NONE,EXPECTED_INVERSE_DEPTH,0.0200,0.06652542,2.0000,false,1.01864987,0.71074831,count_ge_1,0.19934811,30680,6116,2041,620,1421,5496,23143,0.303773,0.101373,0.152017,449,188,0.418708,773,304,0.393273
thunderbird,b25e,1,100,256,NONE,EXPECTED_INVERSE_DEPTH,0.0200,0.06652542,2.0000,false,1.01864987,0.71074831,count_ge_10,0.17685789,30680,5426,2041,516,1525,4910,23729,0.252817,0.095098,0.138208,157,87,0.554140,773,224,0.289780
thunderbird,b25e,1,100,256,NONE,EXPECTED_INVERSE_DEPTH,0.0200,0.06652542,2.0000,false,1.01864987,0.71074831,count_ge_100,0.01923077,30680,590,2041,150,1891,440,28199,0.073493,0.254237,0.114025,25,14,0.560000,773,54,0.069858
thunderbird,b25e,1,100,256,NONE,EXPECTED_INVERSE_DEPTH,0.0200,0.06652542,2.0000,false,1.01864987,0.71074831,count_ge_200,0.00475880,30680,146,2041,74,1967,72,28567,0.036257,0.506849,0.067673,6,4,0.666667,773,14,0.018111
thunderbird,b25e,1,100,256,NONE,EXPECTED_INVERSE_DEPTH,0.0200,0.06652542,2.0000,false,1.01864987,0.71074831,fraction_ge_0.200,0.01450456,30680,445,2041,75,1966,370,28269,0.036747,0.168539,0.060338,202,66,0.326733,773,54,0.069858
thunderbird,b25e,4,100,256,NONE,EXPECTED_INVERSE_DEPTH,0.0010,0.01763364,3.0000,true,1.05483490,0.69997450,count_ge_1,0.19934811,30680,6116,541,166,375,5950,24189,0.306839,0.027142,0.049872,449,95,0.211581,407,170,0.417690
thunderbird,b25e,4,100,256,NONE,EXPECTED_INVERSE_DEPTH,0.0010,0.01763364,3.0000,true,1.05483490,0.69997450,count_ge_10,0.17685789,30680,5426,541,124,417,5302,24837,0.229205,0.022853,0.041562,157,50,0.318471,407,121,0.297297
thunderbird,b25e,4,100,256,NONE,EXPECTED_INVERSE_DEPTH,0.0010,0.01763364,3.0000,true,1.05483490,0.69997450,count_ge_100,0.01923077,30680,590,541,33,508,557,29582,0.060998,0.055932,0.058355,25,6,0.240000,407,32,0.078624
thunderbird,b25e,4,100,256,NONE,EXPECTED_INVERSE_DEPTH,0.0010,0.01763364,3.0000,true,1.05483490,0.69997450,count_ge_200,0.00475880,30680,146,541,21,520,125,30014,0.038817,0.143836,0.061135,6,2,0.333333,407,21,0.051597
thunderbird,b25e,4,100,256,NONE,EXPECTED_INVERSE_DEPTH,0.0010,0.01763364,3.0000,true,1.05483490,0.69997450,fraction_ge_0.200,0.01450456,30680,445,541,26,515,419,29720,0.048059,0.058427,0.052738,202,28,0.138614,407,35,0.085995
thunderbird,b25e,4,100,256,NONE,EXPECTED_INVERSE_DEPTH,0.0010,0.02157757,3.0000,false,1.05498032,0.69997450,count_ge_1,0.19934811,30680,6116,662,195,467,5921,24097,0.294562,0.031884,0.057539,449,102,0.227171,394,171,0.434010
thunderbird,b25e,4,100,256,NONE,EXPECTED_INVERSE_DEPTH,0.0010,0.02157757,3.0000,false,1.05498032,0.69997450,count_ge_10,0.17685789,30680,5426,662,148,514,5278,24740,0.223565,0.027276,0.048620,157,52,0.331210,394,117,0.296954
thunderbird,b25e,4,100,256,NONE,EXPECTED_INVERSE_DEPTH,0.0010,0.02157757,3.0000,false,1.05498032,0.69997450,count_ge_100,0.01923077,30680,590,662,38,624,552,29466,0.057402,0.064407,0.060703,25,6,0.240000,394,31,0.078680
thunderbird,b25e,4,100,256,NONE,EXPECTED_INVERSE_DEPTH,0.0010,0.02157757,3.0000,false,1.05498032,0.69997450,count_ge_200,0.00475880,30680,146,662,24,638,122,29896,0.036254,0.164384,0.059406,6,2,0.333333,394,21,0.053299
thunderbird,b25e,4,100,256,NONE,EXPECTED_INVERSE_DEPTH,0.0010,0.02157757,3.0000,false,1.05498032,0.69997450,fraction_ge_0.200,0.01450456,30680,445,662,29,633,416,29602,0.043807,0.065169,0.052394,202,28,0.138614,394,34,0.086294
thunderbird,b25e,4,100,256,NONE,EXPECTED_INVERSE_DEPTH,0.0010,0.02232725,2.5000,true,1.01497534,0.69997450,count_ge_1,0.19934811,30680,6116,685,211,474,5905,24090,0.308029,0.034500,0.062050,449,113,0.251670,521,213,0.408829
thunderbird,b25e,4,100,256,NONE,EXPECTED_INVERSE_DEPTH,0.0010,0.02232725,2.5000,true,1.01497534,0.69997450,count_ge_10,0.17685789,30680,5426,685,166,519,5260,24735,0.242336,0.030593,0.054328,157,61,0.388535,521,155,0.297505
thunderbird,b25e,4,100,256,NONE,EXPECTED_INVERSE_DEPTH,0.0010,0.02232725,2.5000,true,1.01497534,0.69997450,count_ge_100,0.01923077,30680,590,685,46,639,544,29451,0.067153,0.077966,0.072157,25,9,0.360000,521,39,0.074856
thunderbird,b25e,4,100,256,NONE,EXPECTED_INVERSE_DEPTH,0.0010,0.02232725,2.5000,true,1.01497534,0.69997450,count_ge_200,0.00475880,30680,146,685,24,661,122,29873,0.035036,0.164384,0.057762,6,2,0.333333,521,24,0.046065
thunderbird,b25e,4,100,256,NONE,EXPECTED_INVERSE_DEPTH,0.0010,0.02232725,2.5000,true,1.01497534,0.69997450,fraction_ge_0.200,0.01450456,30680,445,685,30,655,415,29580,0.043796,0.067416,0.053097,202,31,0.153465,521,40,0.076775
thunderbird,b25e,4,100,256,NONE,EXPECTED_INVERSE_DEPTH,0.0010,0.02682529,2.5000,false,1.01507213,0.69997450,count_ge_1,0.19934811,30680,6116,823,250,573,5866,23991,0.303767,0.040876,0.072056,449,120,0.267261,508,212,0.417323
thunderbird,b25e,4,100,256,NONE,EXPECTED_INVERSE_DEPTH,0.0010,0.02682529,2.5000,false,1.01507213,0.69997450,count_ge_10,0.17685789,30680,5426,823,197,626,5229,24628,0.239368,0.036307,0.063050,157,61,0.388535,508,151,0.297244
thunderbird,b25e,4,100,256,NONE,EXPECTED_INVERSE_DEPTH,0.0010,0.02682529,2.5000,false,1.01507213,0.69997450,count_ge_100,0.01923077,30680,590,823,52,771,538,29319,0.063183,0.088136,0.073602,25,9,0.360000,508,39,0.076772
thunderbird,b25e,4,100,256,NONE,EXPECTED_INVERSE_DEPTH,0.0010,0.02682529,2.5000,false,1.01507213,0.69997450,count_ge_200,0.00475880,30680,146,823,27,796,119,29738,0.032807,0.184932,0.055728,6,2,0.333333,508,24,0.047244
thunderbird,b25e,4,100,256,NONE,EXPECTED_INVERSE_DEPTH,0.0010,0.02682529,2.5000,false,1.01507213,0.69997450,fraction_ge_0.200,0.01450456,30680,445,823,35,788,410,29447,0.042527,0.078652,0.055205,202,32,0.158416,508,41,0.080709
thunderbird,b25e,4,100,256,NONE,EXPECTED_INVERSE_DEPTH,0.0010,0.02721643,2.0000,true,0.97525946,0.69997450,count_ge_1,0.19934811,30680,6116,835,259,576,5857,23988,0.310180,0.042348,0.074522,449,120,0.267261,641,253,0.394696
thunderbird,b25e,4,100,256,NONE,EXPECTED_INVERSE_DEPTH,0.0010,0.02721643,2.0000,true,0.97525946,0.69997450,count_ge_10,0.17685789,30680,5426,835,214,621,5212,24633,0.256287,0.039440,0.068360,157,64,0.407643,641,190,0.296412
thunderbird,b25e,4,100,256,NONE,EXPECTED_INVERSE_DEPTH,0.0010,0.02721643,2.0000,true,0.97525946,0.69997450,count_ge_100,0.01923077,30680,590,835,56,779,534,29311,0.067066,0.094915,0.078596,25,9,0.360000,641,46,0.071763
thunderbird,b25e,4,100,256,NONE,EXPECTED_INVERSE_DEPTH,0.0010,0.02721643,2.0000,true,0.97525946,0.69997450,count_ge_200,0.00475880,30680,146,835,28,807,118,29727,0.033533,0.191781,0.057085,6,2,0.333333,641,26,0.040562
thunderbird,b25e,4,100,256,NONE,EXPECTED_INVERSE_DEPTH,0.0010,0.02721643,2.0000,true,0.97525946,0.69997450,fraction_ge_0.200,0.01450456,30680,445,835,39,796,406,29439,0.046707,0.087640,0.060938,202,39,0.193069,641,50,0.078003
thunderbird,b25e,4,100,256,NONE,EXPECTED_INVERSE_DEPTH,0.0010,0.03262712,2.0000,false,0.97535482,0.69997450,count_ge_1,0.19934811,30680,6116,1001,297,704,5819,23860,0.296703,0.048561,0.083462,449,126,0.280624,620,249,0.401613
thunderbird,b25e,4,100,256,NONE,EXPECTED_INVERSE_DEPTH,0.0010,0.03262712,2.0000,false,0.97535482,0.69997450,count_ge_10,0.17685789,30680,5426,1001,245,756,5181,24498,0.244755,0.045153,0.076241,157,64,0.407643,620,183,0.295161
thunderbird,b25e,4,100,256,NONE,EXPECTED_INVERSE_DEPTH,0.0010,0.03262712,2.0000,false,0.97535482,0.69997450,count_ge_100,0.01923077,30680,590,1001,59,942,531,29148,0.058941,0.100000,0.074167,25,9,0.360000,620,46,0.074194
thunderbird,b25e,4,100,256,NONE,EXPECTED_INVERSE_DEPTH,0.0010,0.03262712,2.0000,false,0.97535482,0.69997450,count_ge_200,0.00475880,30680,146,1001,28,973,118,29561,0.027972,0.191781,0.048823,6,2,0.333333,620,26,0.041935
thunderbird,b25e,4,100,256,NONE,EXPECTED_INVERSE_DEPTH,0.0010,0.03262712,2.0000,false,0.97535482,0.69997450,fraction_ge_0.200,0.01450456,30680,445,1001,40,961,405,29274,0.039960,0.089888,0.055325,202,39,0.193069,620,50,0.080645
thunderbird,b25e,4,100,256,NONE,EXPECTED_INVERSE_DEPTH,0.0020,0.01740548,3.0000,true,1.05581910,0.69997450,count_ge_1,0.19934811,30680,6116,534,165,369,5951,24195,0.308989,0.026978,0.049624,449,96,0.213808,405,169,0.417284
thunderbird,b25e,4,100,256,NONE,EXPECTED_INVERSE_DEPTH,0.0020,0.01740548,3.0000,true,1.05581910,0.69997450,count_ge_10,0.17685789,30680,5426,534,124,410,5302,24844,0.232210,0.022853,0.041611,157,50,0.318471,405,119,0.293827
thunderbird,b25e,4,100,256,NONE,EXPECTED_INVERSE_DEPTH,0.0020,0.01740548,3.0000,true,1.05581910,0.69997450,count_ge_100,0.01923077,30680,590,534,33,501,557,29589,0.061798,0.055932,0.058719,25,6,0.240000,405,33,0.081481
thunderbird,b25e,4,100,256,NONE,EXPECTED_INVERSE_DEPTH,0.0020,0.01740548,3.0000,true,1.05581910,0.69997450,count_ge_200,0.00475880,30680,146,534,21,513,125,30021,0.039326,0.143836,0.061765,6,2,0.333333,405,21,0.051852
thunderbird,b25e,4,100,256,NONE,EXPECTED_INVERSE_DEPTH,0.0020,0.01740548,3.0000,true,1.05581910,0.69997450,fraction_ge_0.200,0.01450456,30680,445,534,28,506,417,29729,0.052434,0.062921,0.057201,202,27,0.133663,405,35,0.086420
thunderbird,b25e,4,100,256,NONE,EXPECTED_INVERSE_DEPTH,0.0020,0.02128422,3.0000,false,1.05592747,0.69997450,count_ge_1,0.19934811,30680,6116,653,193,460,5923,24104,0.295559,0.031557,0.057025,449,102,0.227171,390,169,0.433333
thunderbird,b25e,4,100,256,NONE,EXPECTED_INVERSE_DEPTH,0.0020,0.02128422,3.0000,false,1.05592747,0.69997450,count_ge_10,0.17685789,30680,5426,653,148,505,5278,24749,0.226646,0.027276,0.048692,157,52,0.331210,390,115,0.294872
thunderbird,b25e,4,100,256,NONE,EXPECTED_INVERSE_DEPTH,0.0020,0.02128422,3.0000,false,1.05592747,0.69997450,count_ge_100,0.01923077,30680,590,653,38,615,552,29475,0.058193,0.064407,0.061142,25,6,0.240000,390,31,0.079487
thunderbird,b25e,4,100,256,NONE,EXPECTED_INVERSE_DEPTH,0.0020,0.02128422,3.0000,false,1.05592747,0.69997450,count_ge_200,0.00475880,30680,146,653,24,629,122,29905,0.036753,0.164384,0.060075,6,2,0.333333,390,21,0.053846
thunderbird,b25e,4,100,256,NONE,EXPECTED_INVERSE_DEPTH,0.0020,0.02128422,3.0000,false,1.05592747,0.69997450,fraction_ge_0.200,0.01450456,30680,445,653,31,622,414,29613,0.047473,0.069663,0.056466,202,28,0.138614,390,34,0.087179
thunderbird,b25e,4,100,256,NONE,EXPECTED_INVERSE_DEPTH,0.0020,0.02187093,2.5000,true,1.01564487,0.69997450,count_ge_1,0.19934811,30680,6116,671,204,467,5912,24097,0.304024,0.033355,0.060115,449,113,0.251670,512,207,0.404297
thunderbird,b25e,4,100,256,NONE,EXPECTED_INVERSE_DEPTH,0.0020,0.02187093,2.5000,true,1.01564487,0.69997450,count_ge_10,0.17685789,30680,5426,671,160,511,5266,24743,0.238450,0.029488,0.052485,157,61,0.388535,512,150,0.292969
thunderbird,b25e,4,100,256,NONE,EXPECTED_INVERSE_DEPTH,0.0020,0.02187093,2.5000,true,1.01564487,0.69997450,count_ge_100,0.01923077,30680,590,671,46,625,544,29465,0.068554,0.077966,0.072958,25,9,0.360000,512,39,0.076172
thunderbird,b25e,4,100,256,NONE,EXPECTED_INVERSE_DEPTH,0.0020,0.02187093,2.5000,true,1.01564487,0.69997450,count_ge_200,0.00475880,30680,146,671,24,647,122,29887,0.035768,0.164384,0.058752,6,2,0.333333,512,24,0.046875
thunderbird,b25e,4,100,256,NONE,EXPECTED_INVERSE_DEPTH,0.0020,0.02187093,2.5000,true,1.01564487,0.69997450,fraction_ge_0.200,0.01450456,30680,445,671,30,641,415,29594,0.044709,0.067416,0.053763,202,30,0.148515,512,39,0.076172
thunderbird,b25e,4,100,256,NONE,EXPECTED_INVERSE_DEPTH,0.0020,0.02633638,2.5000,false,1.01573807,0.69997450,count_ge_1,0.19934811,30680,6116,808,245,563,5871,24001,0.303218,0.040059,0.070768,449,120,0.267261,497,207,0.416499
thunderbird,b25e,4,100,256,NONE,EXPECTED_INVERSE_DEPTH,0.0020,0.02633638,2.5000,false,1.01573807,0.69997450,count_ge_10,0.17685789,30680,5426,808,192,616,5234,24638,0.237624,0.035385,0.061598,157,61,0.388535,497,146,0.293763
thunderbird,b25e,4,100,256,NONE,EXPECTED_INVERSE_DEPTH,0.0020,0.02633638,2.5000,false,1.01573807,0.69997450,count_ge_100,0.01923077,30680,590,808,52,756,538,29334,0.064356,0.088136,0.074392,25,9,0.360000,497,39,0.078471
thunderbird,b25e,4,100,256,NONE,EXPECTED_INVERSE_DEPTH,0.0020,0.02633638,2.5000,false,1.01573807,0.69997450,count_ge_200,0.00475880,30680,146,808,27,781,119,29753,0.033416,0.184932,0.056604,6,2,0.333333,497,24,0.048290
thunderbird,b25e,4,100,256,NONE,EXPECTED_INVERSE_DEPTH,0.0020,0.02633638,2.5000,false,1.01573807,0.69997450,fraction_ge_0.200,0.01450456,30680,445,808,35,773,410,29462,0.043317,0.078652,0.055866,202,31,0.153465,497,40,0.080483
thunderbird,b25e,4,100,256,NONE,EXPECTED_INVERSE_DEPTH,0.0020,0.02721643,2.0000,true,0.97567859,0.69997450,count_ge_1,0.19934811,30680,6116,835,258,577,5858,23987,0.308982,0.042184,0.074234,449,121,0.269488,642,255,0.397196
thunderbird,b25e,4,100,256,NONE,EXPECTED_INVERSE_DEPTH,0.0020,0.02721643,2.0000,true,0.97567859,0.69997450,count_ge_10,0.17685789,30680,5426,835,214,621,5212,24633,0.256287,0.039440,0.068360,157,65,0.414013,642,192,0.299065
thunderbird,b25e,4,100,256,NONE,EXPECTED_INVERSE_DEPTH,0.0020,0.02721643,2.0000,true,0.97567859,0.69997450,count_ge_100,0.01923077,30680,590,835,56,779,534,29311,0.067066,0.094915,0.078596,25,9,0.360000,642,46,0.071651
thunderbird,b25e,4,100,256,NONE,EXPECTED_INVERSE_DEPTH,0.0020,0.02721643,2.0000,true,0.97567859,0.69997450,count_ge_200,0.00475880,30680,146,835,28,807,118,29727,0.033533,0.191781,0.057085,6,2,0.333333,642,26,0.040498
thunderbird,b25e,4,100,256,NONE,EXPECTED_INVERSE_DEPTH,0.0020,0.02721643,2.0000,true,0.97567859,0.69997450,fraction_ge_0.200,0.01450456,30680,445,835,38,797,407,29438,0.045509,0.085393,0.059375,202,39,0.193069,642,50,0.077882
thunderbird,b25e,4,100,256,NONE,EXPECTED_INVERSE_DEPTH,0.0020,0.03259452,2.0000,false,0.97578426,0.69997450,count_ge_1,0.19934811,30680,6116,1000,296,704,5820,23860,0.296000,0.048398,0.083193,449,127,0.282851,621,251,0.404187
thunderbird,b25e,4,100,256,NONE,EXPECTED_INVERSE_DEPTH,0.0020,0.03259452,2.0000,false,0.97578426,0.69997450,count_ge_10,0.17685789,30680,5426,1000,245,755,5181,24499,0.245000,0.045153,0.076253,157,65,0.414013,621,185,0.297907
thunderbird,b25e,4,100,256,NONE,EXPECTED_INVERSE_DEPTH,0.0020,0.03259452,2.0000,false,0.97578426,0.69997450,count_ge_100,0.01923077,30680,590,1000,59,941,531,29149,0.059000,0.100000,0.074214,25,9,0.360000,621,46,0.074074
thunderbird,b25e,4,100,256,NONE,EXPECTED_INVERSE_DEPTH,0.0020,0.03259452,2.0000,false,0.97578426,0.69997450,count_ge_200,0.00475880,30680,146,1000,28,972,118,29562,0.028000,0.191781,0.048866,6,2,0.333333,621,26,0.041868
thunderbird,b25e,4,100,256,NONE,EXPECTED_INVERSE_DEPTH,0.0020,0.03259452,2.0000,false,0.97578426,0.69997450,fraction_ge_0.200,0.01450456,30680,445,1000,39,961,406,29274,0.039000,0.087640,0.053979,202,39,0.193069,621,50,0.080515
thunderbird,b25e,4,100,256,NONE,EXPECTED_INVERSE_DEPTH,0.0050,0.01730769,3.0000,true,1.05649017,0.69997450,count_ge_1,0.19934811,30680,6116,531,169,362,5947,24202,0.318267,0.027632,0.050850,449,99,0.220490,400,170,0.425000
thunderbird,b25e,4,100,256,NONE,EXPECTED_INVERSE_DEPTH,0.0050,0.01730769,3.0000,true,1.05649017,0.69997450,count_ge_10,0.17685789,30680,5426,531,128,403,5298,24851,0.241055,0.023590,0.042975,157,53,0.337580,400,120,0.300000
thunderbird,b25e,4,100,256,NONE,EXPECTED_INVERSE_DEPTH,0.0050,0.01730769,3.0000,true,1.05649017,0.69997450,count_ge_100,0.01923077,30680,590,531,33,498,557,29592,0.062147,0.055932,0.058876,25,6,0.240000,400,33,0.082500
thunderbird,b25e,4,100,256,NONE,EXPECTED_INVERSE_DEPTH,0.0050,0.01730769,3.0000,true,1.05649017,0.69997450,count_ge_200,0.00475880,30680,146,531,21,510,125,30024,0.039548,0.143836,0.062038,6,2,0.333333,400,21,0.052500
thunderbird,b25e,4,100,256,NONE,EXPECTED_INVERSE_DEPTH,0.0050,0.01730769,3.0000,true,1.05649017,0.69997450,fraction_ge_0.200,0.01450456,30680,445,531,28,503,417,29732,0.052731,0.062921,0.057377,202,27,0.133663,400,35,0.087500
thunderbird,b25e,4,100,256,NONE,EXPECTED_INVERSE_DEPTH,0.0050,0.02105606,3.0000,false,1.05658601,0.69997450,count_ge_1,0.19934811,30680,6116,646,198,448,5918,24116,0.306502,0.032374,0.058563,449,104,0.231626,388,171,0.440722
thunderbird,b25e,4,100,256,NONE,EXPECTED_INVERSE_DEPTH,0.0050,0.02105606,3.0000,false,1.05658601,0.69997450,count_ge_10,0.17685789,30680,5426,646,152,494,5274,24760,0.235294,0.028013,0.050066,157,54,0.343949,388,117,0.301546
thunderbird,b25e,4,100,256,NONE,EXPECTED_INVERSE_DEPTH,0.0050,0.02105606,3.0000,false,1.05658601,0.69997450,count_ge_100,0.01923077,30680,590,646,38,608,552,29482,0.058824,0.064407,0.061489,25,6,0.240000,388,31,0.079897
thunderbird,b25e,4,100,256,NONE,EXPECTED_INVERSE_DEPTH,0.0050,0.02105606,3.0000,false,1.05658601,0.69997450,count_ge_200,0.00475880,30680,146,646,24,622,122,29912,0.037152,0.164384,0.060606,6,2,0.333333,388,21,0.054124
thunderbird,b25e,4,100,256,NONE,EXPECTED_INVERSE_DEPTH,0.0050,0.02105606,3.0000,false,1.05658601,0.69997450,fraction_ge_0.200,0.01450456,30680,445,646,31,615,414,29620,0.047988,0.069663,0.056829,202,28,0.138614,388,34,0.087629
thunderbird,b25e,4,100,256,NONE,EXPECTED_INVERSE_DEPTH,0.0050,0.02144720,2.5000,true,1.01615258,0.69997450,count_ge_1,0.19934811,30680,6116,658,208,450,5908,24114,0.316109,0.034009,0.061411,449,113,0.251670,499,207,0.414830
thunderbird,b25e,4,100,256,NONE,EXPECTED_INVERSE_DEPTH,0.0050,0.02144720,2.5000,true,1.01615258,0.69997450,count_ge_10,0.17685789,30680,5426,658,162,496,5264,24758,0.246201,0.029856,0.053254,157,61,0.388535,499,151,0.302605
thunderbird,b25e,4,100,256,NONE,EXPECTED_INVERSE_DEPTH,0.0050,0.02144720,2.5000,true,1.01615258,0.69997450,count_ge_100,0.01923077,30680,590,658,46,612,544,29478,0.069909,0.077966,0.073718,25,9,0.360000,499,39,0.078156
thunderbird,b25e,4,100,256,NONE,EXPECTED_INVERSE_DEPTH,0.0050,0.02144720,2.5000,true,1.01615258,0.69997450,count_ge_200,0.00475880,30680,146,658,24,634,122,29900,0.036474,0.164384,0.059701,6,2,0.333333,499,24,0.048096
thunderbird,b25e,4,100,256,NONE,EXPECTED_INVERSE_DEPTH,0.0050,0.02144720,2.5000,true,1.01615258,0.69997450,fraction_ge_0.200,0.01450456,30680,445,658,30,628,415,29607,0.045593,0.067416,0.054397,202,30,0.148515,499,39,0.078156
thunderbird,b25e,4,100,256,NONE,EXPECTED_INVERSE_DEPTH,0.0050,0.02581486,2.5000,false,1.01623042,0.69997450,count_ge_1,0.19934811,30680,6116,792,245,547,5871,24017,0.309343,0.040059,0.070932,449,119,0.265033,487,207,0.425051
thunderbird,b25e,4,100,256,NONE,EXPECTED_INVERSE_DEPTH,0.0050,0.02581486,2.5000,false,1.01623042,0.69997450,count_ge_10,0.17685789,30680,5426,792,193,599,5233,24655,0.243687,0.035569,0.062078,157,61,0.388535,487,147,0.301848
thunderbird,b25e,4,100,256,NONE,EXPECTED_INVERSE_DEPTH,0.0050,0.02581486,2.5000,false,1.01623042,0.69997450,count_ge_100,0.01923077,30680,590,792,53,739,537,29351,0.066919,0.089831,0.076700,25,9,0.360000,487,40,0.082136
thunderbird,b25e,4,100,256,NONE,EXPECTED_INVERSE_DEPTH,0.0050,0.02581486,2.5000,false,1.01623042,0.69997450,count_ge_200,0.00475880,30680,146,792,27,765,119,29769,0.034091,0.184932,0.057569,6,2,0.333333,487,24,0.049281
thunderbird,b25e,4,100,256,NONE,EXPECTED_INVERSE_DEPTH,0.0050,0.02581486,2.5000,false,1.01623042,0.69997450,fraction_ge_0.200,0.01450456,30680,445,792,35,757,410,29478,0.044192,0.078652,0.056589,202,31,0.153465,487,40,0.082136
thunderbird,b25e,4,100,256,NONE,EXPECTED_INVERSE_DEPTH,0.0050,0.02721643,2.0000,true,0.97602267,0.69997450,count_ge_1,0.19934811,30680,6116,835,259,576,5857,23988,0.310180,0.042348,0.074522,449,121,0.269488,642,254,0.395639
thunderbird,b25e,4,100,256,NONE,EXPECTED_INVERSE_DEPTH,0.0050,0.02721643,2.0000,true,0.97602267,0.69997450,count_ge_10,0.17685789,30680,5426,835,214,621,5212,24633,0.256287,0.039440,0.068360,157,65,0.414013,642,192,0.299065
thunderbird,b25e,4,100,256,NONE,EXPECTED_INVERSE_DEPTH,0.0050,0.02721643,2.0000,true,0.97602267,0.69997450,count_ge_100,0.01923077,30680,590,835,56,779,534,29311,0.067066,0.094915,0.078596,25,9,0.360000,642,46,0.071651
thunderbird,b25e,4,100,256,NONE,EXPECTED_INVERSE_DEPTH,0.0050,0.02721643,2.0000,true,0.97602267,0.69997450,count_ge_200,0.00475880,30680,146,835,28,807,118,29727,0.033533,0.191781,0.057085,6,2,0.333333,642,26,0.040498
thunderbird,b25e,4,100,256,NONE,EXPECTED_INVERSE_DEPTH,0.0050,0.02721643,2.0000,true,0.97602267,0.69997450,fraction_ge_0.200,0.01450456,30680,445,835,38,797,407,29438,0.045509,0.085393,0.059375,202,39,0.193069,642,49,0.076324
thunderbird,b25e,4,100,256,NONE,EXPECTED_INVERSE_DEPTH,0.0050,0.03256193,2.0000,false,0.97612582,0.69997450,count_ge_1,0.19934811,30680,6116,999,298,701,5818,23863,0.298298,0.048725,0.083767,449,128,0.285078,620,250,0.403226
thunderbird,b25e,4,100,256,NONE,EXPECTED_INVERSE_DEPTH,0.0050,0.03256193,2.0000,false,0.97612582,0.69997450,count_ge_10,0.17685789,30680,5426,999,247,752,5179,24502,0.247247,0.045522,0.076887,157,65,0.414013,620,185,0.298387
thunderbird,b25e,4,100,256,NONE,EXPECTED_INVERSE_DEPTH,0.0050,0.03256193,2.0000,false,0.97612582,0.69997450,count_ge_100,0.01923077,30680,590,999,60,939,530,29151,0.060060,0.101695,0.075519,25,9,0.360000,620,45,0.072581
thunderbird,b25e,4,100,256,NONE,EXPECTED_INVERSE_DEPTH,0.0050,0.03256193,2.0000,false,0.97612582,0.69997450,count_ge_200,0.00475880,30680,146,999,28,971,118,29563,0.028028,0.191781,0.048908,6,2,0.333333,620,26,0.041935
thunderbird,b25e,4,100,256,NONE,EXPECTED_INVERSE_DEPTH,0.0050,0.03256193,2.0000,false,0.97612582,0.69997450,fraction_ge_0.200,0.01450456,30680,445,999,39,960,406,29275,0.039039,0.087640,0.054017,202,39,0.193069,620,49,0.079032
thunderbird,b25e,4,100,256,NONE,EXPECTED_INVERSE_DEPTH,0.0100,0.01717731,3.0000,true,1.05662220,0.69997450,count_ge_1,0.19934811,30680,6116,527,168,359,5948,24205,0.318786,0.027469,0.050580,449,97,0.216036,392,169,0.431122
thunderbird,b25e,4,100,256,NONE,EXPECTED_INVERSE_DEPTH,0.0100,0.01717731,3.0000,true,1.05662220,0.69997450,count_ge_10,0.17685789,30680,5426,527,129,398,5297,24856,0.244782,0.023774,0.043339,157,53,0.337580,392,121,0.308673
thunderbird,b25e,4,100,256,NONE,EXPECTED_INVERSE_DEPTH,0.0100,0.01717731,3.0000,true,1.05662220,0.69997450,count_ge_100,0.01923077,30680,590,527,33,494,557,29596,0.062619,0.055932,0.059087,25,6,0.240000,392,33,0.084184
thunderbird,b25e,4,100,256,NONE,EXPECTED_INVERSE_DEPTH,0.0100,0.01717731,3.0000,true,1.05662220,0.69997450,count_ge_200,0.00475880,30680,146,527,21,506,125,30028,0.039848,0.143836,0.062407,6,2,0.333333,392,21,0.053571
thunderbird,b25e,4,100,256,NONE,EXPECTED_INVERSE_DEPTH,0.0100,0.01717731,3.0000,true,1.05662220,0.69997450,fraction_ge_0.200,0.01450456,30680,445,527,28,499,417,29736,0.053131,0.062921,0.057613,202,27,0.133663,392,35,0.089286
thunderbird,b25e,4,100,256,NONE,EXPECTED_INVERSE_DEPTH,0.0100,0.02079531,3.0000,false,1.05670995,0.69997450,count_ge_1,0.19934811,30680,6116,638,195,443,5921,24121,0.305643,0.031884,0.057744,449,102,0.227171,379,169,0.445910
thunderbird,b25e,4,100,256,NONE,EXPECTED_INVERSE_DEPTH,0.0100,0.02079531,3.0000,false,1.05670995,0.69997450,count_ge_10,0.17685789,30680,5426,638,152,486,5274,24768,0.238245,0.028013,0.050132,157,54,0.343949,379,117,0.308707
thunderbird,b25e,4,100,256,NONE,EXPECTED_INVERSE_DEPTH,0.0100,0.02079531,3.0000,false,1.05670995,0.69997450,count_ge_100,0.01923077,30680,590,638,38,600,552,29490,0.059561,0.064407,0.061889,25,6,0.240000,379,31,0.081794
thunderbird,b25e,4,100,256,NONE,EXPECTED_INVERSE_DEPTH,0.0100,0.02079531,3.0000,false,1.05670995,0.69997450,count_ge_200,0.00475880,30680,146,638,24,614,122,29920,0.037618,0.164384,0.061224,6,2,0.333333,379,21,0.055409
thunderbird,b25e,4,100,256,NONE,EXPECTED_INVERSE_DEPTH,0.0100,0.02079531,3.0000,false,1.05670995,0.69997450,fraction_ge_0.200,0.01450456,30680,445,638,31,607,414,29628,0.048589,0.069663,0.057248,202,28,0.138614,379,34,0.089710
thunderbird,b25e,4,100,256,NONE,EXPECTED_INVERSE_DEPTH,0.0100,0.02112125,2.5000,true,1.01623566,0.69997450,count_ge_1,0.19934811,30680,6116,648,209,439,5907,24125,0.322531,0.034173,0.061798,449,110,0.244989,493,205,0.415822
thunderbird,b25e,4,100,256,NONE,EXPECTED_INVERSE_DEPTH,0.0100,0.02112125,2.5000,true,1.01623566,0.69997450,count_ge_10,0.17685789,30680,5426,648,164,484,5262,24770,0.253086,0.030225,0.054001,157,58,0.369427,493,148,0.300203
thunderbird,b25e,4,100,256,NONE,EXPECTED_INVERSE_DEPTH,0.0100,0.02112125,2.5000,true,1.01623566,0.69997450,count_ge_100,0.01923077,30680,590,648,47,601,543,29489,0.072531,0.079661,0.075929,25,9,0.360000,493,40,0.081136
thunderbird,b25e,4,100,256,NONE,EXPECTED_INVERSE_DEPTH,0.0100,0.02112125,2.5000,true,1.01623566,0.69997450,count_ge_200,0.00475880,30680,146,648,24,624,122,29910,0.037037,0.164384,0.060453,6,2,0.333333,493,24,0.048682
thunderbird,b25e,4,100,256,NONE,EXPECTED_INVERSE_DEPTH,0.0100,0.02112125,2.5000,true,1.01623566,0.69997450,fraction_ge_0.200,0.01450456,30680,445,648,30,618,415,29617,0.046296,0.067416,0.054895,202,31,0.153465,493,40,0.081136
thunderbird,b25e,4,100,256,NONE,EXPECTED_INVERSE_DEPTH,0.0100,0.02545632,2.5000,false,1.01629490,0.69997450,count_ge_1,0.19934811,30680,6116,781,246,535,5870,24029,0.314981,0.040222,0.071335,449,117,0.260579,482,205,0.425311
thunderbird,b25e,4,100,256,NONE,EXPECTED_INVERSE_DEPTH,0.0100,0.02545632,2.5000,false,1.01629490,0.69997450,count_ge_10,0.17685789,30680,5426,781,195,586,5231,24668,0.249680,0.035938,0.062832,157,60,0.382166,482,145,0.300830
thunderbird,b25e,4,100,256,NONE,EXPECTED_INVERSE_DEPTH,0.0100,0.02545632,2.5000,false,1.01629490,0.69997450,count_ge_100,0.01923077,30680,590,781,53,728,537,29362,0.067862,0.089831,0.077316,25,9,0.360000,482,40,0.082988
thunderbird,b25e,4,100,256,NONE,EXPECTED_INVERSE_DEPTH,0.0100,0.02545632,2.5000,false,1.01629490,0.69997450,count_ge_200,0.00475880,30680,146,781,27,754,119,29780,0.034571,0.184932,0.058252,6,2,0.333333,482,24,0.049793
thunderbird,b25e,4,100,256,NONE,EXPECTED_INVERSE_DEPTH,0.0100,0.02545632,2.5000,false,1.01629490,0.69997450,fraction_ge_0.200,0.01450456,30680,445,781,35,746,410,29489,0.044814,0.078652,0.057096,202,32,0.158416,482,41,0.085062
thunderbird,b25e,4,100,256,NONE,EXPECTED_INVERSE_DEPTH,0.0100,0.02689048,2.0000,true,0.97605076,0.69997450,count_ge_1,0.19934811,30680,6116,825,258,567,5858,23997,0.312727,0.042184,0.074341,449,120,0.267261,630,251,0.398413
thunderbird,b25e,4,100,256,NONE,EXPECTED_INVERSE_DEPTH,0.0100,0.02689048,2.0000,true,0.97605076,0.69997450,count_ge_10,0.17685789,30680,5426,825,213,612,5213,24642,0.258182,0.039255,0.068149,157,64,0.407643,630,190,0.301587
thunderbird,b25e,4,100,256,NONE,EXPECTED_INVERSE_DEPTH,0.0100,0.02689048,2.0000,true,0.97605076,0.69997450,count_ge_100,0.01923077,30680,590,825,56,769,534,29321,0.067879,0.094915,0.079152,25,9,0.360000,630,46,0.073016
thunderbird,b25e,4,100,256,NONE,EXPECTED_INVERSE_DEPTH,0.0100,0.02689048,2.0000,true,0.97605076,0.69997450,count_ge_200,0.00475880,30680,146,825,28,797,118,29737,0.033939,0.191781,0.057673,6,2,0.333333,630,26,0.041270
thunderbird,b25e,4,100,256,NONE,EXPECTED_INVERSE_DEPTH,0.0100,0.02689048,2.0000,true,0.97605076,0.69997450,fraction_ge_0.200,0.01450456,30680,445,825,38,787,407,29448,0.046061,0.085393,0.059843,202,39,0.193069,630,49,0.077778
thunderbird,b25e,4,100,256,NONE,EXPECTED_INVERSE_DEPTH,0.0100,0.03230117,2.0000,false,0.97614583,0.69997450,count_ge_1,0.19934811,30680,6116,991,299,692,5817,23872,0.301715,0.048888,0.084142,449,127,0.282851,611,247,0.404255
thunderbird,b25e,4,100,256,NONE,EXPECTED_INVERSE_DEPTH,0.0100,0.03230117,2.0000,false,0.97614583,0.69997450,count_ge_10,0.17685789,30680,5426,991,246,745,5180,24509,0.248234,0.045337,0.076671,157,64,0.407643,611,183,0.299509
thunderbird,b25e,4,100,256,NONE,EXPECTED_INVERSE_DEPTH,0.0100,0.03230117,2.0000,false,0.97614583,0.69997450,count_ge_100,0.01923077,30680,590,991,60,931,530,29159,0.060545,0.101695,0.075901,25,9,0.360000,611,45,0.073650
thunderbird,b25e,4,100,256,NONE,EXPECTED_INVERSE_DEPTH,0.0100,0.03230117,2.0000,false,0.97614583,0.69997450,count_ge_200,0.00475880,30680,146,991,28,963,118,29571,0.028254,0.191781,0.049252,6,2,0.333333,611,26,0.042553
thunderbird,b25e,4,100,256,NONE,EXPECTED_INVERSE_DEPTH,0.0100,0.03230117,2.0000,false,0.97614583,0.69997450,fraction_ge_0.200,0.01450456,30680,445,991,39,952,406,29283,0.039354,0.087640,0.054318,202,39,0.193069,611,49,0.080196
thunderbird,b25e,4,100,256,NONE,EXPECTED_INVERSE_DEPTH,0.0200,0.01691656,3.0000,true,1.05625673,0.69997450,count_ge_1,0.19934811,30680,6116,519,168,351,5948,24213,0.323699,0.027469,0.050641,449,92,0.204900,386,167,0.432642
thunderbird,b25e,4,100,256,NONE,EXPECTED_INVERSE_DEPTH,0.0200,0.01691656,3.0000,true,1.05625673,0.69997450,count_ge_10,0.17685789,30680,5426,519,130,389,5296,24865,0.250482,0.023959,0.043734,157,52,0.331210,386,122,0.316062
thunderbird,b25e,4,100,256,NONE,EXPECTED_INVERSE_DEPTH,0.0200,0.01691656,3.0000,true,1.05625673,0.69997450,count_ge_100,0.01923077,30680,590,519,33,486,557,29604,0.063584,0.055932,0.059513,25,6,0.240000,386,33,0.085492
thunderbird,b25e,4,100,256,NONE,EXPECTED_INVERSE_DEPTH,0.0200,0.01691656,3.0000,true,1.05625673,0.69997450,count_ge_200,0.00475880,30680,146,519,21,498,125,30036,0.040462,0.143836,0.063158,6,2,0.333333,386,21,0.054404
thunderbird,b25e,4,100,256,NONE,EXPECTED_INVERSE_DEPTH,0.0200,0.01691656,3.0000,true,1.05625673,0.69997450,fraction_ge_0.200,0.01450456,30680,445,519,28,491,417,29744,0.053950,0.062921,0.058091,202,27,0.133663,386,35,0.090674
thunderbird,b25e,4,100,256,NONE,EXPECTED_INVERSE_DEPTH,0.0200,0.02033898,3.0000,false,1.05636798,0.69997450,count_ge_1,0.19934811,30680,6116,624,195,429,5921,24135,0.312500,0.031884,0.057864,449,97,0.216036,374,167,0.446524
thunderbird,b25e,4,100,256,NONE,EXPECTED_INVERSE_DEPTH,0.0200,0.02033898,3.0000,false,1.05636798,0.69997450,count_ge_10,0.17685789,30680,5426,624,152,472,5274,24782,0.243590,0.028013,0.050248,157,53,0.337580,374,118,0.315508
thunderbird,b25e,4,100,256,NONE,EXPECTED_INVERSE_DEPTH,0.0200,0.02033898,3.0000,false,1.05636798,0.69997450,count_ge_100,0.01923077,30680,590,624,38,586,552,29504,0.060897,0.064407,0.062603,25,6,0.240000,374,31,0.082888
thunderbird,b25e,4,100,256,NONE,EXPECTED_INVERSE_DEPTH,0.0200,0.02033898,3.0000,false,1.05636798,0.69997450,count_ge_200,0.00475880,30680,146,624,24,600,122,29934,0.038462,0.164384,0.062338,6,2,0.333333,374,21,0.056150
thunderbird,b25e,4,100,256,NONE,EXPECTED_INVERSE_DEPTH,0.0200,0.02033898,3.0000,false,1.05636798,0.69997450,fraction_ge_0.200,0.01450456,30680,445,624,31,593,414,29642,0.049679,0.069663,0.057998,202,28,0.138614,374,34,0.090909
thunderbird,b25e,4,100,256,NONE,EXPECTED_INVERSE_DEPTH,0.0200,0.02108866,2.5000,true,1.01604803,0.69997450,count_ge_1,0.19934811,30680,6116,647,207,440,5909,24124,0.319938,0.033846,0.061215,449,108,0.240535,493,201,0.407708
thunderbird,b25e,4,100,256,NONE,EXPECTED_INVERSE_DEPTH,0.0200,0.02108866,2.5000,true,1.01604803,0.69997450,count_ge_10,0.17685789,30680,5426,647,162,485,5264,24769,0.250386,0.029856,0.053351,157,58,0.369427,493,146,0.296146
thunderbird,b25e,4,100,256,NONE,EXPECTED_INVERSE_DEPTH,0.0200,0.02108866,2.5000,true,1.01604803,0.69997450,count_ge_100,0.01923077,30680,590,647,47,600,543,29490,0.072643,0.079661,0.075990,25,9,0.360000,493,40,0.081136
thunderbird,b25e,4,100,256,NONE,EXPECTED_INVERSE_DEPTH,0.0200,0.02108866,2.5000,true,1.01604803,0.69997450,count_ge_200,0.00475880,30680,146,647,24,623,122,29911,0.037094,0.164384,0.060530,6,2,0.333333,493,24,0.048682
thunderbird,b25e,4,100,256,NONE,EXPECTED_INVERSE_DEPTH,0.0200,0.02108866,2.5000,true,1.01604803,0.69997450,fraction_ge_0.200,0.01450456,30680,445,647,30,617,415,29618,0.046368,0.067416,0.054945,202,30,0.148515,493,39,0.079108
thunderbird,b25e,4,100,256,NONE,EXPECTED_INVERSE_DEPTH,0.0200,0.02542373,2.5000,false,1.01609029,0.69997450,count_ge_1,0.19934811,30680,6116,780,243,537,5873,24027,0.311538,0.039732,0.070476,449,115,0.256125,483,202,0.418219
thunderbird,b25e,4,100,256,NONE,EXPECTED_INVERSE_DEPTH,0.0200,0.02542373,2.5000,false,1.01609029,0.69997450,count_ge_10,0.17685789,30680,5426,780,192,588,5234,24666,0.246154,0.035385,0.061876,157,60,0.382166,483,144,0.298137
thunderbird,b25e,4,100,256,NONE,EXPECTED_INVERSE_DEPTH,0.0200,0.02542373,2.5000,false,1.01609029,0.69997450,count_ge_100,0.01923077,30680,590,780,53,727,537,29363,0.067949,0.089831,0.077372,25,9,0.360000,483,40,0.082816
thunderbird,b25e,4,100,256,NONE,EXPECTED_INVERSE_DEPTH,0.0200,0.02542373,2.5000,false,1.01609029,0.69997450,count_ge_200,0.00475880,30680,146,780,27,753,119,29781,0.034615,0.184932,0.058315,6,2,0.333333,483,24,0.049689
thunderbird,b25e,4,100,256,NONE,EXPECTED_INVERSE_DEPTH,0.0200,0.02542373,2.5000,false,1.01609029,0.69997450,fraction_ge_0.200,0.01450456,30680,445,780,35,745,410,29490,0.044872,0.078652,0.057143,202,31,0.153465,483,40,0.082816
thunderbird,b25e,4,100,256,NONE,EXPECTED_INVERSE_DEPTH,0.0200,0.02679270,2.0000,true,0.97593486,0.69997450,count_ge_1,0.19934811,30680,6116,822,257,565,5859,23999,0.312652,0.042021,0.074085,449,119,0.265033,628,255,0.406051
thunderbird,b25e,4,100,256,NONE,EXPECTED_INVERSE_DEPTH,0.0200,0.02679270,2.0000,true,0.97593486,0.69997450,count_ge_10,0.17685789,30680,5426,822,214,608,5212,24646,0.260341,0.039440,0.068502,157,64,0.407643,628,193,0.307325
thunderbird,b25e,4,100,256,NONE,EXPECTED_INVERSE_DEPTH,0.0200,0.02679270,2.0000,true,0.97593486,0.69997450,count_ge_100,0.01923077,30680,590,822,57,765,533,29325,0.069343,0.096610,0.080737,25,9,0.360000,628,47,0.074841
thunderbird,b25e,4,100,256,NONE,EXPECTED_INVERSE_DEPTH,0.0200,0.02679270,2.0000,true,0.97593486,0.69997450,count_ge_200,0.00475880,30680,146,822,28,794,118,29740,0.034063,0.191781,0.057851,6,2,0.333333,628,26,0.041401
thunderbird,b25e,4,100,256,NONE,EXPECTED_INVERSE_DEPTH,0.0200,0.02679270,2.0000,true,0.97593486,0.69997450,fraction_ge_0.200,0.01450456,30680,445,822,39,783,406,29452,0.047445,0.087640,0.061563,202,39,0.193069,628,50,0.079618
thunderbird,b25e,4,100,256,NONE,EXPECTED_INVERSE_DEPTH,0.0200,0.03174707,2.0000,false,0.97601735,0.69997450,count_ge_1,0.19934811,30680,6116,974,297,677,5819,23887,0.304928,0.048561,0.083780,449,126,0.280624,607,248,0.408567
thunderbird,b25e,4,100,256,NONE,EXPECTED_INVERSE_DEPTH,0.0200,0.03174707,2.0000,false,0.97601735,0.69997450,count_ge_10,0.17685789,30680,5426,974,245,729,5181,24525,0.251540,0.045153,0.076562,157,64,0.407643,607,184,0.303130
thunderbird,b25e,4,100,256,NONE,EXPECTED_INVERSE_DEPTH,0.0200,0.03174707,2.0000,false,0.97601735,0.69997450,count_ge_100,0.01923077,30680,590,974,61,913,529,29177,0.062628,0.103390,0.078005,25,9,0.360000,607,46,0.075783
thunderbird,b25e,4,100,256,NONE,EXPECTED_INVERSE_DEPTH,0.0200,0.03174707,2.0000,false,0.97601735,0.69997450,count_ge_200,0.00475880,30680,146,974,28,946,118,29588,0.028747,0.191781,0.050000,6,2,0.333333,607,26,0.042834
thunderbird,b25e,4,100,256,NONE,EXPECTED_INVERSE_DEPTH,0.0200,0.03174707,2.0000,false,0.97601735,0.69997450,fraction_ge_0.200,0.01450456,30680,445,974,40,934,405,29301,0.041068,0.089888,0.056378,202,39,0.193069,607,50,0.082372
